[0m17:47:22.905280 [debug] [MainThread]: Sending event: {'category': 'dbt', 'action': 'invocation', 'label': 'start', 'context': [<snowplow_tracker.self_describing_json.SelfDescribingJson object at 0x7b5230a33230>, <snowplow_tracker.self_describing_json.SelfDescribingJson object at 0x7b5231815a00>, <snowplow_tracker.self_describing_json.SelfDescribingJson object at 0x7b5232869f40>]}


============================== 17:47:22.907366 | bd12bce6-60bd-48bf-9582-12da5a399c95 ==============================
[0m17:47:22.907366 [info ] [MainThread]: Running with dbt=1.11.7
[0m17:47:22.907636 [debug] [MainThread]: running dbt with arguments {'warn_error': 'None', 'debug': 'False', 'cache_selected_only': 'False', 'profiles_dir': '/home/zp/work/guoji-agent/dbt_liuxue', 'partial_parse': 'True', 'invocation_command': 'dbt debug', 'log_format': 'default', 'target_path': 'None', 'no_print': 'None', 'warn_error_options': 'WarnErrorOptionsV2(error=[], warn=[], silence=[])', 'log_cache_events': 'False', 'empty': 'None', 'static_parser': 'True', 'write_json': 'True', 'quiet': 'False', 'send_anonymous_usage_stats': 'True', 'log_path': '/home/zp/work/guoji-agent/dbt_liuxue/logs', 'use_colors': 'True', 'use_experimental_parser': 'False', 'fail_fast': 'False', 'version_check': 'True', 'printer_width': '80', 'introspect': 'True', 'indirect_selection': 'eager'}
[0m17:47:22.915137 [info ] [MainThread]: dbt version: 1.11.7
[0m17:47:22.915370 [info ] [MainThread]: python version: 3.12.7
[0m17:47:22.915530 [info ] [MainThread]: python path: /home/zp/anaconda3/bin/python
[0m17:47:22.915683 [info ] [MainThread]: os info: Linux-6.5.0-44-generic-x86_64-with-glibc2.39
[0m17:47:22.940190 [info ] [MainThread]: Using profiles dir at /home/zp/work/guoji-agent/dbt_liuxue
[0m17:47:22.940452 [info ] [MainThread]: Using profiles.yml file at /home/zp/work/guoji-agent/dbt_liuxue/profiles.yml
[0m17:47:22.940615 [info ] [MainThread]: Using dbt_project.yml file at /home/zp/work/guoji-agent/dbt_liuxue/dbt_project.yml
[0m17:47:22.940941 [info ] [MainThread]: adapter type: postgres
[0m17:47:22.941095 [info ] [MainThread]: adapter version: 1.10.0
[0m17:47:23.002442 [info ] [MainThread]: Configuration:
[0m17:47:23.002704 [info ] [MainThread]:   profiles.yml file [[32mOK found and valid[0m]
[0m17:47:23.002871 [info ] [MainThread]:   dbt_project.yml file [[32mOK found and valid[0m]
[0m17:47:23.003028 [info ] [MainThread]: Required dependencies:
[0m17:47:23.003195 [debug] [MainThread]: Executing "git --help"
[0m17:47:23.004383 [debug] [MainThread]: STDOUT: "b"\xe7\x94\xa8\xe6\xb3\x95\xef\xbc\x9agit [-v | --version] [-h | --help] [-C <path>] [-c <name>=<value>]\n           [--exec-path[=<path>]] [--html-path] [--man-path] [--info-path]\n           [-p | --paginate | -P | --no-pager] [--no-replace-objects] [--bare]\n           [--git-dir=<path>] [--work-tree=<path>] [--namespace=<name>]\n           [--config-env=<name>=<envvar>] <command> [<args>]\n\n\xe8\xbf\x99\xe4\xba\x9b\xe6\x98\xaf\xe5\x90\x84\xe7\xa7\x8d\xe5\x9c\xba\xe5\x90\x88\xe5\xb8\xb8\xe8\xa7\x81\xe7\x9a\x84 Git \xe5\x91\xbd\xe4\xbb\xa4\xef\xbc\x9a\n\n\xe5\xbc\x80\xe5\xa7\x8b\xe4\xb8\x80\xe4\xb8\xaa\xe5\xb7\xa5\xe4\xbd\x9c\xe5\x8c\xba\xef\xbc\x88\xe5\x8f\x82\xe8\xa7\x81\xef\xbc\x9agit help tutorial\xef\xbc\x89\n   clone     \xe5\x85\x8b\xe9\x9a\x86\xe4\xbb\x93\xe5\xba\x93\xe5\x88\xb0\xe4\xb8\x80\xe4\xb8\xaa\xe6\x96\xb0\xe7\x9b\xae\xe5\xbd\x95\n   init      \xe5\x88\x9b\xe5\xbb\xba\xe4\xb8\x80\xe4\xb8\xaa\xe7\xa9\xba\xe7\x9a\x84 Git \xe4\xbb\x93\xe5\xba\x93\xe6\x88\x96\xe9\x87\x8d\xe6\x96\xb0\xe5\x88\x9d\xe5\xa7\x8b\xe5\x8c\x96\xe4\xb8\x80\xe4\xb8\xaa\xe5\xb7\xb2\xe5\xad\x98\xe5\x9c\xa8\xe7\x9a\x84\xe4\xbb\x93\xe5\xba\x93\n\n\xe5\x9c\xa8\xe5\xbd\x93\xe5\x89\x8d\xe5\x8f\x98\xe6\x9b\xb4\xe4\xb8\x8a\xe5\xb7\xa5\xe4\xbd\x9c\xef\xbc\x88\xe5\x8f\x82\xe8\xa7\x81\xef\xbc\x9agit help everyday\xef\xbc\x89\n   add       \xe6\xb7\xbb\xe5\x8a\xa0\xe6\x96\x87\xe4\xbb\xb6\xe5\x86\x85\xe5\xae\xb9\xe8\x87\xb3\xe7\xb4\xa2\xe5\xbc\x95\n   mv        \xe7\xa7\xbb\xe5\x8a\xa8\xe6\x88\x96\xe9\x87\x8d\xe5\x91\xbd\xe5\x90\x8d\xe4\xb8\x80\xe4\xb8\xaa\xe6\x96\x87\xe4\xbb\xb6\xe3\x80\x81\xe7\x9b\xae\xe5\xbd\x95\xe6\x88\x96\xe7\xac\xa6\xe5\x8f\xb7\xe9\x93\xbe\xe6\x8e\xa5\n   restore   \xe6\x81\xa2\xe5\xa4\x8d\xe5\xb7\xa5\xe4\xbd\x9c\xe5\x8c\xba\xe6\x96\x87\xe4\xbb\xb6\n   rm        \xe4\xbb\x8e\xe5\xb7\xa5\xe4\xbd\x9c\xe5\x8c\xba\xe5\x92\x8c\xe7\xb4\xa2\xe5\xbc\x95\xe4\xb8\xad\xe5\x88\xa0\xe9\x99\xa4\xe6\x96\x87\xe4\xbb\xb6\n\n\xe6\xa3\x80\xe6\x9f\xa5\xe5\x8e\x86\xe5\x8f\xb2\xe5\x92\x8c\xe7\x8a\xb6\xe6\x80\x81\xef\xbc\x88\xe5\x8f\x82\xe8\xa7\x81\xef\xbc\x9agit help revisions\xef\xbc\x89\n   bisect    \xe9\x80\x9a\xe8\xbf\x87\xe4\xba\x8c\xe5\x88\x86\xe6\x9f\xa5\xe6\x89\xbe\xe5\xae\x9a\xe4\xbd\x8d\xe5\xbc\x95\xe5\x85\xa5 bug \xe7\x9a\x84\xe6\x8f\x90\xe4\xba\xa4\n   diff      \xe6\x98\xbe\xe7\xa4\xba\xe6\x8f\x90\xe4\xba\xa4\xe4\xb9\x8b\xe9\x97\xb4\xe3\x80\x81\xe6\x8f\x90\xe4\xba\xa4\xe5\x92\x8c\xe5\xb7\xa5\xe4\xbd\x9c\xe5\x8c\xba\xe4\xb9\x8b\xe9\x97\xb4\xe7\xad\x89\xe7\x9a\x84\xe5\xb7\xae\xe5\xbc\x82\n   grep      \xe8\xbe\x93\xe5\x87\xba\xe5\x92\x8c\xe6\xa8\xa1\xe5\xbc\x8f\xe5\x8c\xb9\xe9\x85\x8d\xe7\x9a\x84\xe8\xa1\x8c\n   log       \xe6\x98\xbe\xe7\xa4\xba\xe6\x8f\x90\xe4\xba\xa4\xe6\x97\xa5\xe5\xbf\x97\n   show      \xe6\x98\xbe\xe7\xa4\xba\xe5\x90\x84\xe7\xa7\x8d\xe7\xb1\xbb\xe5\x9e\x8b\xe7\x9a\x84\xe5\xaf\xb9\xe8\xb1\xa1\n   status    \xe6\x98\xbe\xe7\xa4\xba\xe5\xb7\xa5\xe4\xbd\x9c\xe5\x8c\xba\xe7\x8a\xb6\xe6\x80\x81\n\n\xe6\x89\xa9\xe5\xb1\x95\xe3\x80\x81\xe6\xa0\x87\xe8\xae\xb0\xe5\x92\x8c\xe8\xb0\x83\xe6\xa0\xa1\xe6\x82\xa8\xe7\x9a\x84\xe5\x8e\x86\xe5\x8f\xb2\xe8\xae\xb0\xe5\xbd\x95\n   branch    \xe5\x88\x97\xe5\x87\xba\xe3\x80\x81\xe5\x88\x9b\xe5\xbb\xba\xe6\x88\x96\xe5\x88\xa0\xe9\x99\xa4\xe5\x88\x86\xe6\x94\xaf\n   commit    \xe8\xae\xb0\xe5\xbd\x95\xe5\x8f\x98\xe6\x9b\xb4\xe5\x88\xb0\xe4\xbb\x93\xe5\xba\x93\n   merge     \xe5\x90\x88\xe5\xb9\xb6\xe4\xb8\xa4\xe4\xb8\xaa\xe6\x88\x96\xe6\x9b\xb4\xe5\xa4\x9a\xe5\xbc\x80\xe5\x8f\x91\xe5\x8e\x86\xe5\x8f\xb2\n   rebase    \xe5\x9c\xa8\xe5\x8f\xa6\xe4\xb8\x80\xe4\xb8\xaa\xe5\x88\x86\xe6\x94\xaf\xe4\xb8\x8a\xe9\x87\x8d\xe6\x96\xb0\xe5\xba\x94\xe7\x94\xa8\xe6\x8f\x90\xe4\xba\xa4\n   reset     \xe9\x87\x8d\xe7\xbd\xae\xe5\xbd\x93\xe5\x89\x8d HEAD \xe5\x88\xb0\xe6\x8c\x87\xe5\xae\x9a\xe7\x8a\xb6\xe6\x80\x81\n   switch    \xe5\x88\x87\xe6\x8d\xa2\xe5\x88\x86\xe6\x94\xaf\n   tag       \xe5\x88\x9b\xe5\xbb\xba\xe3\x80\x81\xe5\x88\x97\xe5\x87\xba\xe3\x80\x81\xe5\x88\xa0\xe9\x99\xa4\xe6\x88\x96\xe6\xa0\xa1\xe9\xaa\x8c\xe4\xb8\x80\xe4\xb8\xaa GPG \xe7\xad\xbe\xe5\x90\x8d\xe7\x9a\x84\xe6\xa0\x87\xe7\xad\xbe\xe5\xaf\xb9\xe8\xb1\xa1\n\n\xe5\x8d\x8f\xe5\x90\x8c\xef\xbc\x88\xe5\x8f\x82\xe8\xa7\x81\xef\xbc\x9agit help workflows\xef\xbc\x89\n   fetch     \xe4\xbb\x8e\xe5\x8f\xa6\xe5\xa4\x96\xe4\xb8\x80\xe4\xb8\xaa\xe4\xbb\x93\xe5\xba\x93\xe4\xb8\x8b\xe8\xbd\xbd\xe5\xaf\xb9\xe8\xb1\xa1\xe5\x92\x8c\xe5\xbc\x95\xe7\x94\xa8\n   pull      \xe8\x8e\xb7\xe5\x8f\x96\xe5\xb9\xb6\xe6\x95\xb4\xe5\x90\x88\xe5\x8f\xa6\xe5\xa4\x96\xe7\x9a\x84\xe4\xbb\x93\xe5\xba\x93\xe6\x88\x96\xe4\xb8\x80\xe4\xb8\xaa\xe6\x9c\xac\xe5\x9c\xb0\xe5\x88\x86\xe6\x94\xaf\n   push      \xe6\x9b\xb4\xe6\x96\xb0\xe8\xbf\x9c\xe7\xa8\x8b\xe5\xbc\x95\xe7\x94\xa8\xe5\x92\x8c\xe7\x9b\xb8\xe5\x85\xb3\xe7\x9a\x84\xe5\xaf\xb9\xe8\xb1\xa1\n\n\xe5\x91\xbd\xe4\xbb\xa4 'git help -a' \xe5\x92\x8c 'git help -g' \xe6\x98\xbe\xe7\xa4\xba\xe5\x8f\xaf\xe7\x94\xa8\xe7\x9a\x84\xe5\xad\x90\xe5\x91\xbd\xe4\xbb\xa4\xe5\x92\x8c\xe4\xb8\x80\xe4\xba\x9b\xe6\xa6\x82\xe5\xbf\xb5\xe5\xb8\xae\xe5\x8a\xa9\xe3\x80\x82\n\xe6\x9f\xa5\xe7\x9c\x8b 'git help <\xe5\x91\xbd\xe4\xbb\xa4>' \xe6\x88\x96 'git help <\xe6\xa6\x82\xe5\xbf\xb5>' \xe4\xbb\xa5\xe8\x8e\xb7\xe5\x8f\x96\xe7\xbb\x99\xe5\xae\x9a\xe5\xad\x90\xe5\x91\xbd\xe4\xbb\xa4\xe6\x88\x96\xe6\xa6\x82\xe5\xbf\xb5\xe7\x9a\x84\n\xe5\xb8\xae\xe5\x8a\xa9\xe3\x80\x82\n\xe6\x9c\x89\xe5\x85\xb3\xe7\xb3\xbb\xe7\xbb\x9f\xe7\x9a\x84\xe6\xa6\x82\xe8\xbf\xb0\xef\xbc\x8c\xe6\x9f\xa5\xe7\x9c\x8b 'git help git'\xe3\x80\x82\n""
[0m17:47:23.004693 [debug] [MainThread]: STDERR: "b''"
[0m17:47:23.004852 [info ] [MainThread]:  - git [[32mOK found[0m]

[0m17:47:23.005014 [info ] [MainThread]: Connection:
[0m17:47:23.005173 [info ] [MainThread]:   host: localhost
[0m17:47:23.005321 [info ] [MainThread]:   port: 5432
[0m17:47:23.005456 [info ] [MainThread]:   user: postgres
[0m17:47:23.005591 [info ] [MainThread]:   database: warehouse
[0m17:47:23.005728 [info ] [MainThread]:   schema: public
[0m17:47:23.005863 [info ] [MainThread]:   connect_timeout: 10
[0m17:47:23.006000 [info ] [MainThread]:   role: None
[0m17:47:23.006132 [info ] [MainThread]:   search_path: None
[0m17:47:23.006264 [info ] [MainThread]:   keepalives_idle: 0
[0m17:47:23.006395 [info ] [MainThread]:   sslmode: None
[0m17:47:23.006524 [info ] [MainThread]:   sslcert: None
[0m17:47:23.006657 [info ] [MainThread]:   sslkey: None
[0m17:47:23.006788 [info ] [MainThread]:   sslrootcert: None
[0m17:47:23.006923 [info ] [MainThread]:   application_name: dbt
[0m17:47:23.007052 [info ] [MainThread]:   retries: 1
[0m17:47:23.007261 [info ] [MainThread]: Registered adapter: postgres=1.10.0
[0m17:47:23.032256 [debug] [MainThread]: Acquiring new postgres connection 'debug'
[0m17:47:23.043122 [debug] [MainThread]: Using postgres connection "debug"
[0m17:47:23.043345 [debug] [MainThread]: On debug: select 1 as id
[0m17:47:23.043498 [debug] [MainThread]: Opening a new connection, currently in state init
[0m17:47:23.047746 [debug] [MainThread]: SQL status: SELECT 1 in 0.004 seconds
[0m17:47:23.048230 [debug] [MainThread]: On debug: Close
[0m17:47:23.048464 [info ] [MainThread]:   Connection test: [[32mOK connection ok[0m]

[0m17:47:23.048640 [info ] [MainThread]: [32mAll checks passed![0m
[0m17:47:23.049092 [debug] [MainThread]: Resource report: {"command_name": "debug", "command_success": true, "command_wall_clock_time": 0.17861749, "process_in_blocks": "27368", "process_kernel_time": 0.094675, "process_mem_max_rss": "118144", "process_out_blocks": "32", "process_user_time": 0.800794}
[0m17:47:23.049363 [debug] [MainThread]: Command `dbt debug` succeeded at 17:47:23.049316 after 0.18 seconds
[0m17:47:23.049536 [debug] [MainThread]: Connection 'debug' was properly closed.
[0m17:47:23.049715 [debug] [MainThread]: Sending event: {'category': 'dbt', 'action': 'invocation', 'label': 'end', 'context': [<snowplow_tracker.self_describing_json.SelfDescribingJson object at 0x7b52308db3b0>, <snowplow_tracker.self_describing_json.SelfDescribingJson object at 0x7b5231305820>, <snowplow_tracker.self_describing_json.SelfDescribingJson object at 0x7b52317e9d90>]}
[0m17:47:23.049925 [debug] [MainThread]: Flushing usage events
[0m17:47:25.417350 [debug] [MainThread]: An error was encountered while trying to flush usage events
[0m17:47:26.284705 [debug] [MainThread]: Sending event: {'category': 'dbt', 'action': 'invocation', 'label': 'start', 'context': [<snowplow_tracker.self_describing_json.SelfDescribingJson object at 0x7829d4646bd0>, <snowplow_tracker.self_describing_json.SelfDescribingJson object at 0x7829d47ca300>, <snowplow_tracker.self_describing_json.SelfDescribingJson object at 0x7829d42c8fe0>]}


============================== 17:47:26.286304 | 83e7c749-208b-4b6a-9162-c9a791f9be85 ==============================
[0m17:47:26.286304 [info ] [MainThread]: Running with dbt=1.11.7
[0m17:47:26.286573 [debug] [MainThread]: running dbt with arguments {'partial_parse': 'True', 'indirect_selection': 'eager', 'static_parser': 'True', 'empty': 'False', 'profiles_dir': '/home/zp/work/guoji-agent/dbt_liuxue', 'write_json': 'True', 'debug': 'False', 'printer_width': '80', 'log_cache_events': 'False', 'warn_error': 'None', 'introspect': 'True', 'invocation_command': 'dbt run', 'version_check': 'True', 'cache_selected_only': 'False', 'fail_fast': 'False', 'target_path': 'None', 'send_anonymous_usage_stats': 'True', 'use_colors': 'True', 'log_path': '/home/zp/work/guoji-agent/dbt_liuxue/logs', 'use_experimental_parser': 'False', 'quiet': 'False', 'warn_error_options': 'WarnErrorOptionsV2(error=[], warn=[], silence=[])', 'log_format': 'default', 'no_print': 'None'}
[0m17:47:26.398729 [debug] [MainThread]: Sending event: {'category': 'dbt', 'action': 'project_id', 'label': '83e7c749-208b-4b6a-9162-c9a791f9be85', 'context': [<snowplow_tracker.self_describing_json.SelfDescribingJson object at 0x7829d3f9f710>]}
[0m17:47:26.439645 [debug] [MainThread]: Sending event: {'category': 'dbt', 'action': 'adapter_info', 'label': '83e7c749-208b-4b6a-9162-c9a791f9be85', 'context': [<snowplow_tracker.self_describing_json.SelfDescribingJson object at 0x7829d4b2d730>]}
[0m17:47:26.440122 [info ] [MainThread]: Registered adapter: postgres=1.10.0
[0m17:47:26.466982 [debug] [MainThread]: checksum: b80718358155fc17c3559352095564dd56ada1cc1a1c0ef2e62c857e71583775, vars: {}, profile: , target: , version: 1.11.7
[0m17:47:26.467299 [info ] [MainThread]: Unable to do partial parsing because saved manifest not found. Starting full parse.
[0m17:47:26.467485 [debug] [MainThread]: Sending event: {'category': 'dbt', 'action': 'partial_parser', 'label': '83e7c749-208b-4b6a-9162-c9a791f9be85', 'context': [<snowplow_tracker.self_describing_json.SelfDescribingJson object at 0x7829d3fb70b0>]}
[0m17:47:27.007198 [debug] [MainThread]: Sending event: {'category': 'dbt', 'action': 'load_project', 'label': '83e7c749-208b-4b6a-9162-c9a791f9be85', 'context': [<snowplow_tracker.self_describing_json.SelfDescribingJson object at 0x7829d29fb530>]}
[0m17:47:27.035988 [debug] [MainThread]: Wrote artifact WritableManifest to /home/zp/work/guoji-agent/dbt_liuxue/target/manifest.json
[0m17:47:27.038690 [debug] [MainThread]: Wrote artifact SemanticManifest to /home/zp/work/guoji-agent/dbt_liuxue/target/semantic_manifest.json
[0m17:47:27.046238 [debug] [MainThread]: Sending event: {'category': 'dbt', 'action': 'resource_counts', 'label': '83e7c749-208b-4b6a-9162-c9a791f9be85', 'context': [<snowplow_tracker.self_describing_json.SelfDescribingJson object at 0x7829d1d62d50>]}
[0m17:47:27.046488 [info ] [MainThread]: Found 11 models, 1 source, 465 macros
[0m17:47:27.046670 [debug] [MainThread]: Sending event: {'category': 'dbt', 'action': 'runnable_timing', 'label': '83e7c749-208b-4b6a-9162-c9a791f9be85', 'context': [<snowplow_tracker.self_describing_json.SelfDescribingJson object at 0x7829d1d780b0>]}
[0m17:47:27.047660 [info ] [MainThread]: 
[0m17:47:27.047872 [info ] [MainThread]: Concurrency: 2 threads (target='local')
[0m17:47:27.048036 [info ] [MainThread]: 
[0m17:47:27.048270 [debug] [MainThread]: Acquiring new postgres connection 'master'
[0m17:47:27.050289 [debug] [ThreadPool]: Acquiring new postgres connection 'list_warehouse'
[0m17:47:27.062233 [debug] [ThreadPool]: Using postgres connection "list_warehouse"
[0m17:47:27.062436 [debug] [ThreadPool]: On list_warehouse: /* {"app": "dbt", "dbt_version": "1.11.7", "profile_name": "liuxue", "target_name": "local", "connection_name": "list_warehouse"} */

    select distinct nspname from pg_namespace
  
[0m17:47:27.062598 [debug] [ThreadPool]: Opening a new connection, currently in state init
[0m17:47:27.067313 [debug] [ThreadPool]: SQL status: SELECT 5 in 0.005 seconds
[0m17:47:27.067926 [debug] [ThreadPool]: On list_warehouse: Close
[0m17:47:27.068806 [debug] [ThreadPool]: Re-using an available connection from the pool (formerly list_warehouse, now list_warehouse_public)
[0m17:47:27.071390 [debug] [ThreadPool]: Using postgres connection "list_warehouse_public"
[0m17:47:27.071611 [debug] [ThreadPool]: On list_warehouse_public: /* {"app": "dbt", "dbt_version": "1.11.7", "profile_name": "liuxue", "target_name": "local", "connection_name": "list_warehouse_public"} */
select
      'warehouse' as database,
      tablename as name,
      schemaname as schema,
      'table' as type
    from pg_tables
    where schemaname ilike 'public'
    union all
    select
      'warehouse' as database,
      viewname as name,
      schemaname as schema,
      'view' as type
    from pg_views
    where schemaname ilike 'public'
    union all
    select
      'warehouse' as database,
      matviewname as name,
      schemaname as schema,
      'materialized_view' as type
    from pg_matviews
    where schemaname ilike 'public'
  
[0m17:47:27.071848 [debug] [ThreadPool]: Opening a new connection, currently in state closed
[0m17:47:27.076617 [debug] [ThreadPool]: SQL status: SELECT 0 in 0.005 seconds
[0m17:47:27.077224 [debug] [ThreadPool]: On list_warehouse_public: ROLLBACK
[0m17:47:27.077528 [debug] [ThreadPool]: On list_warehouse_public: Close
[0m17:47:27.080435 [debug] [MainThread]: Using postgres connection "master"
[0m17:47:27.080695 [debug] [MainThread]: On master: /* {"app": "dbt", "dbt_version": "1.11.7", "profile_name": "liuxue", "target_name": "local", "connection_name": "master"} */
select distinct
        dependent_namespace.nspname as dependent_schema,
        dependent_class.relname as dependent_name,
        referenced_namespace.nspname as referenced_schema,
        referenced_class.relname as referenced_name

    -- Query for views: views are entries in pg_class with an entry in pg_rewrite, but we avoid
    -- a seq scan on pg_rewrite by leveraging the fact there is an "internal" row in pg_depend for
    -- the view...
    from pg_class as dependent_class
    join pg_namespace as dependent_namespace on dependent_namespace.oid = dependent_class.relnamespace
    join pg_depend as dependent_depend on dependent_depend.refobjid = dependent_class.oid
        and dependent_depend.classid = 'pg_rewrite'::regclass
        and dependent_depend.refclassid = 'pg_class'::regclass
        and dependent_depend.deptype = 'i'

    -- ... and via pg_depend (that has a row per column, hence the need for "distinct" above, and
    -- making sure to exclude the internal row to avoid a view appearing to depend on itself)...
    join pg_depend as joining_depend on joining_depend.objid = dependent_depend.objid
        and joining_depend.classid = 'pg_rewrite'::regclass
        and joining_depend.refclassid = 'pg_class'::regclass
        and joining_depend.refobjid != dependent_depend.refobjid

    -- ... we can find the tables they query from in pg_class, but excluding system tables. Note we
    -- don't need need to exclude _dependent_ system tables, because they only query from other
    -- system tables, and so are automatically excluded by excluding _referenced_ system tables
    join pg_class as referenced_class on referenced_class.oid = joining_depend.refobjid
    join pg_namespace as referenced_namespace on referenced_namespace.oid = referenced_class.relnamespace
        and referenced_namespace.nspname != 'information_schema'
        and referenced_namespace.nspname not like 'pg\_%'

    order by
        dependent_schema, dependent_name, referenced_schema, referenced_name;
[0m17:47:27.080914 [debug] [MainThread]: Opening a new connection, currently in state init
[0m17:47:27.085301 [debug] [MainThread]: SQL status: SELECT 0 in 0.004 seconds
[0m17:47:27.085886 [debug] [MainThread]: Sending event: {'category': 'dbt', 'action': 'runnable_timing', 'label': '83e7c749-208b-4b6a-9162-c9a791f9be85', 'context': [<snowplow_tracker.self_describing_json.SelfDescribingJson object at 0x7829d215d7c0>]}
[0m17:47:27.086126 [debug] [MainThread]: On master: ROLLBACK
[0m17:47:27.086335 [debug] [MainThread]: On master: COMMIT
[0m17:47:27.086500 [debug] [MainThread]: Using postgres connection "master"
[0m17:47:27.086658 [debug] [MainThread]: On master: COMMIT
[0m17:47:27.086852 [debug] [MainThread]: SQL status: COMMIT in 0.000 seconds
[0m17:47:27.087010 [debug] [MainThread]: On master: Close
[0m17:47:27.088727 [debug] [Thread-1 (]: Began running node model.liuxue_warehouse.stg_gradcafe_admissions
[0m17:47:27.089025 [debug] [Thread-2 (]: Began running node model.liuxue_warehouse.stg_school_info
[0m17:47:27.089332 [info ] [Thread-1 (]: 1 of 11 START sql view model public.stg_gradcafe_admissions .................... [RUN]
[0m17:47:27.089915 [debug] [Thread-1 (]: Re-using an available connection from the pool (formerly list_warehouse_public, now model.liuxue_warehouse.stg_gradcafe_admissions)
[0m17:47:27.089692 [info ] [Thread-2 (]: 2 of 11 START sql view model public.stg_school_info ............................ [RUN]
[0m17:47:27.090218 [debug] [Thread-1 (]: Began compiling node model.liuxue_warehouse.stg_gradcafe_admissions
[0m17:47:27.090520 [debug] [Thread-2 (]: Acquiring new postgres connection 'model.liuxue_warehouse.stg_school_info'
[0m17:47:27.094489 [debug] [Thread-1 (]: Writing injected SQL for node "model.liuxue_warehouse.stg_gradcafe_admissions"
[0m17:47:27.094858 [debug] [Thread-2 (]: Began compiling node model.liuxue_warehouse.stg_school_info
[0m17:47:27.096310 [debug] [Thread-2 (]: Writing injected SQL for node "model.liuxue_warehouse.stg_school_info"
[0m17:47:27.096972 [debug] [Thread-2 (]: Began executing node model.liuxue_warehouse.stg_school_info
[0m17:47:27.097407 [debug] [Thread-1 (]: Began executing node model.liuxue_warehouse.stg_gradcafe_admissions
[0m17:47:27.151355 [debug] [Thread-2 (]: Writing runtime sql for node "model.liuxue_warehouse.stg_school_info"
[0m17:47:27.152203 [debug] [Thread-1 (]: Writing runtime sql for node "model.liuxue_warehouse.stg_gradcafe_admissions"
[0m17:47:27.152639 [debug] [Thread-2 (]: Using postgres connection "model.liuxue_warehouse.stg_school_info"
[0m17:47:27.152873 [debug] [Thread-1 (]: Using postgres connection "model.liuxue_warehouse.stg_gradcafe_admissions"
[0m17:47:27.153078 [debug] [Thread-2 (]: On model.liuxue_warehouse.stg_school_info: /* {"app": "dbt", "dbt_version": "1.11.7", "profile_name": "liuxue", "target_name": "local", "node_id": "model.liuxue_warehouse.stg_school_info"} */

  create view "warehouse"."public"."stg_school_info__dbt_tmp"
    
    
  as (
    -- 从录取数据中提取学校标准化名称
-- 注：完整的大学信息（排名/国家/官网）通过 sync_rankings.py 单独采集
WITH distinct_schools AS (
    SELECT DISTINCT
        school,
        '' AS country,
        NULL::integer AS qs_rank,
        NULL::integer AS usnews_rank
    FROM raw.gradcafe_admissions
    WHERE school IS NOT NULL
)
SELECT
    ROW_NUMBER() OVER () AS school_id,
    school,
    country,
    qs_rank,
    usnews_rank
FROM distinct_schools
  );
[0m17:47:27.153313 [debug] [Thread-1 (]: On model.liuxue_warehouse.stg_gradcafe_admissions: /* {"app": "dbt", "dbt_version": "1.11.7", "profile_name": "liuxue", "target_name": "local", "node_id": "model.liuxue_warehouse.stg_gradcafe_admissions"} */

  create view "warehouse"."public"."stg_gradcafe_admissions__dbt_tmp"
    
    
  as (
    -- 清洗 GradCafe 原始数据：类型转换、过滤无效记录
WITH cleaned AS (
    SELECT
        id,
        school,
        program,
        -- 推断学位层级
        CASE
            WHEN program ILIKE '%phd%' OR program ILIKE '%doctor%' THEN 'PhD'
            WHEN program ILIKE '%master%' OR program ILIKE '%ms %' OR program ILIKE '%m.eng%'
                OR program ILIKE '%mba%' OR program ILIKE '%m.a.%' THEN 'Masters'
            WHEN program ILIKE '%bachelor%' OR program ILIKE '%b.s.%' OR program ILIKE '%undergrad%' THEN 'Bachelors'
            ELSE 'Other'
        END AS degree,
        season,
        year,
        nationality,
        CASE
            WHEN decision ILIKE '%accept%' THEN 'Accepted'
            WHEN decision ILIKE '%reject%' THEN 'Rejected'
            WHEN decision ILIKE '%wait%' THEN 'Waitlisted'
            WHEN decision ILIKE '%interview%' THEN 'Interview'
            ELSE 'Other'
        END AS decision,
        decision_date,
        -- GPA 范围校验
        CASE WHEN gpa > 0 AND gpa <= 4.0 THEN gpa ELSE NULL END AS gpa,
        CASE WHEN gre_q >= 130 AND gre_q <= 170 THEN gre_q ELSE NULL END AS gre_q,
        CASE WHEN gre_v >= 130 AND gre_v <= 170 THEN gre_v ELSE NULL END AS gre_v,
        CASE WHEN gre_aw >= 0 AND gre_aw <= 6.0 THEN gre_aw ELSE NULL END AS gre_aw,
        CASE WHEN toefl >= 0 AND toefl <= 120 THEN toefl ELSE NULL END AS toefl,
        comment,
        source_url,
        major_category,
        crawled_at
    FROM raw.gradcafe_admissions
    WHERE school IS NOT NULL
      AND school != ''
)
SELECT * FROM cleaned
  );
[0m17:47:27.153527 [debug] [Thread-2 (]: Opening a new connection, currently in state init
[0m17:47:27.153701 [debug] [Thread-1 (]: Opening a new connection, currently in state closed
[0m17:47:27.157240 [debug] [Thread-2 (]: SQL status: CREATE VIEW in 0.004 seconds
[0m17:47:27.160183 [debug] [Thread-2 (]: Using postgres connection "model.liuxue_warehouse.stg_school_info"
[0m17:47:27.160448 [debug] [Thread-1 (]: SQL status: CREATE VIEW in 0.007 seconds
[0m17:47:27.160663 [debug] [Thread-2 (]: On model.liuxue_warehouse.stg_school_info: /* {"app": "dbt", "dbt_version": "1.11.7", "profile_name": "liuxue", "target_name": "local", "node_id": "model.liuxue_warehouse.stg_school_info"} */
alter table "warehouse"."public"."stg_school_info__dbt_tmp" rename to "stg_school_info"
[0m17:47:27.162087 [debug] [Thread-1 (]: Using postgres connection "model.liuxue_warehouse.stg_gradcafe_admissions"
[0m17:47:27.162311 [debug] [Thread-1 (]: On model.liuxue_warehouse.stg_gradcafe_admissions: /* {"app": "dbt", "dbt_version": "1.11.7", "profile_name": "liuxue", "target_name": "local", "node_id": "model.liuxue_warehouse.stg_gradcafe_admissions"} */
alter table "warehouse"."public"."stg_gradcafe_admissions__dbt_tmp" rename to "stg_gradcafe_admissions"
[0m17:47:27.162506 [debug] [Thread-2 (]: SQL status: ALTER TABLE in 0.000 seconds
[0m17:47:27.167789 [debug] [Thread-1 (]: SQL status: ALTER TABLE in 0.005 seconds
[0m17:47:27.169857 [debug] [Thread-2 (]: On model.liuxue_warehouse.stg_school_info: COMMIT
[0m17:47:27.170591 [debug] [Thread-1 (]: On model.liuxue_warehouse.stg_gradcafe_admissions: COMMIT
[0m17:47:27.170800 [debug] [Thread-2 (]: Using postgres connection "model.liuxue_warehouse.stg_school_info"
[0m17:47:27.170997 [debug] [Thread-1 (]: Using postgres connection "model.liuxue_warehouse.stg_gradcafe_admissions"
[0m17:47:27.171182 [debug] [Thread-2 (]: On model.liuxue_warehouse.stg_school_info: COMMIT
[0m17:47:27.171364 [debug] [Thread-1 (]: On model.liuxue_warehouse.stg_gradcafe_admissions: COMMIT
[0m17:47:27.172203 [debug] [Thread-2 (]: SQL status: COMMIT in 0.001 seconds
[0m17:47:27.174850 [debug] [Thread-2 (]: Applying DROP to: "warehouse"."public"."stg_school_info__dbt_backup"
[0m17:47:27.175065 [debug] [Thread-1 (]: SQL status: COMMIT in 0.003 seconds
[0m17:47:27.177377 [debug] [Thread-2 (]: Using postgres connection "model.liuxue_warehouse.stg_school_info"
[0m17:47:27.178842 [debug] [Thread-1 (]: Applying DROP to: "warehouse"."public"."stg_gradcafe_admissions__dbt_backup"
[0m17:47:27.179055 [debug] [Thread-2 (]: On model.liuxue_warehouse.stg_school_info: /* {"app": "dbt", "dbt_version": "1.11.7", "profile_name": "liuxue", "target_name": "local", "node_id": "model.liuxue_warehouse.stg_school_info"} */
drop view if exists "warehouse"."public"."stg_school_info__dbt_backup" cascade
[0m17:47:27.179500 [debug] [Thread-1 (]: Using postgres connection "model.liuxue_warehouse.stg_gradcafe_admissions"
[0m17:47:27.179715 [debug] [Thread-1 (]: On model.liuxue_warehouse.stg_gradcafe_admissions: /* {"app": "dbt", "dbt_version": "1.11.7", "profile_name": "liuxue", "target_name": "local", "node_id": "model.liuxue_warehouse.stg_gradcafe_admissions"} */
drop view if exists "warehouse"."public"."stg_gradcafe_admissions__dbt_backup" cascade
[0m17:47:27.179912 [debug] [Thread-2 (]: SQL status: DROP VIEW in 0.000 seconds
[0m17:47:27.180987 [debug] [Thread-2 (]: On model.liuxue_warehouse.stg_school_info: Close
[0m17:47:27.181192 [debug] [Thread-1 (]: SQL status: DROP VIEW in 0.001 seconds
[0m17:47:27.181783 [debug] [Thread-1 (]: On model.liuxue_warehouse.stg_gradcafe_admissions: Close
[0m17:47:27.183088 [debug] [Thread-2 (]: Sending event: {'category': 'dbt', 'action': 'run_model', 'label': '83e7c749-208b-4b6a-9162-c9a791f9be85', 'context': [<snowplow_tracker.self_describing_json.SelfDescribingJson object at 0x7829d50d8cb0>]}
[0m17:47:27.183299 [debug] [Thread-1 (]: Sending event: {'category': 'dbt', 'action': 'run_model', 'label': '83e7c749-208b-4b6a-9162-c9a791f9be85', 'context': [<snowplow_tracker.self_describing_json.SelfDescribingJson object at 0x7829d3d021b0>]}
[0m17:47:27.183636 [info ] [Thread-2 (]: 2 of 11 OK created sql view model public.stg_school_info ....................... [[32mCREATE VIEW[0m in 0.09s]
[0m17:47:27.183982 [info ] [Thread-1 (]: 1 of 11 OK created sql view model public.stg_gradcafe_admissions ............... [[32mCREATE VIEW[0m in 0.09s]
[0m17:47:27.184276 [debug] [Thread-2 (]: Finished running node model.liuxue_warehouse.stg_school_info
[0m17:47:27.184532 [debug] [Thread-1 (]: Finished running node model.liuxue_warehouse.stg_gradcafe_admissions
[0m17:47:27.185068 [debug] [Thread-2 (]: Began running node model.liuxue_warehouse.feat_gre_impact
[0m17:47:27.185296 [info ] [Thread-2 (]: 3 of 11 START sql table model public.feat_gre_impact ........................... [RUN]
[0m17:47:27.185542 [debug] [Thread-1 (]: Began running node model.liuxue_warehouse.int_admissions_cleaned
[0m17:47:27.185746 [debug] [Thread-2 (]: Re-using an available connection from the pool (formerly model.liuxue_warehouse.stg_school_info, now model.liuxue_warehouse.feat_gre_impact)
[0m17:47:27.186069 [info ] [Thread-1 (]: 4 of 11 START sql table model public.int_admissions_cleaned .................... [RUN]
[0m17:47:27.186271 [debug] [Thread-2 (]: Began compiling node model.liuxue_warehouse.feat_gre_impact
[0m17:47:27.186501 [debug] [Thread-1 (]: Re-using an available connection from the pool (formerly model.liuxue_warehouse.stg_gradcafe_admissions, now model.liuxue_warehouse.int_admissions_cleaned)
[0m17:47:27.187699 [debug] [Thread-2 (]: Writing injected SQL for node "model.liuxue_warehouse.feat_gre_impact"
[0m17:47:27.187921 [debug] [Thread-1 (]: Began compiling node model.liuxue_warehouse.int_admissions_cleaned
[0m17:47:27.189151 [debug] [Thread-1 (]: Writing injected SQL for node "model.liuxue_warehouse.int_admissions_cleaned"
[0m17:47:27.189428 [debug] [Thread-2 (]: Began executing node model.liuxue_warehouse.feat_gre_impact
[0m17:47:27.198284 [debug] [Thread-2 (]: Writing runtime sql for node "model.liuxue_warehouse.feat_gre_impact"
[0m17:47:27.198553 [debug] [Thread-1 (]: Began executing node model.liuxue_warehouse.int_admissions_cleaned
[0m17:47:27.200129 [debug] [Thread-1 (]: Writing runtime sql for node "model.liuxue_warehouse.int_admissions_cleaned"
[0m17:47:27.200400 [debug] [Thread-2 (]: Using postgres connection "model.liuxue_warehouse.feat_gre_impact"
[0m17:47:27.200637 [debug] [Thread-2 (]: On model.liuxue_warehouse.feat_gre_impact: /* {"app": "dbt", "dbt_version": "1.11.7", "profile_name": "liuxue", "target_name": "local", "node_id": "model.liuxue_warehouse.feat_gre_impact"} */

  
    

  create  table "warehouse"."public"."feat_gre_impact__dbt_tmp"
  
  
    as
  
  (
    -- GRE 成绩对录取的影响分析
SELECT
    school, program, degree,
    gre_q_mean, gre_v_mean,
    -- 国际生录取中 GRE Q 的关键度
    ROUND(
        AVG(CASE WHEN gre_q >= 165 THEN 1.0 ELSE 0.0 END)::numeric, 2
    ) AS gre_q_high_ratio,
    -- GRE 对录取的区分度
    ROUND(
        (
            AVG(CASE WHEN decision = 'Accepted' AND gre_q IS NOT NULL THEN gre_q END) -
            AVG(CASE WHEN decision = 'Rejected' AND gre_q IS NOT NULL THEN gre_q END)
        )::numeric, 1
    ) AS gre_q_acceptance_delta,
    COUNT(*) FILTER (WHERE gre_q IS NOT NULL) AS gre_samples
FROM "warehouse"."public"."stg_gradcafe_admissions"
WHERE degree IN ('Masters', 'PhD')
  AND gre_q IS NOT NULL
GROUP BY school, program, degree, gre_q_mean, gre_v_mean
HAVING COUNT(*) FILTER (WHERE gre_q IS NOT NULL) >= 5
  );
  
[0m17:47:27.200844 [debug] [Thread-2 (]: Opening a new connection, currently in state closed
[0m17:47:27.201101 [debug] [Thread-1 (]: Using postgres connection "model.liuxue_warehouse.int_admissions_cleaned"
[0m17:47:27.201329 [debug] [Thread-1 (]: On model.liuxue_warehouse.int_admissions_cleaned: /* {"app": "dbt", "dbt_version": "1.11.7", "profile_name": "liuxue", "target_name": "local", "node_id": "model.liuxue_warehouse.int_admissions_cleaned"} */

  
    

  create  table "warehouse"."public"."int_admissions_cleaned__dbt_tmp"
  
  
    as
  
  (
    -- 中间层：录取数据按校/专业聚合，计算竞争度
WITH base AS (
    SELECT
        school, program, degree, season, year,
        nationality, decision, gpa, gre_q, gre_v, gre_aw, toefl,
        major_category
    FROM "warehouse"."public"."stg_gradcafe_admissions"
    WHERE gpa IS NOT NULL
      AND degree IN ('Masters', 'PhD', 'Bachelors')
)
SELECT
    school,
    program,
    degree,
    season,
    year,
    -- 录取统计
    COUNT(*) AS total_cases,
    SUM(CASE WHEN decision = 'Accepted' THEN 1 ELSE 0 END) AS accepted_count,
    SUM(CASE WHEN decision = 'Rejected' THEN 1 ELSE 0 END) AS rejected_count,
    ROUND(
        SUM(CASE WHEN decision = 'Accepted' THEN 1.0 ELSE 0 END) / NULLIF(COUNT(*), 0), 3
    ) AS acceptance_rate,
    -- GPA 分位数
    ROUND(AVG(gpa)::numeric, 2) AS gpa_mean,
    ROUND(PERCENTILE_CONT(0.25) WITHIN GROUP (ORDER BY gpa)::numeric, 2) AS gpa_p25,
    ROUND(PERCENTILE_CONT(0.50) WITHIN GROUP (ORDER BY gpa)::numeric, 2) AS gpa_p50,
    ROUND(PERCENTILE_CONT(0.75) WITHIN GROUP (ORDER BY gpa)::numeric, 2) AS gpa_p75,
    -- GRE 统计
    ROUND(AVG(gre_q)::numeric, 1) AS gre_q_mean,
    ROUND(AVG(gre_v)::numeric, 1) AS gre_v_mean,
    -- 国际生占比
    ROUND(
        SUM(CASE WHEN nationality = 'International' THEN 1.0 ELSE 0 END) / NULLIF(COUNT(*), 0), 3
    ) AS international_ratio,
    -- 样本量
    COUNT(*) FILTER (WHERE gpa IS NOT NULL) AS gpa_samples
FROM base
GROUP BY school, program, degree, season, year
HAVING COUNT(*) >= 5  -- 至少 5 条案例才纳入统计
  );
  
[0m17:47:27.201535 [debug] [Thread-1 (]: Opening a new connection, currently in state closed
[0m17:47:27.203592 [debug] [Thread-2 (]: Postgres adapter: Postgres error: 错误:  字段 "gre_q_mean" 不存在
LINE 15:     gre_q_mean, gre_v_mean,
             ^

[0m17:47:27.203833 [debug] [Thread-2 (]: On model.liuxue_warehouse.feat_gre_impact: ROLLBACK
[0m17:47:27.204115 [debug] [Thread-2 (]: On model.liuxue_warehouse.feat_gre_impact: Close
[0m17:47:27.206508 [debug] [Thread-1 (]: SQL status: SELECT 0 in 0.005 seconds
[0m17:47:27.209428 [debug] [Thread-1 (]: Using postgres connection "model.liuxue_warehouse.int_admissions_cleaned"
[0m17:47:27.209677 [debug] [Thread-1 (]: On model.liuxue_warehouse.int_admissions_cleaned: /* {"app": "dbt", "dbt_version": "1.11.7", "profile_name": "liuxue", "target_name": "local", "node_id": "model.liuxue_warehouse.int_admissions_cleaned"} */
alter table "warehouse"."public"."int_admissions_cleaned__dbt_tmp" rename to "int_admissions_cleaned"
[0m17:47:27.210046 [debug] [Thread-1 (]: SQL status: ALTER TABLE in 0.000 seconds
[0m17:47:27.210765 [debug] [Thread-1 (]: On model.liuxue_warehouse.int_admissions_cleaned: COMMIT
[0m17:47:27.210997 [debug] [Thread-1 (]: Using postgres connection "model.liuxue_warehouse.int_admissions_cleaned"
[0m17:47:27.211178 [debug] [Thread-1 (]: On model.liuxue_warehouse.int_admissions_cleaned: COMMIT
[0m17:47:27.212114 [debug] [Thread-2 (]: Database Error in model feat_gre_impact (models/features/feat_gre_impact.sql)
  错误:  字段 "gre_q_mean" 不存在
  LINE 15:     gre_q_mean, gre_v_mean,
               ^
  compiled code at target/run/liuxue_warehouse/models/features/feat_gre_impact.sql
[0m17:47:27.212347 [debug] [Thread-1 (]: SQL status: COMMIT in 0.001 seconds
[0m17:47:27.212574 [debug] [Thread-2 (]: Sending event: {'category': 'dbt', 'action': 'run_model', 'label': '83e7c749-208b-4b6a-9162-c9a791f9be85', 'context': [<snowplow_tracker.self_describing_json.SelfDescribingJson object at 0x7829c92ece90>]}
[0m17:47:27.213579 [debug] [Thread-1 (]: Applying DROP to: "warehouse"."public"."int_admissions_cleaned__dbt_backup"
[0m17:47:27.213902 [error] [Thread-2 (]: 3 of 11 ERROR creating sql table model public.feat_gre_impact .................. [[31mERROR[0m in 0.03s]
[0m17:47:27.215349 [debug] [Thread-1 (]: Using postgres connection "model.liuxue_warehouse.int_admissions_cleaned"
[0m17:47:27.215646 [debug] [Thread-2 (]: Finished running node model.liuxue_warehouse.feat_gre_impact
[0m17:47:27.215855 [debug] [Thread-1 (]: On model.liuxue_warehouse.int_admissions_cleaned: /* {"app": "dbt", "dbt_version": "1.11.7", "profile_name": "liuxue", "target_name": "local", "node_id": "model.liuxue_warehouse.int_admissions_cleaned"} */
drop table if exists "warehouse"."public"."int_admissions_cleaned__dbt_backup" cascade
[0m17:47:27.216072 [debug] [Thread-2 (]: Began running node model.liuxue_warehouse.mart_major_trend
[0m17:47:27.216368 [info ] [Thread-2 (]: 5 of 11 START sql table model public.mart_major_trend .......................... [RUN]
[0m17:47:27.216604 [debug] [Thread-2 (]: Re-using an available connection from the pool (formerly model.liuxue_warehouse.feat_gre_impact, now model.liuxue_warehouse.mart_major_trend)
[0m17:47:27.216793 [debug] [Thread-2 (]: Began compiling node model.liuxue_warehouse.mart_major_trend
[0m17:47:27.217939 [debug] [Thread-2 (]: Writing injected SQL for node "model.liuxue_warehouse.mart_major_trend"
[0m17:47:27.218234 [debug] [Thread-5 (]: Marking all children of 'model.liuxue_warehouse.feat_gre_impact' to be skipped because of status 'error'.  Reason: Database Error in model feat_gre_impact (models/features/feat_gre_impact.sql)
  错误:  字段 "gre_q_mean" 不存在
  LINE 15:     gre_q_mean, gre_v_mean,
               ^
  compiled code at target/run/liuxue_warehouse/models/features/feat_gre_impact.sql.
[0m17:47:27.218443 [debug] [Thread-1 (]: SQL status: DROP TABLE in 0.002 seconds
[0m17:47:27.219365 [debug] [Thread-1 (]: On model.liuxue_warehouse.int_admissions_cleaned: Close
[0m17:47:27.219588 [debug] [Thread-2 (]: Began executing node model.liuxue_warehouse.mart_major_trend
[0m17:47:27.219862 [debug] [Thread-1 (]: Sending event: {'category': 'dbt', 'action': 'run_model', 'label': '83e7c749-208b-4b6a-9162-c9a791f9be85', 'context': [<snowplow_tracker.self_describing_json.SelfDescribingJson object at 0x7829c94d6e10>]}
[0m17:47:27.221435 [debug] [Thread-2 (]: Writing runtime sql for node "model.liuxue_warehouse.mart_major_trend"
[0m17:47:27.221737 [info ] [Thread-1 (]: 4 of 11 OK created sql table model public.int_admissions_cleaned ............... [[32mSELECT 0[0m in 0.03s]
[0m17:47:27.222051 [debug] [Thread-1 (]: Finished running node model.liuxue_warehouse.int_admissions_cleaned
[0m17:47:27.222303 [debug] [Thread-2 (]: Using postgres connection "model.liuxue_warehouse.mart_major_trend"
[0m17:47:27.222524 [debug] [Thread-2 (]: On model.liuxue_warehouse.mart_major_trend: /* {"app": "dbt", "dbt_version": "1.11.7", "profile_name": "liuxue", "target_name": "local", "node_id": "model.liuxue_warehouse.mart_major_trend"} */

  
    

  create  table "warehouse"."public"."mart_major_trend__dbt_tmp"
  
  
    as
  
  (
    -- 各专业大类的录取趋势
SELECT
    major_category,
    degree,
    year,
    COUNT(*) AS total_applications,
    ROUND(AVG(gpa)::numeric, 2) AS avg_gpa,
    ROUND(AVG(gre_q)::numeric, 1) AS avg_gre_q,
    ROUND(
        SUM(CASE WHEN decision = 'Accepted' THEN 1.0 ELSE 0 END) / NULLIF(COUNT(*), 0), 3
    ) AS acceptance_rate
FROM "warehouse"."public"."stg_gradcafe_admissions"
WHERE year IS NOT NULL
  AND gpa IS NOT NULL
  AND degree IN ('Masters', 'PhD')
GROUP BY major_category, degree, year
HAVING COUNT(*) >= 20
ORDER BY major_category, degree, year DESC
  );
  
[0m17:47:27.222715 [debug] [Thread-2 (]: Opening a new connection, currently in state closed
[0m17:47:27.222983 [debug] [Thread-1 (]: Began running node model.liuxue_warehouse.feat_competition_index
[0m17:47:27.223195 [info ] [Thread-1 (]: 6 of 11 START sql table model public.feat_competition_index .................... [RUN]
[0m17:47:27.224059 [debug] [Thread-1 (]: Re-using an available connection from the pool (formerly model.liuxue_warehouse.int_admissions_cleaned, now model.liuxue_warehouse.feat_competition_index)
[0m17:47:27.224266 [debug] [Thread-1 (]: Began compiling node model.liuxue_warehouse.feat_competition_index
[0m17:47:27.225307 [debug] [Thread-1 (]: Writing injected SQL for node "model.liuxue_warehouse.feat_competition_index"
[0m17:47:27.225587 [debug] [Thread-1 (]: Began executing node model.liuxue_warehouse.feat_competition_index
[0m17:47:27.227145 [debug] [Thread-1 (]: Writing runtime sql for node "model.liuxue_warehouse.feat_competition_index"
[0m17:47:27.227410 [debug] [Thread-1 (]: Using postgres connection "model.liuxue_warehouse.feat_competition_index"
[0m17:47:27.227612 [debug] [Thread-1 (]: On model.liuxue_warehouse.feat_competition_index: /* {"app": "dbt", "dbt_version": "1.11.7", "profile_name": "liuxue", "target_name": "local", "node_id": "model.liuxue_warehouse.feat_competition_index"} */

  
    

  create  table "warehouse"."public"."feat_competition_index__dbt_tmp"
  
  
    as
  
  (
    -- 专业竞争指数：综合录取率和申请者 GPA 水平
SELECT
    school, program, degree,
    acceptance_rate,
    gpa_p50,
    international_ratio,
    total_cases,
    -- 竞争指数 (0-100): GPA 门槛越高 + 录取率越低 = 越难进
    ROUND(
        (gpa_p50 * 25 - 50) + ((1 - acceptance_rate) * 100)
    )::integer AS competition_score,
    CASE
        WHEN acceptance_rate < 0.2 AND gpa_p50 > 3.7 THEN 'S-Tier (Extremely Selective)'
        WHEN acceptance_rate < 0.35 AND gpa_p50 > 3.5 THEN 'A-Tier (Very Selective)'
        WHEN acceptance_rate < 0.5 THEN 'B-Tier (Selective)'
        ELSE 'C-Tier (Accessible)'
    END AS tier
FROM "warehouse"."public"."int_admissions_cleaned"
WHERE total_cases >= 10
  );
  
[0m17:47:27.227806 [debug] [Thread-1 (]: Opening a new connection, currently in state closed
[0m17:47:27.228041 [debug] [Thread-2 (]: SQL status: SELECT 9 in 0.005 seconds
[0m17:47:27.229401 [debug] [Thread-2 (]: Using postgres connection "model.liuxue_warehouse.mart_major_trend"
[0m17:47:27.229596 [debug] [Thread-2 (]: On model.liuxue_warehouse.mart_major_trend: /* {"app": "dbt", "dbt_version": "1.11.7", "profile_name": "liuxue", "target_name": "local", "node_id": "model.liuxue_warehouse.mart_major_trend"} */
alter table "warehouse"."public"."mart_major_trend__dbt_tmp" rename to "mart_major_trend"
[0m17:47:27.229872 [debug] [Thread-2 (]: SQL status: ALTER TABLE in 0.000 seconds
[0m17:47:27.230569 [debug] [Thread-2 (]: On model.liuxue_warehouse.mart_major_trend: COMMIT
[0m17:47:27.230767 [debug] [Thread-2 (]: Using postgres connection "model.liuxue_warehouse.mart_major_trend"
[0m17:47:27.230942 [debug] [Thread-2 (]: On model.liuxue_warehouse.mart_major_trend: COMMIT
[0m17:47:27.231139 [debug] [Thread-1 (]: SQL status: SELECT 0 in 0.003 seconds
[0m17:47:27.232532 [debug] [Thread-1 (]: Using postgres connection "model.liuxue_warehouse.feat_competition_index"
[0m17:47:27.232739 [debug] [Thread-2 (]: SQL status: COMMIT in 0.002 seconds
[0m17:47:27.232925 [debug] [Thread-1 (]: On model.liuxue_warehouse.feat_competition_index: /* {"app": "dbt", "dbt_version": "1.11.7", "profile_name": "liuxue", "target_name": "local", "node_id": "model.liuxue_warehouse.feat_competition_index"} */
alter table "warehouse"."public"."feat_competition_index__dbt_tmp" rename to "feat_competition_index"
[0m17:47:27.233931 [debug] [Thread-2 (]: Applying DROP to: "warehouse"."public"."mart_major_trend__dbt_backup"
[0m17:47:27.234364 [debug] [Thread-2 (]: Using postgres connection "model.liuxue_warehouse.mart_major_trend"
[0m17:47:27.234558 [debug] [Thread-1 (]: SQL status: ALTER TABLE in 0.000 seconds
[0m17:47:27.234745 [debug] [Thread-2 (]: On model.liuxue_warehouse.mart_major_trend: /* {"app": "dbt", "dbt_version": "1.11.7", "profile_name": "liuxue", "target_name": "local", "node_id": "model.liuxue_warehouse.mart_major_trend"} */
drop table if exists "warehouse"."public"."mart_major_trend__dbt_backup" cascade
[0m17:47:27.235449 [debug] [Thread-1 (]: On model.liuxue_warehouse.feat_competition_index: COMMIT
[0m17:47:27.235669 [debug] [Thread-1 (]: Using postgres connection "model.liuxue_warehouse.feat_competition_index"
[0m17:47:27.235856 [debug] [Thread-1 (]: On model.liuxue_warehouse.feat_competition_index: COMMIT
[0m17:47:27.236048 [debug] [Thread-2 (]: SQL status: DROP TABLE in 0.000 seconds
[0m17:47:27.236633 [debug] [Thread-2 (]: On model.liuxue_warehouse.mart_major_trend: Close
[0m17:47:27.236829 [debug] [Thread-1 (]: SQL status: COMMIT in 0.001 seconds
[0m17:47:27.237828 [debug] [Thread-1 (]: Applying DROP to: "warehouse"."public"."feat_competition_index__dbt_backup"
[0m17:47:27.238097 [debug] [Thread-2 (]: Sending event: {'category': 'dbt', 'action': 'run_model', 'label': '83e7c749-208b-4b6a-9162-c9a791f9be85', 'context': [<snowplow_tracker.self_describing_json.SelfDescribingJson object at 0x7829c93514f0>]}
[0m17:47:27.238509 [debug] [Thread-1 (]: Using postgres connection "model.liuxue_warehouse.feat_competition_index"
[0m17:47:27.238824 [info ] [Thread-2 (]: 5 of 11 OK created sql table model public.mart_major_trend ..................... [[32mSELECT 9[0m in 0.02s]
[0m17:47:27.239037 [debug] [Thread-1 (]: On model.liuxue_warehouse.feat_competition_index: /* {"app": "dbt", "dbt_version": "1.11.7", "profile_name": "liuxue", "target_name": "local", "node_id": "model.liuxue_warehouse.feat_competition_index"} */
drop table if exists "warehouse"."public"."feat_competition_index__dbt_backup" cascade
[0m17:47:27.239295 [debug] [Thread-2 (]: Finished running node model.liuxue_warehouse.mart_major_trend
[0m17:47:27.239511 [debug] [Thread-2 (]: Began running node model.liuxue_warehouse.feat_gpa_threshold
[0m17:47:27.239732 [info ] [Thread-2 (]: 7 of 11 START sql table model public.feat_gpa_threshold ........................ [RUN]
[0m17:47:27.239954 [debug] [Thread-1 (]: SQL status: DROP TABLE in 0.000 seconds
[0m17:47:27.240159 [debug] [Thread-2 (]: Re-using an available connection from the pool (formerly model.liuxue_warehouse.mart_major_trend, now model.liuxue_warehouse.feat_gpa_threshold)
[0m17:47:27.240808 [debug] [Thread-1 (]: On model.liuxue_warehouse.feat_competition_index: Close
[0m17:47:27.241003 [debug] [Thread-2 (]: Began compiling node model.liuxue_warehouse.feat_gpa_threshold
[0m17:47:27.242131 [debug] [Thread-2 (]: Writing injected SQL for node "model.liuxue_warehouse.feat_gpa_threshold"
[0m17:47:27.242406 [debug] [Thread-1 (]: Sending event: {'category': 'dbt', 'action': 'run_model', 'label': '83e7c749-208b-4b6a-9162-c9a791f9be85', 'context': [<snowplow_tracker.self_describing_json.SelfDescribingJson object at 0x7829c93a7a40>]}
[0m17:47:27.242731 [info ] [Thread-1 (]: 6 of 11 OK created sql table model public.feat_competition_index ............... [[32mSELECT 0[0m in 0.02s]
[0m17:47:27.243016 [debug] [Thread-1 (]: Finished running node model.liuxue_warehouse.feat_competition_index
[0m17:47:27.243204 [debug] [Thread-2 (]: Began executing node model.liuxue_warehouse.feat_gpa_threshold
[0m17:47:27.244837 [debug] [Thread-2 (]: Writing runtime sql for node "model.liuxue_warehouse.feat_gpa_threshold"
[0m17:47:27.245107 [debug] [Thread-2 (]: Using postgres connection "model.liuxue_warehouse.feat_gpa_threshold"
[0m17:47:27.245315 [debug] [Thread-2 (]: On model.liuxue_warehouse.feat_gpa_threshold: /* {"app": "dbt", "dbt_version": "1.11.7", "profile_name": "liuxue", "target_name": "local", "node_id": "model.liuxue_warehouse.feat_gpa_threshold"} */

  
    

  create  table "warehouse"."public"."feat_gpa_threshold__dbt_tmp"
  
  
    as
  
  (
    -- 各校各专业的 GPA 录取阈值（按学位分层）
SELECT
    school, program, degree,
    gpa_p25, gpa_p50, gpa_p75,
    acceptance_rate,
    total_cases AS sample_size,
    CASE
        WHEN acceptance_rate >= 0.7 THEN 'Low Competition'
        WHEN acceptance_rate >= 0.4 THEN 'Moderate'
        ELSE 'High Competition'
    END AS competition_level,
    -- GPA 分级建议
    CASE
        WHEN gpa_p75 >= 3.8 THEN 'Ultra Competitive'
        WHEN gpa_p50 >= 3.5 THEN 'Competitive'
        WHEN gpa_p50 >= 3.2 THEN 'Moderate'
        ELSE 'Accessible'
    END AS gpa_requirement_level
FROM "warehouse"."public"."int_admissions_cleaned"
WHERE gpa_samples >= 10  -- 至少 10 个 GPA 样本
  );
  
[0m17:47:27.245614 [debug] [Thread-2 (]: Opening a new connection, currently in state closed
[0m17:47:27.248725 [debug] [Thread-2 (]: SQL status: SELECT 0 in 0.003 seconds
[0m17:47:27.250112 [debug] [Thread-2 (]: Using postgres connection "model.liuxue_warehouse.feat_gpa_threshold"
[0m17:47:27.250316 [debug] [Thread-2 (]: On model.liuxue_warehouse.feat_gpa_threshold: /* {"app": "dbt", "dbt_version": "1.11.7", "profile_name": "liuxue", "target_name": "local", "node_id": "model.liuxue_warehouse.feat_gpa_threshold"} */
alter table "warehouse"."public"."feat_gpa_threshold__dbt_tmp" rename to "feat_gpa_threshold"
[0m17:47:27.250684 [debug] [Thread-2 (]: SQL status: ALTER TABLE in 0.000 seconds
[0m17:47:27.251364 [debug] [Thread-2 (]: On model.liuxue_warehouse.feat_gpa_threshold: COMMIT
[0m17:47:27.251559 [debug] [Thread-2 (]: Using postgres connection "model.liuxue_warehouse.feat_gpa_threshold"
[0m17:47:27.251735 [debug] [Thread-2 (]: On model.liuxue_warehouse.feat_gpa_threshold: COMMIT
[0m17:47:27.252484 [debug] [Thread-2 (]: SQL status: COMMIT in 0.001 seconds
[0m17:47:27.253434 [debug] [Thread-2 (]: Applying DROP to: "warehouse"."public"."feat_gpa_threshold__dbt_backup"
[0m17:47:27.253841 [debug] [Thread-2 (]: Using postgres connection "model.liuxue_warehouse.feat_gpa_threshold"
[0m17:47:27.254021 [debug] [Thread-2 (]: On model.liuxue_warehouse.feat_gpa_threshold: /* {"app": "dbt", "dbt_version": "1.11.7", "profile_name": "liuxue", "target_name": "local", "node_id": "model.liuxue_warehouse.feat_gpa_threshold"} */
drop table if exists "warehouse"."public"."feat_gpa_threshold__dbt_backup" cascade
[0m17:47:27.254271 [debug] [Thread-2 (]: SQL status: DROP TABLE in 0.000 seconds
[0m17:47:27.254836 [debug] [Thread-2 (]: On model.liuxue_warehouse.feat_gpa_threshold: Close
[0m17:47:27.255139 [debug] [Thread-2 (]: Sending event: {'category': 'dbt', 'action': 'run_model', 'label': '83e7c749-208b-4b6a-9162-c9a791f9be85', 'context': [<snowplow_tracker.self_describing_json.SelfDescribingJson object at 0x7829c9498c50>]}
[0m17:47:27.255438 [info ] [Thread-2 (]: 7 of 11 OK created sql table model public.feat_gpa_threshold ................... [[32mSELECT 0[0m in 0.01s]
[0m17:47:27.255705 [debug] [Thread-2 (]: Finished running node model.liuxue_warehouse.feat_gpa_threshold
[0m17:47:27.256088 [debug] [Thread-1 (]: Began running node model.liuxue_warehouse.mart_school_admission_stats
[0m17:47:27.256323 [info ] [Thread-1 (]: 8 of 11 SKIP relation public.mart_school_admission_stats ....................... [[33mSKIP[0m]
[0m17:47:27.256535 [debug] [Thread-1 (]: Finished running node model.liuxue_warehouse.mart_school_admission_stats
[0m17:47:27.256803 [debug] [Thread-2 (]: Began running node model.liuxue_warehouse.dash_admission_overview
[0m17:47:27.257006 [info ] [Thread-2 (]: 9 of 11 SKIP relation public.dash_admission_overview ........................... [[33mSKIP[0m]
[0m17:47:27.257207 [debug] [Thread-2 (]: Finished running node model.liuxue_warehouse.dash_admission_overview
[0m17:47:27.257394 [debug] [Thread-2 (]: Began running node model.liuxue_warehouse.dash_competition_heatmap
[0m17:47:27.257579 [info ] [Thread-2 (]: 10 of 11 SKIP relation public.dash_competition_heatmap ......................... [[33mSKIP[0m]
[0m17:47:27.257768 [debug] [Thread-2 (]: Finished running node model.liuxue_warehouse.dash_competition_heatmap
[0m17:47:27.257943 [debug] [Thread-2 (]: Began running node model.liuxue_warehouse.dash_top_schools
[0m17:47:27.258113 [info ] [Thread-2 (]: 11 of 11 SKIP relation public.dash_top_schools ................................. [[33mSKIP[0m]
[0m17:47:27.258298 [debug] [Thread-2 (]: Finished running node model.liuxue_warehouse.dash_top_schools
[0m17:47:27.258748 [debug] [MainThread]: On master: COMMIT
[0m17:47:27.258951 [debug] [MainThread]: Using postgres connection "master"
[0m17:47:27.259110 [debug] [MainThread]: On master: COMMIT
[0m17:47:27.259258 [debug] [MainThread]: Opening a new connection, currently in state closed
[0m17:47:27.261589 [debug] [MainThread]: SQL status: COMMIT in 0.002 seconds
[0m17:47:27.261777 [debug] [MainThread]: On master: Close
[0m17:47:27.262019 [debug] [MainThread]: Connection 'master' was properly closed.
[0m17:47:27.262175 [debug] [MainThread]: Connection 'model.liuxue_warehouse.feat_competition_index' was properly closed.
[0m17:47:27.262319 [debug] [MainThread]: Connection 'model.liuxue_warehouse.feat_gpa_threshold' was properly closed.
[0m17:47:27.262513 [info ] [MainThread]: 
[0m17:47:27.262686 [info ] [MainThread]: Finished running 9 table models, 2 view models in 0 hours 0 minutes and 0.21 seconds (0.21s).
[0m17:47:27.263318 [debug] [MainThread]: Command end result
[0m17:47:27.271883 [debug] [MainThread]: Wrote artifact WritableManifest to /home/zp/work/guoji-agent/dbt_liuxue/target/manifest.json
[0m17:47:27.272723 [debug] [MainThread]: Wrote artifact SemanticManifest to /home/zp/work/guoji-agent/dbt_liuxue/target/semantic_manifest.json
[0m17:47:27.275471 [debug] [MainThread]: Wrote artifact RunExecutionResult to /home/zp/work/guoji-agent/dbt_liuxue/target/run_results.json
[0m17:47:27.275654 [info ] [MainThread]: 
[0m17:47:27.275840 [info ] [MainThread]: [31mCompleted with 1 error, 0 partial successes, and 0 warnings:[0m
[0m17:47:27.276000 [info ] [MainThread]: 
[0m17:47:27.276186 [error] [MainThread]: [31mFailure in model feat_gre_impact (models/features/feat_gre_impact.sql)[0m
[0m17:47:27.276373 [error] [MainThread]:   Database Error in model feat_gre_impact (models/features/feat_gre_impact.sql)
  错误:  字段 "gre_q_mean" 不存在
  LINE 15:     gre_q_mean, gre_v_mean,
               ^
  compiled code at target/run/liuxue_warehouse/models/features/feat_gre_impact.sql
[0m17:47:27.276523 [info ] [MainThread]: 
[0m17:47:27.276687 [info ] [MainThread]:   compiled code at target/compiled/liuxue_warehouse/models/features/feat_gre_impact.sql
[0m17:47:27.276826 [info ] [MainThread]: 
[0m17:47:27.276980 [info ] [MainThread]: Done. PASS=6 WARN=0 ERROR=1 SKIP=4 NO-OP=0 TOTAL=11
[0m17:47:27.277408 [debug] [MainThread]: Resource report: {"command_name": "run", "command_success": false, "command_wall_clock_time": 1.0276564, "process_in_blocks": "3320", "process_kernel_time": 0.080061, "process_mem_max_rss": "136112", "process_out_blocks": "3160", "process_user_time": 1.64526}
[0m17:47:27.277642 [debug] [MainThread]: Command `dbt run` failed at 17:47:27.277602 after 1.03 seconds
[0m17:47:27.277833 [debug] [MainThread]: Sending event: {'category': 'dbt', 'action': 'invocation', 'label': 'end', 'context': [<snowplow_tracker.self_describing_json.SelfDescribingJson object at 0x7829d4646bd0>, <snowplow_tracker.self_describing_json.SelfDescribingJson object at 0x7829d210e6f0>, <snowplow_tracker.self_describing_json.SelfDescribingJson object at 0x7829d216ec90>]}
[0m17:47:27.278016 [debug] [MainThread]: Flushing usage events
[0m17:47:29.650092 [debug] [MainThread]: An error was encountered while trying to flush usage events
[0m17:47:43.232956 [debug] [MainThread]: Sending event: {'category': 'dbt', 'action': 'invocation', 'label': 'start', 'context': [<snowplow_tracker.self_describing_json.SelfDescribingJson object at 0x7243da4ceae0>, <snowplow_tracker.self_describing_json.SelfDescribingJson object at 0x7243da4cc5f0>, <snowplow_tracker.self_describing_json.SelfDescribingJson object at 0x7243da4cc170>]}


============================== 17:47:43.234546 | d8fa97d2-cf86-4645-8b50-a39b9a8259c0 ==============================
[0m17:47:43.234546 [info ] [MainThread]: Running with dbt=1.11.7
[0m17:47:43.234818 [debug] [MainThread]: running dbt with arguments {'log_cache_events': 'False', 'log_path': '/home/zp/work/guoji-agent/dbt_liuxue/logs', 'send_anonymous_usage_stats': 'True', 'static_parser': 'True', 'use_experimental_parser': 'False', 'indirect_selection': 'eager', 'write_json': 'True', 'cache_selected_only': 'False', 'use_colors': 'True', 'version_check': 'True', 'introspect': 'True', 'target_path': 'None', 'empty': 'None', 'warn_error': 'None', 'quiet': 'False', 'partial_parse': 'True', 'debug': 'False', 'log_format': 'default', 'profiles_dir': '/home/zp/work/guoji-agent/dbt_liuxue', 'invocation_command': 'dbt debug', 'fail_fast': 'False', 'warn_error_options': 'WarnErrorOptionsV2(error=[], warn=[], silence=[])', 'printer_width': '80', 'no_print': 'None'}
[0m17:47:43.238358 [info ] [MainThread]: dbt version: 1.11.7
[0m17:47:43.238567 [info ] [MainThread]: python version: 3.12.7
[0m17:47:43.238730 [info ] [MainThread]: python path: /home/zp/anaconda3/bin/python
[0m17:47:43.238879 [info ] [MainThread]: os info: Linux-6.5.0-44-generic-x86_64-with-glibc2.39
[0m17:47:43.261380 [info ] [MainThread]: Using profiles dir at /home/zp/work/guoji-agent/dbt_liuxue
[0m17:47:43.261588 [info ] [MainThread]: Using profiles.yml file at /home/zp/work/guoji-agent/dbt_liuxue/profiles.yml
[0m17:47:43.261741 [info ] [MainThread]: Using dbt_project.yml file at /home/zp/work/guoji-agent/dbt_liuxue/dbt_project.yml
[0m17:47:43.261948 [info ] [MainThread]: adapter type: postgres
[0m17:47:43.262100 [info ] [MainThread]: adapter version: 1.10.0
[0m17:47:43.323126 [info ] [MainThread]: Configuration:
[0m17:47:43.323375 [info ] [MainThread]:   profiles.yml file [[32mOK found and valid[0m]
[0m17:47:43.323544 [info ] [MainThread]:   dbt_project.yml file [[32mOK found and valid[0m]
[0m17:47:43.323697 [info ] [MainThread]: Required dependencies:
[0m17:47:43.323863 [debug] [MainThread]: Executing "git --help"
[0m17:47:43.325064 [debug] [MainThread]: STDOUT: "b"\xe7\x94\xa8\xe6\xb3\x95\xef\xbc\x9agit [-v | --version] [-h | --help] [-C <path>] [-c <name>=<value>]\n           [--exec-path[=<path>]] [--html-path] [--man-path] [--info-path]\n           [-p | --paginate | -P | --no-pager] [--no-replace-objects] [--bare]\n           [--git-dir=<path>] [--work-tree=<path>] [--namespace=<name>]\n           [--config-env=<name>=<envvar>] <command> [<args>]\n\n\xe8\xbf\x99\xe4\xba\x9b\xe6\x98\xaf\xe5\x90\x84\xe7\xa7\x8d\xe5\x9c\xba\xe5\x90\x88\xe5\xb8\xb8\xe8\xa7\x81\xe7\x9a\x84 Git \xe5\x91\xbd\xe4\xbb\xa4\xef\xbc\x9a\n\n\xe5\xbc\x80\xe5\xa7\x8b\xe4\xb8\x80\xe4\xb8\xaa\xe5\xb7\xa5\xe4\xbd\x9c\xe5\x8c\xba\xef\xbc\x88\xe5\x8f\x82\xe8\xa7\x81\xef\xbc\x9agit help tutorial\xef\xbc\x89\n   clone     \xe5\x85\x8b\xe9\x9a\x86\xe4\xbb\x93\xe5\xba\x93\xe5\x88\xb0\xe4\xb8\x80\xe4\xb8\xaa\xe6\x96\xb0\xe7\x9b\xae\xe5\xbd\x95\n   init      \xe5\x88\x9b\xe5\xbb\xba\xe4\xb8\x80\xe4\xb8\xaa\xe7\xa9\xba\xe7\x9a\x84 Git \xe4\xbb\x93\xe5\xba\x93\xe6\x88\x96\xe9\x87\x8d\xe6\x96\xb0\xe5\x88\x9d\xe5\xa7\x8b\xe5\x8c\x96\xe4\xb8\x80\xe4\xb8\xaa\xe5\xb7\xb2\xe5\xad\x98\xe5\x9c\xa8\xe7\x9a\x84\xe4\xbb\x93\xe5\xba\x93\n\n\xe5\x9c\xa8\xe5\xbd\x93\xe5\x89\x8d\xe5\x8f\x98\xe6\x9b\xb4\xe4\xb8\x8a\xe5\xb7\xa5\xe4\xbd\x9c\xef\xbc\x88\xe5\x8f\x82\xe8\xa7\x81\xef\xbc\x9agit help everyday\xef\xbc\x89\n   add       \xe6\xb7\xbb\xe5\x8a\xa0\xe6\x96\x87\xe4\xbb\xb6\xe5\x86\x85\xe5\xae\xb9\xe8\x87\xb3\xe7\xb4\xa2\xe5\xbc\x95\n   mv        \xe7\xa7\xbb\xe5\x8a\xa8\xe6\x88\x96\xe9\x87\x8d\xe5\x91\xbd\xe5\x90\x8d\xe4\xb8\x80\xe4\xb8\xaa\xe6\x96\x87\xe4\xbb\xb6\xe3\x80\x81\xe7\x9b\xae\xe5\xbd\x95\xe6\x88\x96\xe7\xac\xa6\xe5\x8f\xb7\xe9\x93\xbe\xe6\x8e\xa5\n   restore   \xe6\x81\xa2\xe5\xa4\x8d\xe5\xb7\xa5\xe4\xbd\x9c\xe5\x8c\xba\xe6\x96\x87\xe4\xbb\xb6\n   rm        \xe4\xbb\x8e\xe5\xb7\xa5\xe4\xbd\x9c\xe5\x8c\xba\xe5\x92\x8c\xe7\xb4\xa2\xe5\xbc\x95\xe4\xb8\xad\xe5\x88\xa0\xe9\x99\xa4\xe6\x96\x87\xe4\xbb\xb6\n\n\xe6\xa3\x80\xe6\x9f\xa5\xe5\x8e\x86\xe5\x8f\xb2\xe5\x92\x8c\xe7\x8a\xb6\xe6\x80\x81\xef\xbc\x88\xe5\x8f\x82\xe8\xa7\x81\xef\xbc\x9agit help revisions\xef\xbc\x89\n   bisect    \xe9\x80\x9a\xe8\xbf\x87\xe4\xba\x8c\xe5\x88\x86\xe6\x9f\xa5\xe6\x89\xbe\xe5\xae\x9a\xe4\xbd\x8d\xe5\xbc\x95\xe5\x85\xa5 bug \xe7\x9a\x84\xe6\x8f\x90\xe4\xba\xa4\n   diff      \xe6\x98\xbe\xe7\xa4\xba\xe6\x8f\x90\xe4\xba\xa4\xe4\xb9\x8b\xe9\x97\xb4\xe3\x80\x81\xe6\x8f\x90\xe4\xba\xa4\xe5\x92\x8c\xe5\xb7\xa5\xe4\xbd\x9c\xe5\x8c\xba\xe4\xb9\x8b\xe9\x97\xb4\xe7\xad\x89\xe7\x9a\x84\xe5\xb7\xae\xe5\xbc\x82\n   grep      \xe8\xbe\x93\xe5\x87\xba\xe5\x92\x8c\xe6\xa8\xa1\xe5\xbc\x8f\xe5\x8c\xb9\xe9\x85\x8d\xe7\x9a\x84\xe8\xa1\x8c\n   log       \xe6\x98\xbe\xe7\xa4\xba\xe6\x8f\x90\xe4\xba\xa4\xe6\x97\xa5\xe5\xbf\x97\n   show      \xe6\x98\xbe\xe7\xa4\xba\xe5\x90\x84\xe7\xa7\x8d\xe7\xb1\xbb\xe5\x9e\x8b\xe7\x9a\x84\xe5\xaf\xb9\xe8\xb1\xa1\n   status    \xe6\x98\xbe\xe7\xa4\xba\xe5\xb7\xa5\xe4\xbd\x9c\xe5\x8c\xba\xe7\x8a\xb6\xe6\x80\x81\n\n\xe6\x89\xa9\xe5\xb1\x95\xe3\x80\x81\xe6\xa0\x87\xe8\xae\xb0\xe5\x92\x8c\xe8\xb0\x83\xe6\xa0\xa1\xe6\x82\xa8\xe7\x9a\x84\xe5\x8e\x86\xe5\x8f\xb2\xe8\xae\xb0\xe5\xbd\x95\n   branch    \xe5\x88\x97\xe5\x87\xba\xe3\x80\x81\xe5\x88\x9b\xe5\xbb\xba\xe6\x88\x96\xe5\x88\xa0\xe9\x99\xa4\xe5\x88\x86\xe6\x94\xaf\n   commit    \xe8\xae\xb0\xe5\xbd\x95\xe5\x8f\x98\xe6\x9b\xb4\xe5\x88\xb0\xe4\xbb\x93\xe5\xba\x93\n   merge     \xe5\x90\x88\xe5\xb9\xb6\xe4\xb8\xa4\xe4\xb8\xaa\xe6\x88\x96\xe6\x9b\xb4\xe5\xa4\x9a\xe5\xbc\x80\xe5\x8f\x91\xe5\x8e\x86\xe5\x8f\xb2\n   rebase    \xe5\x9c\xa8\xe5\x8f\xa6\xe4\xb8\x80\xe4\xb8\xaa\xe5\x88\x86\xe6\x94\xaf\xe4\xb8\x8a\xe9\x87\x8d\xe6\x96\xb0\xe5\xba\x94\xe7\x94\xa8\xe6\x8f\x90\xe4\xba\xa4\n   reset     \xe9\x87\x8d\xe7\xbd\xae\xe5\xbd\x93\xe5\x89\x8d HEAD \xe5\x88\xb0\xe6\x8c\x87\xe5\xae\x9a\xe7\x8a\xb6\xe6\x80\x81\n   switch    \xe5\x88\x87\xe6\x8d\xa2\xe5\x88\x86\xe6\x94\xaf\n   tag       \xe5\x88\x9b\xe5\xbb\xba\xe3\x80\x81\xe5\x88\x97\xe5\x87\xba\xe3\x80\x81\xe5\x88\xa0\xe9\x99\xa4\xe6\x88\x96\xe6\xa0\xa1\xe9\xaa\x8c\xe4\xb8\x80\xe4\xb8\xaa GPG \xe7\xad\xbe\xe5\x90\x8d\xe7\x9a\x84\xe6\xa0\x87\xe7\xad\xbe\xe5\xaf\xb9\xe8\xb1\xa1\n\n\xe5\x8d\x8f\xe5\x90\x8c\xef\xbc\x88\xe5\x8f\x82\xe8\xa7\x81\xef\xbc\x9agit help workflows\xef\xbc\x89\n   fetch     \xe4\xbb\x8e\xe5\x8f\xa6\xe5\xa4\x96\xe4\xb8\x80\xe4\xb8\xaa\xe4\xbb\x93\xe5\xba\x93\xe4\xb8\x8b\xe8\xbd\xbd\xe5\xaf\xb9\xe8\xb1\xa1\xe5\x92\x8c\xe5\xbc\x95\xe7\x94\xa8\n   pull      \xe8\x8e\xb7\xe5\x8f\x96\xe5\xb9\xb6\xe6\x95\xb4\xe5\x90\x88\xe5\x8f\xa6\xe5\xa4\x96\xe7\x9a\x84\xe4\xbb\x93\xe5\xba\x93\xe6\x88\x96\xe4\xb8\x80\xe4\xb8\xaa\xe6\x9c\xac\xe5\x9c\xb0\xe5\x88\x86\xe6\x94\xaf\n   push      \xe6\x9b\xb4\xe6\x96\xb0\xe8\xbf\x9c\xe7\xa8\x8b\xe5\xbc\x95\xe7\x94\xa8\xe5\x92\x8c\xe7\x9b\xb8\xe5\x85\xb3\xe7\x9a\x84\xe5\xaf\xb9\xe8\xb1\xa1\n\n\xe5\x91\xbd\xe4\xbb\xa4 'git help -a' \xe5\x92\x8c 'git help -g' \xe6\x98\xbe\xe7\xa4\xba\xe5\x8f\xaf\xe7\x94\xa8\xe7\x9a\x84\xe5\xad\x90\xe5\x91\xbd\xe4\xbb\xa4\xe5\x92\x8c\xe4\xb8\x80\xe4\xba\x9b\xe6\xa6\x82\xe5\xbf\xb5\xe5\xb8\xae\xe5\x8a\xa9\xe3\x80\x82\n\xe6\x9f\xa5\xe7\x9c\x8b 'git help <\xe5\x91\xbd\xe4\xbb\xa4>' \xe6\x88\x96 'git help <\xe6\xa6\x82\xe5\xbf\xb5>' \xe4\xbb\xa5\xe8\x8e\xb7\xe5\x8f\x96\xe7\xbb\x99\xe5\xae\x9a\xe5\xad\x90\xe5\x91\xbd\xe4\xbb\xa4\xe6\x88\x96\xe6\xa6\x82\xe5\xbf\xb5\xe7\x9a\x84\n\xe5\xb8\xae\xe5\x8a\xa9\xe3\x80\x82\n\xe6\x9c\x89\xe5\x85\xb3\xe7\xb3\xbb\xe7\xbb\x9f\xe7\x9a\x84\xe6\xa6\x82\xe8\xbf\xb0\xef\xbc\x8c\xe6\x9f\xa5\xe7\x9c\x8b 'git help git'\xe3\x80\x82\n""
[0m17:47:43.325364 [debug] [MainThread]: STDERR: "b''"
[0m17:47:43.325521 [info ] [MainThread]:  - git [[32mOK found[0m]

[0m17:47:43.325675 [info ] [MainThread]: Connection:
[0m17:47:43.325826 [info ] [MainThread]:   host: localhost
[0m17:47:43.325970 [info ] [MainThread]:   port: 5432
[0m17:47:43.326112 [info ] [MainThread]:   user: postgres
[0m17:47:43.326247 [info ] [MainThread]:   database: warehouse
[0m17:47:43.326380 [info ] [MainThread]:   schema: public
[0m17:47:43.326513 [info ] [MainThread]:   connect_timeout: 10
[0m17:47:43.326645 [info ] [MainThread]:   role: None
[0m17:47:43.326777 [info ] [MainThread]:   search_path: None
[0m17:47:43.326909 [info ] [MainThread]:   keepalives_idle: 0
[0m17:47:43.327044 [info ] [MainThread]:   sslmode: None
[0m17:47:43.327175 [info ] [MainThread]:   sslcert: None
[0m17:47:43.327315 [info ] [MainThread]:   sslkey: None
[0m17:47:43.327452 [info ] [MainThread]:   sslrootcert: None
[0m17:47:43.327585 [info ] [MainThread]:   application_name: dbt
[0m17:47:43.327715 [info ] [MainThread]:   retries: 1
[0m17:47:43.327933 [info ] [MainThread]: Registered adapter: postgres=1.10.0
[0m17:47:43.349862 [debug] [MainThread]: Acquiring new postgres connection 'debug'
[0m17:47:43.357887 [debug] [MainThread]: Using postgres connection "debug"
[0m17:47:43.358087 [debug] [MainThread]: On debug: select 1 as id
[0m17:47:43.358240 [debug] [MainThread]: Opening a new connection, currently in state init
[0m17:47:43.362363 [debug] [MainThread]: SQL status: SELECT 1 in 0.004 seconds
[0m17:47:43.362803 [debug] [MainThread]: On debug: Close
[0m17:47:43.363033 [info ] [MainThread]:   Connection test: [[32mOK connection ok[0m]

[0m17:47:43.363203 [info ] [MainThread]: [32mAll checks passed![0m
[0m17:47:43.363640 [debug] [MainThread]: Resource report: {"command_name": "debug", "command_success": true, "command_wall_clock_time": 0.16522686, "process_in_blocks": "0", "process_kernel_time": 0.07167, "process_mem_max_rss": "118928", "process_out_blocks": "24", "process_user_time": 0.800322}
[0m17:47:43.363891 [debug] [MainThread]: Command `dbt debug` succeeded at 17:47:43.363844 after 0.17 seconds
[0m17:47:43.364060 [debug] [MainThread]: Connection 'debug' was properly closed.
[0m17:47:43.364241 [debug] [MainThread]: Sending event: {'category': 'dbt', 'action': 'invocation', 'label': 'end', 'context': [<snowplow_tracker.self_describing_json.SelfDescribingJson object at 0x7243d9a896d0>, <snowplow_tracker.self_describing_json.SelfDescribingJson object at 0x7243da94f0e0>, <snowplow_tracker.self_describing_json.SelfDescribingJson object at 0x7243d8f71250>]}
[0m17:47:43.364440 [debug] [MainThread]: Flushing usage events
[0m17:47:45.385484 [debug] [MainThread]: An error was encountered while trying to flush usage events
[0m17:47:46.260950 [debug] [MainThread]: Sending event: {'category': 'dbt', 'action': 'invocation', 'label': 'start', 'context': [<snowplow_tracker.self_describing_json.SelfDescribingJson object at 0x7cb3e5c21f40>, <snowplow_tracker.self_describing_json.SelfDescribingJson object at 0x7cb3e5fe2ea0>, <snowplow_tracker.self_describing_json.SelfDescribingJson object at 0x7cb3e5fe0cb0>]}


============================== 17:47:46.262528 | d5d0d892-c2ab-493b-b9c9-e83db87520d5 ==============================
[0m17:47:46.262528 [info ] [MainThread]: Running with dbt=1.11.7
[0m17:47:46.262794 [debug] [MainThread]: running dbt with arguments {'use_experimental_parser': 'False', 'profiles_dir': '/home/zp/work/guoji-agent/dbt_liuxue', 'log_cache_events': 'False', 'partial_parse': 'True', 'debug': 'False', 'version_check': 'True', 'log_format': 'default', 'use_colors': 'True', 'introspect': 'True', 'send_anonymous_usage_stats': 'True', 'cache_selected_only': 'False', 'empty': 'False', 'printer_width': '80', 'invocation_command': 'dbt run', 'warn_error_options': 'WarnErrorOptionsV2(error=[], warn=[], silence=[])', 'no_print': 'None', 'static_parser': 'True', 'target_path': 'None', 'log_path': '/home/zp/work/guoji-agent/dbt_liuxue/logs', 'write_json': 'True', 'indirect_selection': 'eager', 'quiet': 'False', 'fail_fast': 'False', 'warn_error': 'None'}
[0m17:47:46.373067 [debug] [MainThread]: Sending event: {'category': 'dbt', 'action': 'project_id', 'label': 'd5d0d892-c2ab-493b-b9c9-e83db87520d5', 'context': [<snowplow_tracker.self_describing_json.SelfDescribingJson object at 0x7cb3e55056d0>]}
[0m17:47:46.413661 [debug] [MainThread]: Sending event: {'category': 'dbt', 'action': 'adapter_info', 'label': 'd5d0d892-c2ab-493b-b9c9-e83db87520d5', 'context': [<snowplow_tracker.self_describing_json.SelfDescribingJson object at 0x7cb3e620c6e0>]}
[0m17:47:46.414062 [info ] [MainThread]: Registered adapter: postgres=1.10.0
[0m17:47:46.439312 [debug] [MainThread]: checksum: b80718358155fc17c3559352095564dd56ada1cc1a1c0ef2e62c857e71583775, vars: {}, profile: , target: , version: 1.11.7
[0m17:47:46.480977 [debug] [MainThread]: Partial parsing enabled: 0 files deleted, 0 files added, 1 files changed.
[0m17:47:46.481310 [debug] [MainThread]: Partial parsing: updated file: liuxue_warehouse://models/features/feat_gre_impact.sql
[0m17:47:46.630879 [debug] [MainThread]: Sending event: {'category': 'dbt', 'action': 'load_project', 'label': 'd5d0d892-c2ab-493b-b9c9-e83db87520d5', 'context': [<snowplow_tracker.self_describing_json.SelfDescribingJson object at 0x7cb3e33dd280>]}
[0m17:47:46.686461 [debug] [MainThread]: Wrote artifact WritableManifest to /home/zp/work/guoji-agent/dbt_liuxue/target/manifest.json
[0m17:47:46.688802 [debug] [MainThread]: Wrote artifact SemanticManifest to /home/zp/work/guoji-agent/dbt_liuxue/target/semantic_manifest.json
[0m17:47:46.694681 [debug] [MainThread]: Sending event: {'category': 'dbt', 'action': 'resource_counts', 'label': 'd5d0d892-c2ab-493b-b9c9-e83db87520d5', 'context': [<snowplow_tracker.self_describing_json.SelfDescribingJson object at 0x7cb3e3b96060>]}
[0m17:47:46.694931 [info ] [MainThread]: Found 11 models, 1 source, 465 macros
[0m17:47:46.695115 [debug] [MainThread]: Sending event: {'category': 'dbt', 'action': 'runnable_timing', 'label': 'd5d0d892-c2ab-493b-b9c9-e83db87520d5', 'context': [<snowplow_tracker.self_describing_json.SelfDescribingJson object at 0x7cb3e3719d00>]}
[0m17:47:46.696055 [info ] [MainThread]: 
[0m17:47:46.696260 [info ] [MainThread]: Concurrency: 2 threads (target='local')
[0m17:47:46.696425 [info ] [MainThread]: 
[0m17:47:46.696662 [debug] [MainThread]: Acquiring new postgres connection 'master'
[0m17:47:46.698572 [debug] [ThreadPool]: Acquiring new postgres connection 'list_warehouse'
[0m17:47:46.710209 [debug] [ThreadPool]: Using postgres connection "list_warehouse"
[0m17:47:46.710409 [debug] [ThreadPool]: On list_warehouse: /* {"app": "dbt", "dbt_version": "1.11.7", "profile_name": "liuxue", "target_name": "local", "connection_name": "list_warehouse"} */

    select distinct nspname from pg_namespace
  
[0m17:47:46.710576 [debug] [ThreadPool]: Opening a new connection, currently in state init
[0m17:47:46.714890 [debug] [ThreadPool]: SQL status: SELECT 5 in 0.004 seconds
[0m17:47:46.715487 [debug] [ThreadPool]: On list_warehouse: Close
[0m17:47:46.716409 [debug] [ThreadPool]: Re-using an available connection from the pool (formerly list_warehouse, now list_warehouse_public)
[0m17:47:46.718926 [debug] [ThreadPool]: Using postgres connection "list_warehouse_public"
[0m17:47:46.719128 [debug] [ThreadPool]: On list_warehouse_public: /* {"app": "dbt", "dbt_version": "1.11.7", "profile_name": "liuxue", "target_name": "local", "connection_name": "list_warehouse_public"} */
select
      'warehouse' as database,
      tablename as name,
      schemaname as schema,
      'table' as type
    from pg_tables
    where schemaname ilike 'public'
    union all
    select
      'warehouse' as database,
      viewname as name,
      schemaname as schema,
      'view' as type
    from pg_views
    where schemaname ilike 'public'
    union all
    select
      'warehouse' as database,
      matviewname as name,
      schemaname as schema,
      'materialized_view' as type
    from pg_matviews
    where schemaname ilike 'public'
  
[0m17:47:46.719291 [debug] [ThreadPool]: Opening a new connection, currently in state closed
[0m17:47:46.722869 [debug] [ThreadPool]: SQL status: SELECT 6 in 0.004 seconds
[0m17:47:46.723467 [debug] [ThreadPool]: On list_warehouse_public: ROLLBACK
[0m17:47:46.723678 [debug] [ThreadPool]: On list_warehouse_public: Close
[0m17:47:46.726141 [debug] [MainThread]: Using postgres connection "master"
[0m17:47:46.726363 [debug] [MainThread]: On master: /* {"app": "dbt", "dbt_version": "1.11.7", "profile_name": "liuxue", "target_name": "local", "connection_name": "master"} */
select distinct
        dependent_namespace.nspname as dependent_schema,
        dependent_class.relname as dependent_name,
        referenced_namespace.nspname as referenced_schema,
        referenced_class.relname as referenced_name

    -- Query for views: views are entries in pg_class with an entry in pg_rewrite, but we avoid
    -- a seq scan on pg_rewrite by leveraging the fact there is an "internal" row in pg_depend for
    -- the view...
    from pg_class as dependent_class
    join pg_namespace as dependent_namespace on dependent_namespace.oid = dependent_class.relnamespace
    join pg_depend as dependent_depend on dependent_depend.refobjid = dependent_class.oid
        and dependent_depend.classid = 'pg_rewrite'::regclass
        and dependent_depend.refclassid = 'pg_class'::regclass
        and dependent_depend.deptype = 'i'

    -- ... and via pg_depend (that has a row per column, hence the need for "distinct" above, and
    -- making sure to exclude the internal row to avoid a view appearing to depend on itself)...
    join pg_depend as joining_depend on joining_depend.objid = dependent_depend.objid
        and joining_depend.classid = 'pg_rewrite'::regclass
        and joining_depend.refclassid = 'pg_class'::regclass
        and joining_depend.refobjid != dependent_depend.refobjid

    -- ... we can find the tables they query from in pg_class, but excluding system tables. Note we
    -- don't need need to exclude _dependent_ system tables, because they only query from other
    -- system tables, and so are automatically excluded by excluding _referenced_ system tables
    join pg_class as referenced_class on referenced_class.oid = joining_depend.refobjid
    join pg_namespace as referenced_namespace on referenced_namespace.oid = referenced_class.relnamespace
        and referenced_namespace.nspname != 'information_schema'
        and referenced_namespace.nspname not like 'pg\_%'

    order by
        dependent_schema, dependent_name, referenced_schema, referenced_name;
[0m17:47:46.726555 [debug] [MainThread]: Opening a new connection, currently in state init
[0m17:47:46.730164 [debug] [MainThread]: SQL status: SELECT 2 in 0.004 seconds
[0m17:47:46.730715 [debug] [MainThread]: Sending event: {'category': 'dbt', 'action': 'runnable_timing', 'label': 'd5d0d892-c2ab-493b-b9c9-e83db87520d5', 'context': [<snowplow_tracker.self_describing_json.SelfDescribingJson object at 0x7cb3e7e4f980>]}
[0m17:47:46.730946 [debug] [MainThread]: On master: ROLLBACK
[0m17:47:46.731195 [debug] [MainThread]: On master: COMMIT
[0m17:47:46.731344 [debug] [MainThread]: Using postgres connection "master"
[0m17:47:46.731486 [debug] [MainThread]: On master: COMMIT
[0m17:47:46.731669 [debug] [MainThread]: SQL status: COMMIT in 0.000 seconds
[0m17:47:46.731836 [debug] [MainThread]: On master: Close
[0m17:47:46.732971 [debug] [Thread-1 (]: Began running node model.liuxue_warehouse.stg_gradcafe_admissions
[0m17:47:46.733319 [debug] [Thread-2 (]: Began running node model.liuxue_warehouse.stg_school_info
[0m17:47:46.733653 [info ] [Thread-1 (]: 1 of 11 START sql view model public.stg_gradcafe_admissions .................... [RUN]
[0m17:47:46.733948 [info ] [Thread-2 (]: 2 of 11 START sql view model public.stg_school_info ............................ [RUN]
[0m17:47:46.734212 [debug] [Thread-1 (]: Re-using an available connection from the pool (formerly list_warehouse_public, now model.liuxue_warehouse.stg_gradcafe_admissions)
[0m17:47:46.734475 [debug] [Thread-2 (]: Acquiring new postgres connection 'model.liuxue_warehouse.stg_school_info'
[0m17:47:46.734738 [debug] [Thread-1 (]: Began compiling node model.liuxue_warehouse.stg_gradcafe_admissions
[0m17:47:46.734948 [debug] [Thread-2 (]: Began compiling node model.liuxue_warehouse.stg_school_info
[0m17:47:46.737655 [debug] [Thread-1 (]: Writing injected SQL for node "model.liuxue_warehouse.stg_gradcafe_admissions"
[0m17:47:46.739008 [debug] [Thread-2 (]: Writing injected SQL for node "model.liuxue_warehouse.stg_school_info"
[0m17:47:46.739400 [debug] [Thread-2 (]: Began executing node model.liuxue_warehouse.stg_school_info
[0m17:47:46.739622 [debug] [Thread-1 (]: Began executing node model.liuxue_warehouse.stg_gradcafe_admissions
[0m17:47:46.758048 [debug] [Thread-2 (]: Writing runtime sql for node "model.liuxue_warehouse.stg_school_info"
[0m17:47:46.759335 [debug] [Thread-1 (]: Writing runtime sql for node "model.liuxue_warehouse.stg_gradcafe_admissions"
[0m17:47:46.759679 [debug] [Thread-2 (]: Using postgres connection "model.liuxue_warehouse.stg_school_info"
[0m17:47:46.759913 [debug] [Thread-1 (]: Using postgres connection "model.liuxue_warehouse.stg_gradcafe_admissions"
[0m17:47:46.760122 [debug] [Thread-2 (]: On model.liuxue_warehouse.stg_school_info: /* {"app": "dbt", "dbt_version": "1.11.7", "profile_name": "liuxue", "target_name": "local", "node_id": "model.liuxue_warehouse.stg_school_info"} */

  create view "warehouse"."public"."stg_school_info__dbt_tmp"
    
    
  as (
    -- 从录取数据中提取学校标准化名称
-- 注：完整的大学信息（排名/国家/官网）通过 sync_rankings.py 单独采集
WITH distinct_schools AS (
    SELECT DISTINCT
        school,
        '' AS country,
        NULL::integer AS qs_rank,
        NULL::integer AS usnews_rank
    FROM raw.gradcafe_admissions
    WHERE school IS NOT NULL
)
SELECT
    ROW_NUMBER() OVER () AS school_id,
    school,
    country,
    qs_rank,
    usnews_rank
FROM distinct_schools
  );
[0m17:47:46.760369 [debug] [Thread-1 (]: On model.liuxue_warehouse.stg_gradcafe_admissions: /* {"app": "dbt", "dbt_version": "1.11.7", "profile_name": "liuxue", "target_name": "local", "node_id": "model.liuxue_warehouse.stg_gradcafe_admissions"} */

  create view "warehouse"."public"."stg_gradcafe_admissions__dbt_tmp"
    
    
  as (
    -- 清洗 GradCafe 原始数据：类型转换、过滤无效记录
WITH cleaned AS (
    SELECT
        id,
        school,
        program,
        -- 推断学位层级
        CASE
            WHEN program ILIKE '%phd%' OR program ILIKE '%doctor%' THEN 'PhD'
            WHEN program ILIKE '%master%' OR program ILIKE '%ms %' OR program ILIKE '%m.eng%'
                OR program ILIKE '%mba%' OR program ILIKE '%m.a.%' THEN 'Masters'
            WHEN program ILIKE '%bachelor%' OR program ILIKE '%b.s.%' OR program ILIKE '%undergrad%' THEN 'Bachelors'
            ELSE 'Other'
        END AS degree,
        season,
        year,
        nationality,
        CASE
            WHEN decision ILIKE '%accept%' THEN 'Accepted'
            WHEN decision ILIKE '%reject%' THEN 'Rejected'
            WHEN decision ILIKE '%wait%' THEN 'Waitlisted'
            WHEN decision ILIKE '%interview%' THEN 'Interview'
            ELSE 'Other'
        END AS decision,
        decision_date,
        -- GPA 范围校验
        CASE WHEN gpa > 0 AND gpa <= 4.0 THEN gpa ELSE NULL END AS gpa,
        CASE WHEN gre_q >= 130 AND gre_q <= 170 THEN gre_q ELSE NULL END AS gre_q,
        CASE WHEN gre_v >= 130 AND gre_v <= 170 THEN gre_v ELSE NULL END AS gre_v,
        CASE WHEN gre_aw >= 0 AND gre_aw <= 6.0 THEN gre_aw ELSE NULL END AS gre_aw,
        CASE WHEN toefl >= 0 AND toefl <= 120 THEN toefl ELSE NULL END AS toefl,
        comment,
        source_url,
        major_category,
        crawled_at
    FROM raw.gradcafe_admissions
    WHERE school IS NOT NULL
      AND school != ''
)
SELECT * FROM cleaned
  );
[0m17:47:46.760597 [debug] [Thread-2 (]: Opening a new connection, currently in state init
[0m17:47:46.760782 [debug] [Thread-1 (]: Opening a new connection, currently in state closed
[0m17:47:46.763938 [debug] [Thread-2 (]: SQL status: CREATE VIEW in 0.003 seconds
[0m17:47:46.766661 [debug] [Thread-2 (]: Using postgres connection "model.liuxue_warehouse.stg_school_info"
[0m17:47:46.766890 [debug] [Thread-1 (]: SQL status: CREATE VIEW in 0.006 seconds
[0m17:47:46.767102 [debug] [Thread-2 (]: On model.liuxue_warehouse.stg_school_info: /* {"app": "dbt", "dbt_version": "1.11.7", "profile_name": "liuxue", "target_name": "local", "node_id": "model.liuxue_warehouse.stg_school_info"} */
alter table "warehouse"."public"."stg_school_info" rename to "stg_school_info__dbt_backup"
[0m17:47:46.768433 [debug] [Thread-1 (]: Using postgres connection "model.liuxue_warehouse.stg_gradcafe_admissions"
[0m17:47:46.768668 [debug] [Thread-1 (]: On model.liuxue_warehouse.stg_gradcafe_admissions: /* {"app": "dbt", "dbt_version": "1.11.7", "profile_name": "liuxue", "target_name": "local", "node_id": "model.liuxue_warehouse.stg_gradcafe_admissions"} */
alter table "warehouse"."public"."stg_gradcafe_admissions" rename to "stg_gradcafe_admissions__dbt_backup"
[0m17:47:46.768894 [debug] [Thread-2 (]: SQL status: ALTER TABLE in 0.000 seconds
[0m17:47:46.770201 [debug] [Thread-2 (]: Using postgres connection "model.liuxue_warehouse.stg_school_info"
[0m17:47:46.770400 [debug] [Thread-1 (]: SQL status: ALTER TABLE in 0.002 seconds
[0m17:47:46.770638 [debug] [Thread-2 (]: On model.liuxue_warehouse.stg_school_info: /* {"app": "dbt", "dbt_version": "1.11.7", "profile_name": "liuxue", "target_name": "local", "node_id": "model.liuxue_warehouse.stg_school_info"} */
alter table "warehouse"."public"."stg_school_info__dbt_tmp" rename to "stg_school_info"
[0m17:47:46.771908 [debug] [Thread-1 (]: Using postgres connection "model.liuxue_warehouse.stg_gradcafe_admissions"
[0m17:47:46.772208 [debug] [Thread-1 (]: On model.liuxue_warehouse.stg_gradcafe_admissions: /* {"app": "dbt", "dbt_version": "1.11.7", "profile_name": "liuxue", "target_name": "local", "node_id": "model.liuxue_warehouse.stg_gradcafe_admissions"} */
alter table "warehouse"."public"."stg_gradcafe_admissions__dbt_tmp" rename to "stg_gradcafe_admissions"
[0m17:47:46.772435 [debug] [Thread-2 (]: SQL status: ALTER TABLE in 0.000 seconds
[0m17:47:46.778109 [debug] [Thread-1 (]: SQL status: ALTER TABLE in 0.005 seconds
[0m17:47:46.792895 [debug] [Thread-1 (]: On model.liuxue_warehouse.stg_gradcafe_admissions: COMMIT
[0m17:47:46.793296 [debug] [Thread-1 (]: Using postgres connection "model.liuxue_warehouse.stg_gradcafe_admissions"
[0m17:47:46.793621 [debug] [Thread-1 (]: On model.liuxue_warehouse.stg_gradcafe_admissions: COMMIT
[0m17:47:46.795241 [debug] [Thread-2 (]: On model.liuxue_warehouse.stg_school_info: COMMIT
[0m17:47:46.795581 [debug] [Thread-1 (]: SQL status: COMMIT in 0.002 seconds
[0m17:47:46.795890 [debug] [Thread-2 (]: Using postgres connection "model.liuxue_warehouse.stg_school_info"
[0m17:47:46.800098 [debug] [Thread-1 (]: Applying DROP to: "warehouse"."public"."stg_gradcafe_admissions__dbt_backup"
[0m17:47:46.800462 [debug] [Thread-2 (]: On model.liuxue_warehouse.stg_school_info: COMMIT
[0m17:47:46.803620 [debug] [Thread-1 (]: Using postgres connection "model.liuxue_warehouse.stg_gradcafe_admissions"
[0m17:47:46.803921 [debug] [Thread-1 (]: On model.liuxue_warehouse.stg_gradcafe_admissions: /* {"app": "dbt", "dbt_version": "1.11.7", "profile_name": "liuxue", "target_name": "local", "node_id": "model.liuxue_warehouse.stg_gradcafe_admissions"} */
drop view if exists "warehouse"."public"."stg_gradcafe_admissions__dbt_backup" cascade
[0m17:47:46.804848 [debug] [Thread-2 (]: SQL status: COMMIT in 0.001 seconds
[0m17:47:46.805877 [debug] [Thread-2 (]: Applying DROP to: "warehouse"."public"."stg_school_info__dbt_backup"
[0m17:47:46.806078 [debug] [Thread-1 (]: SQL status: DROP VIEW in 0.002 seconds
[0m17:47:46.806537 [debug] [Thread-2 (]: Using postgres connection "model.liuxue_warehouse.stg_school_info"
[0m17:47:46.807599 [debug] [Thread-1 (]: On model.liuxue_warehouse.stg_gradcafe_admissions: Close
[0m17:47:46.807886 [debug] [Thread-2 (]: On model.liuxue_warehouse.stg_school_info: /* {"app": "dbt", "dbt_version": "1.11.7", "profile_name": "liuxue", "target_name": "local", "node_id": "model.liuxue_warehouse.stg_school_info"} */
drop view if exists "warehouse"."public"."stg_school_info__dbt_backup" cascade
[0m17:47:46.808748 [debug] [Thread-1 (]: Sending event: {'category': 'dbt', 'action': 'run_model', 'label': 'd5d0d892-c2ab-493b-b9c9-e83db87520d5', 'context': [<snowplow_tracker.self_describing_json.SelfDescribingJson object at 0x7cb3e7f7f3e0>]}
[0m17:47:46.809251 [debug] [Thread-2 (]: SQL status: DROP VIEW in 0.001 seconds
[0m17:47:46.809082 [info ] [Thread-1 (]: 1 of 11 OK created sql view model public.stg_gradcafe_admissions ............... [[32mCREATE VIEW[0m in 0.07s]
[0m17:47:46.809917 [debug] [Thread-2 (]: On model.liuxue_warehouse.stg_school_info: Close
[0m17:47:46.810193 [debug] [Thread-1 (]: Finished running node model.liuxue_warehouse.stg_gradcafe_admissions
[0m17:47:46.810523 [debug] [Thread-2 (]: Sending event: {'category': 'dbt', 'action': 'run_model', 'label': 'd5d0d892-c2ab-493b-b9c9-e83db87520d5', 'context': [<snowplow_tracker.self_describing_json.SelfDescribingJson object at 0x7cb3e3b963f0>]}
[0m17:47:46.810825 [info ] [Thread-2 (]: 2 of 11 OK created sql view model public.stg_school_info ....................... [[32mCREATE VIEW[0m in 0.08s]
[0m17:47:46.811096 [debug] [Thread-2 (]: Finished running node model.liuxue_warehouse.stg_school_info
[0m17:47:46.811498 [debug] [Thread-1 (]: Began running node model.liuxue_warehouse.feat_gre_impact
[0m17:47:46.811692 [debug] [Thread-2 (]: Began running node model.liuxue_warehouse.int_admissions_cleaned
[0m17:47:46.811928 [info ] [Thread-1 (]: 3 of 11 START sql table model public.feat_gre_impact ........................... [RUN]
[0m17:47:46.812183 [info ] [Thread-2 (]: 4 of 11 START sql table model public.int_admissions_cleaned .................... [RUN]
[0m17:47:46.812413 [debug] [Thread-1 (]: Re-using an available connection from the pool (formerly model.liuxue_warehouse.stg_gradcafe_admissions, now model.liuxue_warehouse.feat_gre_impact)
[0m17:47:46.812627 [debug] [Thread-2 (]: Re-using an available connection from the pool (formerly model.liuxue_warehouse.stg_school_info, now model.liuxue_warehouse.int_admissions_cleaned)
[0m17:47:46.812822 [debug] [Thread-1 (]: Began compiling node model.liuxue_warehouse.feat_gre_impact
[0m17:47:46.813014 [debug] [Thread-2 (]: Began compiling node model.liuxue_warehouse.int_admissions_cleaned
[0m17:47:46.814232 [debug] [Thread-1 (]: Writing injected SQL for node "model.liuxue_warehouse.feat_gre_impact"
[0m17:47:46.815399 [debug] [Thread-2 (]: Writing injected SQL for node "model.liuxue_warehouse.int_admissions_cleaned"
[0m17:47:46.815730 [debug] [Thread-1 (]: Began executing node model.liuxue_warehouse.feat_gre_impact
[0m17:47:46.815953 [debug] [Thread-2 (]: Began executing node model.liuxue_warehouse.int_admissions_cleaned
[0m17:47:46.824887 [debug] [Thread-1 (]: Writing runtime sql for node "model.liuxue_warehouse.feat_gre_impact"
[0m17:47:46.826445 [debug] [Thread-2 (]: Writing runtime sql for node "model.liuxue_warehouse.int_admissions_cleaned"
[0m17:47:46.826757 [debug] [Thread-1 (]: Using postgres connection "model.liuxue_warehouse.feat_gre_impact"
[0m17:47:46.826982 [debug] [Thread-1 (]: On model.liuxue_warehouse.feat_gre_impact: /* {"app": "dbt", "dbt_version": "1.11.7", "profile_name": "liuxue", "target_name": "local", "node_id": "model.liuxue_warehouse.feat_gre_impact"} */

  
    

  create  table "warehouse"."public"."feat_gre_impact__dbt_tmp"
  
  
    as
  
  (
    -- GRE 成绩对录取的影响分析
SELECT
    school, program, degree,
    ROUND(AVG(gre_q)::numeric, 1) AS gre_q_mean,
    ROUND(AVG(gre_v)::numeric, 1) AS gre_v_mean,
    -- 国际生录取中 GRE Q 的关键度
    ROUND(
        AVG(CASE WHEN gre_q >= 165 THEN 1.0 ELSE 0.0 END)::numeric, 2
    ) AS gre_q_high_ratio,
    -- GRE 对录取的区分度
    ROUND(
        (
            AVG(CASE WHEN decision = 'Accepted' AND gre_q IS NOT NULL THEN gre_q END) -
            AVG(CASE WHEN decision = 'Rejected' AND gre_q IS NOT NULL THEN gre_q END)
        )::numeric, 1
    ) AS gre_q_acceptance_delta,
    COUNT(*) FILTER (WHERE gre_q IS NOT NULL) AS gre_samples
FROM "warehouse"."public"."stg_gradcafe_admissions"
WHERE degree IN ('Masters', 'PhD')
  AND gre_q IS NOT NULL
GROUP BY school, program, degree
HAVING COUNT(*) FILTER (WHERE gre_q IS NOT NULL) >= 5
  );
  
[0m17:47:46.827206 [debug] [Thread-2 (]: Using postgres connection "model.liuxue_warehouse.int_admissions_cleaned"
[0m17:47:46.827392 [debug] [Thread-1 (]: Opening a new connection, currently in state closed
[0m17:47:46.827610 [debug] [Thread-2 (]: On model.liuxue_warehouse.int_admissions_cleaned: /* {"app": "dbt", "dbt_version": "1.11.7", "profile_name": "liuxue", "target_name": "local", "node_id": "model.liuxue_warehouse.int_admissions_cleaned"} */

  
    

  create  table "warehouse"."public"."int_admissions_cleaned__dbt_tmp"
  
  
    as
  
  (
    -- 中间层：录取数据按校/专业聚合，计算竞争度
WITH base AS (
    SELECT
        school, program, degree, season, year,
        nationality, decision, gpa, gre_q, gre_v, gre_aw, toefl,
        major_category
    FROM "warehouse"."public"."stg_gradcafe_admissions"
    WHERE gpa IS NOT NULL
      AND degree IN ('Masters', 'PhD', 'Bachelors')
)
SELECT
    school,
    program,
    degree,
    season,
    year,
    -- 录取统计
    COUNT(*) AS total_cases,
    SUM(CASE WHEN decision = 'Accepted' THEN 1 ELSE 0 END) AS accepted_count,
    SUM(CASE WHEN decision = 'Rejected' THEN 1 ELSE 0 END) AS rejected_count,
    ROUND(
        SUM(CASE WHEN decision = 'Accepted' THEN 1.0 ELSE 0 END) / NULLIF(COUNT(*), 0), 3
    ) AS acceptance_rate,
    -- GPA 分位数
    ROUND(AVG(gpa)::numeric, 2) AS gpa_mean,
    ROUND(PERCENTILE_CONT(0.25) WITHIN GROUP (ORDER BY gpa)::numeric, 2) AS gpa_p25,
    ROUND(PERCENTILE_CONT(0.50) WITHIN GROUP (ORDER BY gpa)::numeric, 2) AS gpa_p50,
    ROUND(PERCENTILE_CONT(0.75) WITHIN GROUP (ORDER BY gpa)::numeric, 2) AS gpa_p75,
    -- GRE 统计
    ROUND(AVG(gre_q)::numeric, 1) AS gre_q_mean,
    ROUND(AVG(gre_v)::numeric, 1) AS gre_v_mean,
    -- 国际生占比
    ROUND(
        SUM(CASE WHEN nationality = 'International' THEN 1.0 ELSE 0 END) / NULLIF(COUNT(*), 0), 3
    ) AS international_ratio,
    -- 样本量
    COUNT(*) FILTER (WHERE gpa IS NOT NULL) AS gpa_samples
FROM base
GROUP BY school, program, degree, season, year
HAVING COUNT(*) >= 5  -- 至少 5 条案例才纳入统计
  );
  
[0m17:47:46.827882 [debug] [Thread-2 (]: Opening a new connection, currently in state closed
[0m17:47:46.831601 [debug] [Thread-1 (]: SQL status: SELECT 0 in 0.004 seconds
[0m17:47:46.834488 [debug] [Thread-1 (]: Using postgres connection "model.liuxue_warehouse.feat_gre_impact"
[0m17:47:46.834716 [debug] [Thread-2 (]: SQL status: SELECT 0 in 0.007 seconds
[0m17:47:46.834931 [debug] [Thread-1 (]: On model.liuxue_warehouse.feat_gre_impact: /* {"app": "dbt", "dbt_version": "1.11.7", "profile_name": "liuxue", "target_name": "local", "node_id": "model.liuxue_warehouse.feat_gre_impact"} */
alter table "warehouse"."public"."feat_gre_impact__dbt_tmp" rename to "feat_gre_impact"
[0m17:47:46.836360 [debug] [Thread-2 (]: Using postgres connection "model.liuxue_warehouse.int_admissions_cleaned"
[0m17:47:46.836585 [debug] [Thread-2 (]: On model.liuxue_warehouse.int_admissions_cleaned: /* {"app": "dbt", "dbt_version": "1.11.7", "profile_name": "liuxue", "target_name": "local", "node_id": "model.liuxue_warehouse.int_admissions_cleaned"} */
alter table "warehouse"."public"."int_admissions_cleaned" rename to "int_admissions_cleaned__dbt_backup"
[0m17:47:46.836776 [debug] [Thread-1 (]: SQL status: ALTER TABLE in 0.000 seconds
[0m17:47:46.837535 [debug] [Thread-1 (]: On model.liuxue_warehouse.feat_gre_impact: COMMIT
[0m17:47:46.837739 [debug] [Thread-2 (]: SQL status: ALTER TABLE in 0.001 seconds
[0m17:47:46.837922 [debug] [Thread-1 (]: Using postgres connection "model.liuxue_warehouse.feat_gre_impact"
[0m17:47:46.839097 [debug] [Thread-2 (]: Using postgres connection "model.liuxue_warehouse.int_admissions_cleaned"
[0m17:47:46.839335 [debug] [Thread-1 (]: On model.liuxue_warehouse.feat_gre_impact: COMMIT
[0m17:47:46.839532 [debug] [Thread-2 (]: On model.liuxue_warehouse.int_admissions_cleaned: /* {"app": "dbt", "dbt_version": "1.11.7", "profile_name": "liuxue", "target_name": "local", "node_id": "model.liuxue_warehouse.int_admissions_cleaned"} */
alter table "warehouse"."public"."int_admissions_cleaned__dbt_tmp" rename to "int_admissions_cleaned"
[0m17:47:46.839817 [debug] [Thread-2 (]: SQL status: ALTER TABLE in 0.000 seconds
[0m17:47:46.840593 [debug] [Thread-2 (]: On model.liuxue_warehouse.int_admissions_cleaned: COMMIT
[0m17:47:46.840791 [debug] [Thread-1 (]: SQL status: COMMIT in 0.001 seconds
[0m17:47:46.840982 [debug] [Thread-2 (]: Using postgres connection "model.liuxue_warehouse.int_admissions_cleaned"
[0m17:47:46.841946 [debug] [Thread-1 (]: Applying DROP to: "warehouse"."public"."feat_gre_impact__dbt_backup"
[0m17:47:46.842144 [debug] [Thread-2 (]: On model.liuxue_warehouse.int_admissions_cleaned: COMMIT
[0m17:47:46.843522 [debug] [Thread-1 (]: Using postgres connection "model.liuxue_warehouse.feat_gre_impact"
[0m17:47:46.843752 [debug] [Thread-1 (]: On model.liuxue_warehouse.feat_gre_impact: /* {"app": "dbt", "dbt_version": "1.11.7", "profile_name": "liuxue", "target_name": "local", "node_id": "model.liuxue_warehouse.feat_gre_impact"} */
drop table if exists "warehouse"."public"."feat_gre_impact__dbt_backup" cascade
[0m17:47:46.844068 [debug] [Thread-1 (]: SQL status: DROP TABLE in 0.000 seconds
[0m17:47:46.844660 [debug] [Thread-1 (]: On model.liuxue_warehouse.feat_gre_impact: Close
[0m17:47:46.844867 [debug] [Thread-2 (]: SQL status: COMMIT in 0.001 seconds
[0m17:47:46.846425 [debug] [Thread-2 (]: Applying DROP to: "warehouse"."public"."int_admissions_cleaned__dbt_backup"
[0m17:47:46.846709 [debug] [Thread-1 (]: Sending event: {'category': 'dbt', 'action': 'run_model', 'label': 'd5d0d892-c2ab-493b-b9c9-e83db87520d5', 'context': [<snowplow_tracker.self_describing_json.SelfDescribingJson object at 0x7cb3d818ae40>]}
[0m17:47:46.847133 [debug] [Thread-2 (]: Using postgres connection "model.liuxue_warehouse.int_admissions_cleaned"
[0m17:47:46.847447 [info ] [Thread-1 (]: 3 of 11 OK created sql table model public.feat_gre_impact ...................... [[32mSELECT 0[0m in 0.03s]
[0m17:47:46.847667 [debug] [Thread-2 (]: On model.liuxue_warehouse.int_admissions_cleaned: /* {"app": "dbt", "dbt_version": "1.11.7", "profile_name": "liuxue", "target_name": "local", "node_id": "model.liuxue_warehouse.int_admissions_cleaned"} */
drop table if exists "warehouse"."public"."int_admissions_cleaned__dbt_backup" cascade
[0m17:47:46.847933 [debug] [Thread-1 (]: Finished running node model.liuxue_warehouse.feat_gre_impact
[0m17:47:46.848155 [debug] [Thread-1 (]: Began running node model.liuxue_warehouse.mart_major_trend
[0m17:47:46.848376 [info ] [Thread-1 (]: 5 of 11 START sql table model public.mart_major_trend .......................... [RUN]
[0m17:47:46.848573 [debug] [Thread-1 (]: Re-using an available connection from the pool (formerly model.liuxue_warehouse.feat_gre_impact, now model.liuxue_warehouse.mart_major_trend)
[0m17:47:46.848743 [debug] [Thread-1 (]: Began compiling node model.liuxue_warehouse.mart_major_trend
[0m17:47:46.849819 [debug] [Thread-1 (]: Writing injected SQL for node "model.liuxue_warehouse.mart_major_trend"
[0m17:47:46.850030 [debug] [Thread-2 (]: SQL status: DROP TABLE in 0.002 seconds
[0m17:47:46.850703 [debug] [Thread-2 (]: On model.liuxue_warehouse.int_admissions_cleaned: Close
[0m17:47:46.850937 [debug] [Thread-1 (]: Began executing node model.liuxue_warehouse.mart_major_trend
[0m17:47:46.851197 [debug] [Thread-2 (]: Sending event: {'category': 'dbt', 'action': 'run_model', 'label': 'd5d0d892-c2ab-493b-b9c9-e83db87520d5', 'context': [<snowplow_tracker.self_describing_json.SelfDescribingJson object at 0x7cb3d81695e0>]}
[0m17:47:46.852830 [debug] [Thread-1 (]: Writing runtime sql for node "model.liuxue_warehouse.mart_major_trend"
[0m17:47:46.853141 [info ] [Thread-2 (]: 4 of 11 OK created sql table model public.int_admissions_cleaned ............... [[32mSELECT 0[0m in 0.04s]
[0m17:47:46.853456 [debug] [Thread-2 (]: Finished running node model.liuxue_warehouse.int_admissions_cleaned
[0m17:47:46.853696 [debug] [Thread-1 (]: Using postgres connection "model.liuxue_warehouse.mart_major_trend"
[0m17:47:46.853910 [debug] [Thread-1 (]: On model.liuxue_warehouse.mart_major_trend: /* {"app": "dbt", "dbt_version": "1.11.7", "profile_name": "liuxue", "target_name": "local", "node_id": "model.liuxue_warehouse.mart_major_trend"} */

  
    

  create  table "warehouse"."public"."mart_major_trend__dbt_tmp"
  
  
    as
  
  (
    -- 各专业大类的录取趋势
SELECT
    major_category,
    degree,
    year,
    COUNT(*) AS total_applications,
    ROUND(AVG(gpa)::numeric, 2) AS avg_gpa,
    ROUND(AVG(gre_q)::numeric, 1) AS avg_gre_q,
    ROUND(
        SUM(CASE WHEN decision = 'Accepted' THEN 1.0 ELSE 0 END) / NULLIF(COUNT(*), 0), 3
    ) AS acceptance_rate
FROM "warehouse"."public"."stg_gradcafe_admissions"
WHERE year IS NOT NULL
  AND gpa IS NOT NULL
  AND degree IN ('Masters', 'PhD')
GROUP BY major_category, degree, year
HAVING COUNT(*) >= 20
ORDER BY major_category, degree, year DESC
  );
  
[0m17:47:46.854105 [debug] [Thread-1 (]: Opening a new connection, currently in state closed
[0m17:47:46.854442 [debug] [Thread-2 (]: Began running node model.liuxue_warehouse.feat_competition_index
[0m17:47:46.854669 [info ] [Thread-2 (]: 6 of 11 START sql table model public.feat_competition_index .................... [RUN]
[0m17:47:46.854868 [debug] [Thread-2 (]: Re-using an available connection from the pool (formerly model.liuxue_warehouse.int_admissions_cleaned, now model.liuxue_warehouse.feat_competition_index)
[0m17:47:46.855059 [debug] [Thread-2 (]: Began compiling node model.liuxue_warehouse.feat_competition_index
[0m17:47:46.856174 [debug] [Thread-2 (]: Writing injected SQL for node "model.liuxue_warehouse.feat_competition_index"
[0m17:47:46.856442 [debug] [Thread-2 (]: Began executing node model.liuxue_warehouse.feat_competition_index
[0m17:47:46.857948 [debug] [Thread-2 (]: Writing runtime sql for node "model.liuxue_warehouse.feat_competition_index"
[0m17:47:46.858210 [debug] [Thread-2 (]: Using postgres connection "model.liuxue_warehouse.feat_competition_index"
[0m17:47:46.858411 [debug] [Thread-2 (]: On model.liuxue_warehouse.feat_competition_index: /* {"app": "dbt", "dbt_version": "1.11.7", "profile_name": "liuxue", "target_name": "local", "node_id": "model.liuxue_warehouse.feat_competition_index"} */

  
    

  create  table "warehouse"."public"."feat_competition_index__dbt_tmp"
  
  
    as
  
  (
    -- 专业竞争指数：综合录取率和申请者 GPA 水平
SELECT
    school, program, degree,
    acceptance_rate,
    gpa_p50,
    international_ratio,
    total_cases,
    -- 竞争指数 (0-100): GPA 门槛越高 + 录取率越低 = 越难进
    ROUND(
        (gpa_p50 * 25 - 50) + ((1 - acceptance_rate) * 100)
    )::integer AS competition_score,
    CASE
        WHEN acceptance_rate < 0.2 AND gpa_p50 > 3.7 THEN 'S-Tier (Extremely Selective)'
        WHEN acceptance_rate < 0.35 AND gpa_p50 > 3.5 THEN 'A-Tier (Very Selective)'
        WHEN acceptance_rate < 0.5 THEN 'B-Tier (Selective)'
        ELSE 'C-Tier (Accessible)'
    END AS tier
FROM "warehouse"."public"."int_admissions_cleaned"
WHERE total_cases >= 10
  );
  
[0m17:47:46.858596 [debug] [Thread-2 (]: Opening a new connection, currently in state closed
[0m17:47:46.858853 [debug] [Thread-1 (]: SQL status: SELECT 9 in 0.005 seconds
[0m17:47:46.861124 [debug] [Thread-1 (]: Using postgres connection "model.liuxue_warehouse.mart_major_trend"
[0m17:47:46.861466 [debug] [Thread-1 (]: On model.liuxue_warehouse.mart_major_trend: /* {"app": "dbt", "dbt_version": "1.11.7", "profile_name": "liuxue", "target_name": "local", "node_id": "model.liuxue_warehouse.mart_major_trend"} */
alter table "warehouse"."public"."mart_major_trend" rename to "mart_major_trend__dbt_backup"
[0m17:47:46.861910 [debug] [Thread-1 (]: SQL status: ALTER TABLE in 0.000 seconds
[0m17:47:46.863884 [debug] [Thread-1 (]: Using postgres connection "model.liuxue_warehouse.mart_major_trend"
[0m17:47:46.864102 [debug] [Thread-2 (]: SQL status: SELECT 0 in 0.005 seconds
[0m17:47:46.864308 [debug] [Thread-1 (]: On model.liuxue_warehouse.mart_major_trend: /* {"app": "dbt", "dbt_version": "1.11.7", "profile_name": "liuxue", "target_name": "local", "node_id": "model.liuxue_warehouse.mart_major_trend"} */
alter table "warehouse"."public"."mart_major_trend__dbt_tmp" rename to "mart_major_trend"
[0m17:47:46.865656 [debug] [Thread-2 (]: Using postgres connection "model.liuxue_warehouse.feat_competition_index"
[0m17:47:46.865873 [debug] [Thread-2 (]: On model.liuxue_warehouse.feat_competition_index: /* {"app": "dbt", "dbt_version": "1.11.7", "profile_name": "liuxue", "target_name": "local", "node_id": "model.liuxue_warehouse.feat_competition_index"} */
alter table "warehouse"."public"."feat_competition_index" rename to "feat_competition_index__dbt_backup"
[0m17:47:46.866066 [debug] [Thread-1 (]: SQL status: ALTER TABLE in 0.000 seconds
[0m17:47:46.866856 [debug] [Thread-1 (]: On model.liuxue_warehouse.mart_major_trend: COMMIT
[0m17:47:46.867057 [debug] [Thread-2 (]: SQL status: ALTER TABLE in 0.001 seconds
[0m17:47:46.867240 [debug] [Thread-1 (]: Using postgres connection "model.liuxue_warehouse.mart_major_trend"
[0m17:47:46.868455 [debug] [Thread-2 (]: Using postgres connection "model.liuxue_warehouse.feat_competition_index"
[0m17:47:46.868696 [debug] [Thread-1 (]: On model.liuxue_warehouse.mart_major_trend: COMMIT
[0m17:47:46.868894 [debug] [Thread-2 (]: On model.liuxue_warehouse.feat_competition_index: /* {"app": "dbt", "dbt_version": "1.11.7", "profile_name": "liuxue", "target_name": "local", "node_id": "model.liuxue_warehouse.feat_competition_index"} */
alter table "warehouse"."public"."feat_competition_index__dbt_tmp" rename to "feat_competition_index"
[0m17:47:46.869246 [debug] [Thread-2 (]: SQL status: ALTER TABLE in 0.000 seconds
[0m17:47:46.870017 [debug] [Thread-2 (]: On model.liuxue_warehouse.feat_competition_index: COMMIT
[0m17:47:46.870214 [debug] [Thread-1 (]: SQL status: COMMIT in 0.001 seconds
[0m17:47:46.870406 [debug] [Thread-2 (]: Using postgres connection "model.liuxue_warehouse.feat_competition_index"
[0m17:47:46.871381 [debug] [Thread-1 (]: Applying DROP to: "warehouse"."public"."mart_major_trend__dbt_backup"
[0m17:47:46.871576 [debug] [Thread-2 (]: On model.liuxue_warehouse.feat_competition_index: COMMIT
[0m17:47:46.871998 [debug] [Thread-1 (]: Using postgres connection "model.liuxue_warehouse.mart_major_trend"
[0m17:47:46.872203 [debug] [Thread-1 (]: On model.liuxue_warehouse.mart_major_trend: /* {"app": "dbt", "dbt_version": "1.11.7", "profile_name": "liuxue", "target_name": "local", "node_id": "model.liuxue_warehouse.mart_major_trend"} */
drop table if exists "warehouse"."public"."mart_major_trend__dbt_backup" cascade
[0m17:47:46.873205 [debug] [Thread-2 (]: SQL status: COMMIT in 0.001 seconds
[0m17:47:46.874690 [debug] [Thread-2 (]: Applying DROP to: "warehouse"."public"."feat_competition_index__dbt_backup"
[0m17:47:46.874896 [debug] [Thread-1 (]: SQL status: DROP TABLE in 0.003 seconds
[0m17:47:46.875292 [debug] [Thread-2 (]: Using postgres connection "model.liuxue_warehouse.feat_competition_index"
[0m17:47:46.875887 [debug] [Thread-1 (]: On model.liuxue_warehouse.mart_major_trend: Close
[0m17:47:46.876081 [debug] [Thread-2 (]: On model.liuxue_warehouse.feat_competition_index: /* {"app": "dbt", "dbt_version": "1.11.7", "profile_name": "liuxue", "target_name": "local", "node_id": "model.liuxue_warehouse.feat_competition_index"} */
drop table if exists "warehouse"."public"."feat_competition_index__dbt_backup" cascade
[0m17:47:46.876425 [debug] [Thread-1 (]: Sending event: {'category': 'dbt', 'action': 'run_model', 'label': 'd5d0d892-c2ab-493b-b9c9-e83db87520d5', 'context': [<snowplow_tracker.self_describing_json.SelfDescribingJson object at 0x7cb3d81a7ef0>]}
[0m17:47:46.876740 [info ] [Thread-1 (]: 5 of 11 OK created sql table model public.mart_major_trend ..................... [[32mSELECT 9[0m in 0.03s]
[0m17:47:46.877006 [debug] [Thread-1 (]: Finished running node model.liuxue_warehouse.mart_major_trend
[0m17:47:46.877202 [debug] [Thread-1 (]: Began running node model.liuxue_warehouse.feat_gpa_threshold
[0m17:47:46.877427 [info ] [Thread-1 (]: 7 of 11 START sql table model public.feat_gpa_threshold ........................ [RUN]
[0m17:47:46.877636 [debug] [Thread-1 (]: Re-using an available connection from the pool (formerly model.liuxue_warehouse.mart_major_trend, now model.liuxue_warehouse.feat_gpa_threshold)
[0m17:47:46.877816 [debug] [Thread-1 (]: Began compiling node model.liuxue_warehouse.feat_gpa_threshold
[0m17:47:46.878993 [debug] [Thread-1 (]: Writing injected SQL for node "model.liuxue_warehouse.feat_gpa_threshold"
[0m17:47:46.879254 [debug] [Thread-2 (]: SQL status: DROP TABLE in 0.003 seconds
[0m17:47:46.879906 [debug] [Thread-2 (]: On model.liuxue_warehouse.feat_competition_index: Close
[0m17:47:46.880146 [debug] [Thread-1 (]: Began executing node model.liuxue_warehouse.feat_gpa_threshold
[0m17:47:46.881698 [debug] [Thread-1 (]: Writing runtime sql for node "model.liuxue_warehouse.feat_gpa_threshold"
[0m17:47:46.881970 [debug] [Thread-2 (]: Sending event: {'category': 'dbt', 'action': 'run_model', 'label': 'd5d0d892-c2ab-493b-b9c9-e83db87520d5', 'context': [<snowplow_tracker.self_describing_json.SelfDescribingJson object at 0x7cb3e0142780>]}
[0m17:47:46.882302 [info ] [Thread-2 (]: 6 of 11 OK created sql table model public.feat_competition_index ............... [[32mSELECT 0[0m in 0.03s]
[0m17:47:46.882575 [debug] [Thread-2 (]: Finished running node model.liuxue_warehouse.feat_competition_index
[0m17:47:46.882814 [debug] [Thread-1 (]: Using postgres connection "model.liuxue_warehouse.feat_gpa_threshold"
[0m17:47:46.883027 [debug] [Thread-1 (]: On model.liuxue_warehouse.feat_gpa_threshold: /* {"app": "dbt", "dbt_version": "1.11.7", "profile_name": "liuxue", "target_name": "local", "node_id": "model.liuxue_warehouse.feat_gpa_threshold"} */

  
    

  create  table "warehouse"."public"."feat_gpa_threshold__dbt_tmp"
  
  
    as
  
  (
    -- 各校各专业的 GPA 录取阈值（按学位分层）
SELECT
    school, program, degree,
    gpa_p25, gpa_p50, gpa_p75,
    acceptance_rate,
    total_cases AS sample_size,
    CASE
        WHEN acceptance_rate >= 0.7 THEN 'Low Competition'
        WHEN acceptance_rate >= 0.4 THEN 'Moderate'
        ELSE 'High Competition'
    END AS competition_level,
    -- GPA 分级建议
    CASE
        WHEN gpa_p75 >= 3.8 THEN 'Ultra Competitive'
        WHEN gpa_p50 >= 3.5 THEN 'Competitive'
        WHEN gpa_p50 >= 3.2 THEN 'Moderate'
        ELSE 'Accessible'
    END AS gpa_requirement_level
FROM "warehouse"."public"."int_admissions_cleaned"
WHERE gpa_samples >= 10  -- 至少 10 个 GPA 样本
  );
  
[0m17:47:46.883219 [debug] [Thread-1 (]: Opening a new connection, currently in state closed
[0m17:47:46.886820 [debug] [Thread-1 (]: SQL status: SELECT 0 in 0.004 seconds
[0m17:47:46.888236 [debug] [Thread-1 (]: Using postgres connection "model.liuxue_warehouse.feat_gpa_threshold"
[0m17:47:46.888434 [debug] [Thread-1 (]: On model.liuxue_warehouse.feat_gpa_threshold: /* {"app": "dbt", "dbt_version": "1.11.7", "profile_name": "liuxue", "target_name": "local", "node_id": "model.liuxue_warehouse.feat_gpa_threshold"} */
alter table "warehouse"."public"."feat_gpa_threshold" rename to "feat_gpa_threshold__dbt_backup"
[0m17:47:46.888760 [debug] [Thread-1 (]: SQL status: ALTER TABLE in 0.000 seconds
[0m17:47:46.889959 [debug] [Thread-1 (]: Using postgres connection "model.liuxue_warehouse.feat_gpa_threshold"
[0m17:47:46.890159 [debug] [Thread-1 (]: On model.liuxue_warehouse.feat_gpa_threshold: /* {"app": "dbt", "dbt_version": "1.11.7", "profile_name": "liuxue", "target_name": "local", "node_id": "model.liuxue_warehouse.feat_gpa_threshold"} */
alter table "warehouse"."public"."feat_gpa_threshold__dbt_tmp" rename to "feat_gpa_threshold"
[0m17:47:46.890397 [debug] [Thread-1 (]: SQL status: ALTER TABLE in 0.000 seconds
[0m17:47:46.891148 [debug] [Thread-1 (]: On model.liuxue_warehouse.feat_gpa_threshold: COMMIT
[0m17:47:46.891342 [debug] [Thread-1 (]: Using postgres connection "model.liuxue_warehouse.feat_gpa_threshold"
[0m17:47:46.891512 [debug] [Thread-1 (]: On model.liuxue_warehouse.feat_gpa_threshold: COMMIT
[0m17:47:46.892091 [debug] [Thread-1 (]: SQL status: COMMIT in 0.000 seconds
[0m17:47:46.893103 [debug] [Thread-1 (]: Applying DROP to: "warehouse"."public"."feat_gpa_threshold__dbt_backup"
[0m17:47:46.893495 [debug] [Thread-1 (]: Using postgres connection "model.liuxue_warehouse.feat_gpa_threshold"
[0m17:47:46.893680 [debug] [Thread-1 (]: On model.liuxue_warehouse.feat_gpa_threshold: /* {"app": "dbt", "dbt_version": "1.11.7", "profile_name": "liuxue", "target_name": "local", "node_id": "model.liuxue_warehouse.feat_gpa_threshold"} */
drop table if exists "warehouse"."public"."feat_gpa_threshold__dbt_backup" cascade
[0m17:47:46.894542 [debug] [Thread-1 (]: SQL status: DROP TABLE in 0.001 seconds
[0m17:47:46.895091 [debug] [Thread-1 (]: On model.liuxue_warehouse.feat_gpa_threshold: Close
[0m17:47:46.895398 [debug] [Thread-1 (]: Sending event: {'category': 'dbt', 'action': 'run_model', 'label': 'd5d0d892-c2ab-493b-b9c9-e83db87520d5', 'context': [<snowplow_tracker.self_describing_json.SelfDescribingJson object at 0x7cb3d81975f0>]}
[0m17:47:46.895687 [info ] [Thread-1 (]: 7 of 11 OK created sql table model public.feat_gpa_threshold ................... [[32mSELECT 0[0m in 0.02s]
[0m17:47:46.895960 [debug] [Thread-1 (]: Finished running node model.liuxue_warehouse.feat_gpa_threshold
[0m17:47:46.896356 [debug] [Thread-2 (]: Began running node model.liuxue_warehouse.mart_school_admission_stats
[0m17:47:46.896618 [info ] [Thread-2 (]: 8 of 11 START sql table model public.mart_school_admission_stats ............... [RUN]
[0m17:47:46.896839 [debug] [Thread-2 (]: Re-using an available connection from the pool (formerly model.liuxue_warehouse.feat_competition_index, now model.liuxue_warehouse.mart_school_admission_stats)
[0m17:47:46.897028 [debug] [Thread-2 (]: Began compiling node model.liuxue_warehouse.mart_school_admission_stats
[0m17:47:46.898358 [debug] [Thread-2 (]: Writing injected SQL for node "model.liuxue_warehouse.mart_school_admission_stats"
[0m17:47:46.898625 [debug] [Thread-2 (]: Began executing node model.liuxue_warehouse.mart_school_admission_stats
[0m17:47:46.900153 [debug] [Thread-2 (]: Writing runtime sql for node "model.liuxue_warehouse.mart_school_admission_stats"
[0m17:47:46.900410 [debug] [Thread-2 (]: Using postgres connection "model.liuxue_warehouse.mart_school_admission_stats"
[0m17:47:46.900614 [debug] [Thread-2 (]: On model.liuxue_warehouse.mart_school_admission_stats: /* {"app": "dbt", "dbt_version": "1.11.7", "profile_name": "liuxue", "target_name": "local", "node_id": "model.liuxue_warehouse.mart_school_admission_stats"} */

  
    

  create  table "warehouse"."public"."mart_school_admission_stats__dbt_tmp"
  
  
    as
  
  (
    -- 学校-专业录取统计（Mart层汇总，给API和Dashboard用）
SELECT
    f.school,
    f.program,
    f.degree,
    f.gpa_p25, f.gpa_p50, f.gpa_p75,
    f.acceptance_rate,
    f.competition_level,
    f.gpa_requirement_level,
    f.sample_size,
    c.competition_score,
    c.tier,
    g.gre_q_mean, g.gre_v_mean,
    g.gre_q_acceptance_delta,
    c.international_ratio
FROM "warehouse"."public"."feat_gpa_threshold" f
LEFT JOIN "warehouse"."public"."feat_competition_index" c
    ON f.school = c.school AND f.program = c.program AND f.degree = c.degree
LEFT JOIN "warehouse"."public"."feat_gre_impact" g
    ON f.school = g.school AND f.program = g.program AND f.degree = g.degree
WHERE f.sample_size >= 10
ORDER BY c.competition_score DESC NULLS LAST
  );
  
[0m17:47:46.900807 [debug] [Thread-2 (]: Opening a new connection, currently in state closed
[0m17:47:46.904086 [debug] [Thread-2 (]: SQL status: SELECT 0 in 0.003 seconds
[0m17:47:46.905431 [debug] [Thread-2 (]: Using postgres connection "model.liuxue_warehouse.mart_school_admission_stats"
[0m17:47:46.905625 [debug] [Thread-2 (]: On model.liuxue_warehouse.mart_school_admission_stats: /* {"app": "dbt", "dbt_version": "1.11.7", "profile_name": "liuxue", "target_name": "local", "node_id": "model.liuxue_warehouse.mart_school_admission_stats"} */
alter table "warehouse"."public"."mart_school_admission_stats__dbt_tmp" rename to "mart_school_admission_stats"
[0m17:47:46.905882 [debug] [Thread-2 (]: SQL status: ALTER TABLE in 0.000 seconds
[0m17:47:46.906531 [debug] [Thread-2 (]: On model.liuxue_warehouse.mart_school_admission_stats: COMMIT
[0m17:47:46.906729 [debug] [Thread-2 (]: Using postgres connection "model.liuxue_warehouse.mart_school_admission_stats"
[0m17:47:46.906901 [debug] [Thread-2 (]: On model.liuxue_warehouse.mart_school_admission_stats: COMMIT
[0m17:47:46.907828 [debug] [Thread-2 (]: SQL status: COMMIT in 0.001 seconds
[0m17:47:46.908764 [debug] [Thread-2 (]: Applying DROP to: "warehouse"."public"."mart_school_admission_stats__dbt_backup"
[0m17:47:46.909185 [debug] [Thread-2 (]: Using postgres connection "model.liuxue_warehouse.mart_school_admission_stats"
[0m17:47:46.909372 [debug] [Thread-2 (]: On model.liuxue_warehouse.mart_school_admission_stats: /* {"app": "dbt", "dbt_version": "1.11.7", "profile_name": "liuxue", "target_name": "local", "node_id": "model.liuxue_warehouse.mart_school_admission_stats"} */
drop table if exists "warehouse"."public"."mart_school_admission_stats__dbt_backup" cascade
[0m17:47:46.909619 [debug] [Thread-2 (]: SQL status: DROP TABLE in 0.000 seconds
[0m17:47:46.910179 [debug] [Thread-2 (]: On model.liuxue_warehouse.mart_school_admission_stats: Close
[0m17:47:46.910470 [debug] [Thread-2 (]: Sending event: {'category': 'dbt', 'action': 'run_model', 'label': 'd5d0d892-c2ab-493b-b9c9-e83db87520d5', 'context': [<snowplow_tracker.self_describing_json.SelfDescribingJson object at 0x7cb3d81da210>]}
[0m17:47:46.910765 [info ] [Thread-2 (]: 8 of 11 OK created sql table model public.mart_school_admission_stats .......... [[32mSELECT 0[0m in 0.01s]
[0m17:47:46.911023 [debug] [Thread-2 (]: Finished running node model.liuxue_warehouse.mart_school_admission_stats
[0m17:47:46.911333 [debug] [Thread-1 (]: Began running node model.liuxue_warehouse.dash_admission_overview
[0m17:47:46.911522 [debug] [Thread-2 (]: Began running node model.liuxue_warehouse.dash_competition_heatmap
[0m17:47:46.911740 [info ] [Thread-1 (]: 9 of 11 START sql table model public.dash_admission_overview ................... [RUN]
[0m17:47:46.911989 [info ] [Thread-2 (]: 10 of 11 START sql table model public.dash_competition_heatmap ................. [RUN]
[0m17:47:46.912209 [debug] [Thread-1 (]: Re-using an available connection from the pool (formerly model.liuxue_warehouse.feat_gpa_threshold, now model.liuxue_warehouse.dash_admission_overview)
[0m17:47:46.912409 [debug] [Thread-2 (]: Re-using an available connection from the pool (formerly model.liuxue_warehouse.mart_school_admission_stats, now model.liuxue_warehouse.dash_competition_heatmap)
[0m17:47:46.912593 [debug] [Thread-1 (]: Began compiling node model.liuxue_warehouse.dash_admission_overview
[0m17:47:46.912772 [debug] [Thread-2 (]: Began compiling node model.liuxue_warehouse.dash_competition_heatmap
[0m17:47:46.914471 [debug] [Thread-1 (]: Writing injected SQL for node "model.liuxue_warehouse.dash_admission_overview"
[0m17:47:46.915570 [debug] [Thread-2 (]: Writing injected SQL for node "model.liuxue_warehouse.dash_competition_heatmap"
[0m17:47:46.915899 [debug] [Thread-2 (]: Began executing node model.liuxue_warehouse.dash_competition_heatmap
[0m17:47:46.916099 [debug] [Thread-1 (]: Began executing node model.liuxue_warehouse.dash_admission_overview
[0m17:47:46.917715 [debug] [Thread-2 (]: Writing runtime sql for node "model.liuxue_warehouse.dash_competition_heatmap"
[0m17:47:46.919251 [debug] [Thread-1 (]: Writing runtime sql for node "model.liuxue_warehouse.dash_admission_overview"
[0m17:47:46.919563 [debug] [Thread-2 (]: Using postgres connection "model.liuxue_warehouse.dash_competition_heatmap"
[0m17:47:46.919778 [debug] [Thread-1 (]: Using postgres connection "model.liuxue_warehouse.dash_admission_overview"
[0m17:47:46.919996 [debug] [Thread-2 (]: On model.liuxue_warehouse.dash_competition_heatmap: /* {"app": "dbt", "dbt_version": "1.11.7", "profile_name": "liuxue", "target_name": "local", "node_id": "model.liuxue_warehouse.dash_competition_heatmap"} */

  
    

  create  table "warehouse"."public"."dash_competition_heatmap__dbt_tmp"
  
  
    as
  
  (
    -- BI看板：竞争烈度热力图（专业 × 学位）
SELECT
    -- 提取大类（如 'Computer Science Masters' → major='CS', degree='Masters'）
    CASE
        WHEN program ILIKE '%computer sci%' OR major_category ILIKE '%computer sci%' THEN 'CS'
        WHEN program ILIKE '%data sci%' OR major_category ILIKE '%data sci%' THEN 'DS'
        WHEN program ILIKE '%electrical%' THEN 'EE'
        WHEN program ILIKE '%statistic%' THEN 'Stats'
        WHEN program ILIKE '%economics%' OR major_category ILIKE '%economics%' THEN 'Econ'
        WHEN program ILIKE '%finance%' OR major_category ILIKE '%finance%' THEN 'Finance'
        ELSE 'Other'
    END AS major_group,
    degree,
    ROUND(AVG(acceptance_rate)::numeric, 3) AS avg_acceptance_rate,
    ROUND(AVG(gpa_p50)::numeric, 2) AS avg_gpa_median,
    ROUND(AVG(competition_score)::numeric, 0) AS avg_competition_score,
    MAX(tier) AS top_tier,
    COUNT(*) AS program_count
FROM "warehouse"."public"."mart_school_admission_stats"
GROUP BY 1, degree
HAVING COUNT(*) >= 3
ORDER BY avg_competition_score DESC
  );
  
[0m17:47:46.920227 [debug] [Thread-1 (]: On model.liuxue_warehouse.dash_admission_overview: /* {"app": "dbt", "dbt_version": "1.11.7", "profile_name": "liuxue", "target_name": "local", "node_id": "model.liuxue_warehouse.dash_admission_overview"} */

  
    

  create  table "warehouse"."public"."dash_admission_overview__dbt_tmp"
  
  
    as
  
  (
    -- BI看板：录取全景
SELECT
    competition_level,
    degree,
    COUNT(DISTINCT school) AS school_count,
    COUNT(DISTINCT program) AS program_count,
    ROUND(AVG(acceptance_rate)::numeric, 3) AS avg_acceptance_rate,
    ROUND(AVG(gpa_p50)::numeric, 2) AS avg_gpa_median,
    SUM(sample_size) AS total_samples
FROM "warehouse"."public"."mart_school_admission_stats"
GROUP BY competition_level, degree
ORDER BY degree, avg_acceptance_rate
  );
  
[0m17:47:46.920421 [debug] [Thread-2 (]: Opening a new connection, currently in state closed
[0m17:47:46.920592 [debug] [Thread-1 (]: Opening a new connection, currently in state closed
[0m17:47:46.923258 [debug] [Thread-2 (]: Postgres adapter: Postgres error: 错误:  字段 "major_category" 不存在
LINE 16:         WHEN program ILIKE '%computer sci%' OR major_categor...
                                                        ^

[0m17:47:46.923483 [debug] [Thread-2 (]: On model.liuxue_warehouse.dash_competition_heatmap: ROLLBACK
[0m17:47:46.923759 [debug] [Thread-2 (]: On model.liuxue_warehouse.dash_competition_heatmap: Close
[0m17:47:46.924670 [debug] [Thread-1 (]: SQL status: SELECT 0 in 0.004 seconds
[0m17:47:46.926090 [debug] [Thread-1 (]: Using postgres connection "model.liuxue_warehouse.dash_admission_overview"
[0m17:47:46.926292 [debug] [Thread-1 (]: On model.liuxue_warehouse.dash_admission_overview: /* {"app": "dbt", "dbt_version": "1.11.7", "profile_name": "liuxue", "target_name": "local", "node_id": "model.liuxue_warehouse.dash_admission_overview"} */
alter table "warehouse"."public"."dash_admission_overview__dbt_tmp" rename to "dash_admission_overview"
[0m17:47:46.926635 [debug] [Thread-1 (]: SQL status: ALTER TABLE in 0.000 seconds
[0m17:47:46.927348 [debug] [Thread-1 (]: On model.liuxue_warehouse.dash_admission_overview: COMMIT
[0m17:47:46.928059 [debug] [Thread-2 (]: Database Error in model dash_competition_heatmap (models/dashboard/dash_competition_heatmap.sql)
  错误:  字段 "major_category" 不存在
  LINE 16:         WHEN program ILIKE '%computer sci%' OR major_categor...
                                                          ^
  compiled code at target/run/liuxue_warehouse/models/dashboard/dash_competition_heatmap.sql
[0m17:47:46.928287 [debug] [Thread-1 (]: Using postgres connection "model.liuxue_warehouse.dash_admission_overview"
[0m17:47:46.928529 [debug] [Thread-2 (]: Sending event: {'category': 'dbt', 'action': 'run_model', 'label': 'd5d0d892-c2ab-493b-b9c9-e83db87520d5', 'context': [<snowplow_tracker.self_describing_json.SelfDescribingJson object at 0x7cb3d818a2a0>]}
[0m17:47:46.928733 [debug] [Thread-1 (]: On model.liuxue_warehouse.dash_admission_overview: COMMIT
[0m17:47:46.929032 [error] [Thread-2 (]: 10 of 11 ERROR creating sql table model public.dash_competition_heatmap ........ [[31mERROR[0m in 0.02s]
[0m17:47:46.929337 [debug] [Thread-2 (]: Finished running node model.liuxue_warehouse.dash_competition_heatmap
[0m17:47:46.929535 [debug] [Thread-2 (]: Began running node model.liuxue_warehouse.dash_top_schools
[0m17:47:46.929759 [info ] [Thread-2 (]: 11 of 11 START sql table model public.dash_top_schools ......................... [RUN]
[0m17:47:46.929974 [debug] [Thread-2 (]: Re-using an available connection from the pool (formerly model.liuxue_warehouse.dash_competition_heatmap, now model.liuxue_warehouse.dash_top_schools)
[0m17:47:46.930159 [debug] [Thread-2 (]: Began compiling node model.liuxue_warehouse.dash_top_schools
[0m17:47:46.931292 [debug] [Thread-2 (]: Writing injected SQL for node "model.liuxue_warehouse.dash_top_schools"
[0m17:47:46.931582 [debug] [Thread-5 (]: Marking all children of 'model.liuxue_warehouse.dash_competition_heatmap' to be skipped because of status 'error'.  Reason: Database Error in model dash_competition_heatmap (models/dashboard/dash_competition_heatmap.sql)
  错误:  字段 "major_category" 不存在
  LINE 16:         WHEN program ILIKE '%computer sci%' OR major_categor...
                                                          ^
  compiled code at target/run/liuxue_warehouse/models/dashboard/dash_competition_heatmap.sql.
[0m17:47:46.931798 [debug] [Thread-1 (]: SQL status: COMMIT in 0.003 seconds
[0m17:47:46.933097 [debug] [Thread-1 (]: Applying DROP to: "warehouse"."public"."dash_admission_overview__dbt_backup"
[0m17:47:46.933493 [debug] [Thread-1 (]: Using postgres connection "model.liuxue_warehouse.dash_admission_overview"
[0m17:47:46.933691 [debug] [Thread-2 (]: Began executing node model.liuxue_warehouse.dash_top_schools
[0m17:47:46.933885 [debug] [Thread-1 (]: On model.liuxue_warehouse.dash_admission_overview: /* {"app": "dbt", "dbt_version": "1.11.7", "profile_name": "liuxue", "target_name": "local", "node_id": "model.liuxue_warehouse.dash_admission_overview"} */
drop table if exists "warehouse"."public"."dash_admission_overview__dbt_backup" cascade
[0m17:47:46.935419 [debug] [Thread-2 (]: Writing runtime sql for node "model.liuxue_warehouse.dash_top_schools"
[0m17:47:46.935711 [debug] [Thread-2 (]: Using postgres connection "model.liuxue_warehouse.dash_top_schools"
[0m17:47:46.935918 [debug] [Thread-1 (]: SQL status: DROP TABLE in 0.000 seconds
[0m17:47:46.936113 [debug] [Thread-2 (]: On model.liuxue_warehouse.dash_top_schools: /* {"app": "dbt", "dbt_version": "1.11.7", "profile_name": "liuxue", "target_name": "local", "node_id": "model.liuxue_warehouse.dash_top_schools"} */

  
    

  create  table "warehouse"."public"."dash_top_schools__dbt_tmp"
  
  
    as
  
  (
    -- BI看板：Top 20 热门学校
SELECT
    school,
    degree,
    COUNT(DISTINCT program) AS program_diversity,
    SUM(sample_size) AS total_samples,
    ROUND(AVG(acceptance_rate)::numeric, 3) AS avg_acceptance_rate,
    ROUND(AVG(gpa_p50)::numeric, 2) AS avg_gpa_median,
    MAX(tier) AS top_tier
FROM "warehouse"."public"."mart_school_admission_stats"
GROUP BY school, degree
HAVING SUM(sample_size) >= 20
ORDER BY total_samples DESC
LIMIT 20
  );
  
[0m17:47:46.936751 [debug] [Thread-1 (]: On model.liuxue_warehouse.dash_admission_overview: Close
[0m17:47:46.936947 [debug] [Thread-2 (]: Opening a new connection, currently in state closed
[0m17:47:46.937271 [debug] [Thread-1 (]: Sending event: {'category': 'dbt', 'action': 'run_model', 'label': 'd5d0d892-c2ab-493b-b9c9-e83db87520d5', 'context': [<snowplow_tracker.self_describing_json.SelfDescribingJson object at 0x7cb3d81cea80>]}
[0m17:47:46.937575 [info ] [Thread-1 (]: 9 of 11 OK created sql table model public.dash_admission_overview .............. [[32mSELECT 0[0m in 0.03s]
[0m17:47:46.937846 [debug] [Thread-1 (]: Finished running node model.liuxue_warehouse.dash_admission_overview
[0m17:47:46.940526 [debug] [Thread-2 (]: SQL status: SELECT 0 in 0.004 seconds
[0m17:47:46.941996 [debug] [Thread-2 (]: Using postgres connection "model.liuxue_warehouse.dash_top_schools"
[0m17:47:46.942198 [debug] [Thread-2 (]: On model.liuxue_warehouse.dash_top_schools: /* {"app": "dbt", "dbt_version": "1.11.7", "profile_name": "liuxue", "target_name": "local", "node_id": "model.liuxue_warehouse.dash_top_schools"} */
alter table "warehouse"."public"."dash_top_schools__dbt_tmp" rename to "dash_top_schools"
[0m17:47:46.942460 [debug] [Thread-2 (]: SQL status: ALTER TABLE in 0.000 seconds
[0m17:47:46.943139 [debug] [Thread-2 (]: On model.liuxue_warehouse.dash_top_schools: COMMIT
[0m17:47:46.943334 [debug] [Thread-2 (]: Using postgres connection "model.liuxue_warehouse.dash_top_schools"
[0m17:47:46.943508 [debug] [Thread-2 (]: On model.liuxue_warehouse.dash_top_schools: COMMIT
[0m17:47:46.944323 [debug] [Thread-2 (]: SQL status: COMMIT in 0.001 seconds
[0m17:47:46.945295 [debug] [Thread-2 (]: Applying DROP to: "warehouse"."public"."dash_top_schools__dbt_backup"
[0m17:47:46.945729 [debug] [Thread-2 (]: Using postgres connection "model.liuxue_warehouse.dash_top_schools"
[0m17:47:46.945907 [debug] [Thread-2 (]: On model.liuxue_warehouse.dash_top_schools: /* {"app": "dbt", "dbt_version": "1.11.7", "profile_name": "liuxue", "target_name": "local", "node_id": "model.liuxue_warehouse.dash_top_schools"} */
drop table if exists "warehouse"."public"."dash_top_schools__dbt_backup" cascade
[0m17:47:46.946151 [debug] [Thread-2 (]: SQL status: DROP TABLE in 0.000 seconds
[0m17:47:46.946704 [debug] [Thread-2 (]: On model.liuxue_warehouse.dash_top_schools: Close
[0m17:47:46.946996 [debug] [Thread-2 (]: Sending event: {'category': 'dbt', 'action': 'run_model', 'label': 'd5d0d892-c2ab-493b-b9c9-e83db87520d5', 'context': [<snowplow_tracker.self_describing_json.SelfDescribingJson object at 0x7cb3d817a300>]}
[0m17:47:46.947285 [info ] [Thread-2 (]: 11 of 11 OK created sql table model public.dash_top_schools .................... [[32mSELECT 0[0m in 0.02s]
[0m17:47:46.947540 [debug] [Thread-2 (]: Finished running node model.liuxue_warehouse.dash_top_schools
[0m17:47:46.948104 [debug] [MainThread]: On master: COMMIT
[0m17:47:46.948301 [debug] [MainThread]: Using postgres connection "master"
[0m17:47:46.948464 [debug] [MainThread]: On master: COMMIT
[0m17:47:46.948613 [debug] [MainThread]: Opening a new connection, currently in state closed
[0m17:47:46.951154 [debug] [MainThread]: SQL status: COMMIT in 0.003 seconds
[0m17:47:46.951366 [debug] [MainThread]: On master: Close
[0m17:47:46.951639 [debug] [MainThread]: Connection 'master' was properly closed.
[0m17:47:46.951807 [debug] [MainThread]: Connection 'model.liuxue_warehouse.dash_admission_overview' was properly closed.
[0m17:47:46.951953 [debug] [MainThread]: Connection 'model.liuxue_warehouse.dash_top_schools' was properly closed.
[0m17:47:46.952158 [info ] [MainThread]: 
[0m17:47:46.952332 [info ] [MainThread]: Finished running 9 table models, 2 view models in 0 hours 0 minutes and 0.26 seconds (0.26s).
[0m17:47:46.953124 [debug] [MainThread]: Command end result
[0m17:47:46.961373 [debug] [MainThread]: Wrote artifact WritableManifest to /home/zp/work/guoji-agent/dbt_liuxue/target/manifest.json
[0m17:47:46.962215 [debug] [MainThread]: Wrote artifact SemanticManifest to /home/zp/work/guoji-agent/dbt_liuxue/target/semantic_manifest.json
[0m17:47:46.964981 [debug] [MainThread]: Wrote artifact RunExecutionResult to /home/zp/work/guoji-agent/dbt_liuxue/target/run_results.json
[0m17:47:46.965184 [info ] [MainThread]: 
[0m17:47:46.965376 [info ] [MainThread]: [31mCompleted with 1 error, 0 partial successes, and 0 warnings:[0m
[0m17:47:46.965540 [info ] [MainThread]: 
[0m17:47:46.965729 [error] [MainThread]: [31mFailure in model dash_competition_heatmap (models/dashboard/dash_competition_heatmap.sql)[0m
[0m17:47:46.965915 [error] [MainThread]:   Database Error in model dash_competition_heatmap (models/dashboard/dash_competition_heatmap.sql)
  错误:  字段 "major_category" 不存在
  LINE 16:         WHEN program ILIKE '%computer sci%' OR major_categor...
                                                          ^
  compiled code at target/run/liuxue_warehouse/models/dashboard/dash_competition_heatmap.sql
[0m17:47:46.966067 [info ] [MainThread]: 
[0m17:47:46.966240 [info ] [MainThread]:   compiled code at target/compiled/liuxue_warehouse/models/dashboard/dash_competition_heatmap.sql
[0m17:47:46.966392 [info ] [MainThread]: 
[0m17:47:46.966560 [info ] [MainThread]: Done. PASS=10 WARN=0 ERROR=1 SKIP=0 NO-OP=0 TOTAL=11
[0m17:47:46.967101 [debug] [MainThread]: Resource report: {"command_name": "run", "command_success": false, "command_wall_clock_time": 0.74066514, "process_in_blocks": "0", "process_kernel_time": 0.108576, "process_mem_max_rss": "132752", "process_out_blocks": "3264", "process_user_time": 1.343126}
[0m17:47:46.967355 [debug] [MainThread]: Command `dbt run` failed at 17:47:46.967306 after 0.74 seconds
[0m17:47:46.967559 [debug] [MainThread]: Sending event: {'category': 'dbt', 'action': 'invocation', 'label': 'end', 'context': [<snowplow_tracker.self_describing_json.SelfDescribingJson object at 0x7cb3e99bf920>, <snowplow_tracker.self_describing_json.SelfDescribingJson object at 0x7cb3e5a90c50>, <snowplow_tracker.self_describing_json.SelfDescribingJson object at 0x7cb3e3f6d610>]}
[0m17:47:46.967754 [debug] [MainThread]: Flushing usage events
[0m17:47:49.481538 [debug] [MainThread]: An error was encountered while trying to flush usage events
[0m17:48:00.564050 [debug] [MainThread]: Sending event: {'category': 'dbt', 'action': 'invocation', 'label': 'start', 'context': [<snowplow_tracker.self_describing_json.SelfDescribingJson object at 0x704228da4c20>, <snowplow_tracker.self_describing_json.SelfDescribingJson object at 0x7042270ab530>, <snowplow_tracker.self_describing_json.SelfDescribingJson object at 0x704226fa7a40>]}


============================== 17:48:00.565602 | 5b7741bf-7ed4-447e-b0c1-ef79e39f9bf5 ==============================
[0m17:48:00.565602 [info ] [MainThread]: Running with dbt=1.11.7
[0m17:48:00.565867 [debug] [MainThread]: running dbt with arguments {'log_cache_events': 'False', 'warn_error_options': 'WarnErrorOptionsV2(error=[], warn=[], silence=[])', 'use_colors': 'True', 'version_check': 'True', 'introspect': 'True', 'partial_parse': 'True', 'send_anonymous_usage_stats': 'True', 'quiet': 'False', 'static_parser': 'True', 'empty': 'None', 'warn_error': 'None', 'log_format': 'default', 'fail_fast': 'False', 'cache_selected_only': 'False', 'debug': 'False', 'target_path': 'None', 'profiles_dir': '/home/zp/work/guoji-agent/dbt_liuxue', 'write_json': 'True', 'invocation_command': 'dbt debug', 'log_path': '/home/zp/work/guoji-agent/dbt_liuxue/logs', 'indirect_selection': 'eager', 'no_print': 'None', 'use_experimental_parser': 'False', 'printer_width': '80'}
[0m17:48:00.569479 [info ] [MainThread]: dbt version: 1.11.7
[0m17:48:00.569706 [info ] [MainThread]: python version: 3.12.7
[0m17:48:00.569859 [info ] [MainThread]: python path: /home/zp/anaconda3/bin/python
[0m17:48:00.570000 [info ] [MainThread]: os info: Linux-6.5.0-44-generic-x86_64-with-glibc2.39
[0m17:48:00.592728 [info ] [MainThread]: Using profiles dir at /home/zp/work/guoji-agent/dbt_liuxue
[0m17:48:00.592955 [info ] [MainThread]: Using profiles.yml file at /home/zp/work/guoji-agent/dbt_liuxue/profiles.yml
[0m17:48:00.593111 [info ] [MainThread]: Using dbt_project.yml file at /home/zp/work/guoji-agent/dbt_liuxue/dbt_project.yml
[0m17:48:00.593317 [info ] [MainThread]: adapter type: postgres
[0m17:48:00.593463 [info ] [MainThread]: adapter version: 1.10.0
[0m17:48:00.653979 [info ] [MainThread]: Configuration:
[0m17:48:00.654212 [info ] [MainThread]:   profiles.yml file [[32mOK found and valid[0m]
[0m17:48:00.654378 [info ] [MainThread]:   dbt_project.yml file [[32mOK found and valid[0m]
[0m17:48:00.654532 [info ] [MainThread]: Required dependencies:
[0m17:48:00.654695 [debug] [MainThread]: Executing "git --help"
[0m17:48:00.655804 [debug] [MainThread]: STDOUT: "b"\xe7\x94\xa8\xe6\xb3\x95\xef\xbc\x9agit [-v | --version] [-h | --help] [-C <path>] [-c <name>=<value>]\n           [--exec-path[=<path>]] [--html-path] [--man-path] [--info-path]\n           [-p | --paginate | -P | --no-pager] [--no-replace-objects] [--bare]\n           [--git-dir=<path>] [--work-tree=<path>] [--namespace=<name>]\n           [--config-env=<name>=<envvar>] <command> [<args>]\n\n\xe8\xbf\x99\xe4\xba\x9b\xe6\x98\xaf\xe5\x90\x84\xe7\xa7\x8d\xe5\x9c\xba\xe5\x90\x88\xe5\xb8\xb8\xe8\xa7\x81\xe7\x9a\x84 Git \xe5\x91\xbd\xe4\xbb\xa4\xef\xbc\x9a\n\n\xe5\xbc\x80\xe5\xa7\x8b\xe4\xb8\x80\xe4\xb8\xaa\xe5\xb7\xa5\xe4\xbd\x9c\xe5\x8c\xba\xef\xbc\x88\xe5\x8f\x82\xe8\xa7\x81\xef\xbc\x9agit help tutorial\xef\xbc\x89\n   clone     \xe5\x85\x8b\xe9\x9a\x86\xe4\xbb\x93\xe5\xba\x93\xe5\x88\xb0\xe4\xb8\x80\xe4\xb8\xaa\xe6\x96\xb0\xe7\x9b\xae\xe5\xbd\x95\n   init      \xe5\x88\x9b\xe5\xbb\xba\xe4\xb8\x80\xe4\xb8\xaa\xe7\xa9\xba\xe7\x9a\x84 Git \xe4\xbb\x93\xe5\xba\x93\xe6\x88\x96\xe9\x87\x8d\xe6\x96\xb0\xe5\x88\x9d\xe5\xa7\x8b\xe5\x8c\x96\xe4\xb8\x80\xe4\xb8\xaa\xe5\xb7\xb2\xe5\xad\x98\xe5\x9c\xa8\xe7\x9a\x84\xe4\xbb\x93\xe5\xba\x93\n\n\xe5\x9c\xa8\xe5\xbd\x93\xe5\x89\x8d\xe5\x8f\x98\xe6\x9b\xb4\xe4\xb8\x8a\xe5\xb7\xa5\xe4\xbd\x9c\xef\xbc\x88\xe5\x8f\x82\xe8\xa7\x81\xef\xbc\x9agit help everyday\xef\xbc\x89\n   add       \xe6\xb7\xbb\xe5\x8a\xa0\xe6\x96\x87\xe4\xbb\xb6\xe5\x86\x85\xe5\xae\xb9\xe8\x87\xb3\xe7\xb4\xa2\xe5\xbc\x95\n   mv        \xe7\xa7\xbb\xe5\x8a\xa8\xe6\x88\x96\xe9\x87\x8d\xe5\x91\xbd\xe5\x90\x8d\xe4\xb8\x80\xe4\xb8\xaa\xe6\x96\x87\xe4\xbb\xb6\xe3\x80\x81\xe7\x9b\xae\xe5\xbd\x95\xe6\x88\x96\xe7\xac\xa6\xe5\x8f\xb7\xe9\x93\xbe\xe6\x8e\xa5\n   restore   \xe6\x81\xa2\xe5\xa4\x8d\xe5\xb7\xa5\xe4\xbd\x9c\xe5\x8c\xba\xe6\x96\x87\xe4\xbb\xb6\n   rm        \xe4\xbb\x8e\xe5\xb7\xa5\xe4\xbd\x9c\xe5\x8c\xba\xe5\x92\x8c\xe7\xb4\xa2\xe5\xbc\x95\xe4\xb8\xad\xe5\x88\xa0\xe9\x99\xa4\xe6\x96\x87\xe4\xbb\xb6\n\n\xe6\xa3\x80\xe6\x9f\xa5\xe5\x8e\x86\xe5\x8f\xb2\xe5\x92\x8c\xe7\x8a\xb6\xe6\x80\x81\xef\xbc\x88\xe5\x8f\x82\xe8\xa7\x81\xef\xbc\x9agit help revisions\xef\xbc\x89\n   bisect    \xe9\x80\x9a\xe8\xbf\x87\xe4\xba\x8c\xe5\x88\x86\xe6\x9f\xa5\xe6\x89\xbe\xe5\xae\x9a\xe4\xbd\x8d\xe5\xbc\x95\xe5\x85\xa5 bug \xe7\x9a\x84\xe6\x8f\x90\xe4\xba\xa4\n   diff      \xe6\x98\xbe\xe7\xa4\xba\xe6\x8f\x90\xe4\xba\xa4\xe4\xb9\x8b\xe9\x97\xb4\xe3\x80\x81\xe6\x8f\x90\xe4\xba\xa4\xe5\x92\x8c\xe5\xb7\xa5\xe4\xbd\x9c\xe5\x8c\xba\xe4\xb9\x8b\xe9\x97\xb4\xe7\xad\x89\xe7\x9a\x84\xe5\xb7\xae\xe5\xbc\x82\n   grep      \xe8\xbe\x93\xe5\x87\xba\xe5\x92\x8c\xe6\xa8\xa1\xe5\xbc\x8f\xe5\x8c\xb9\xe9\x85\x8d\xe7\x9a\x84\xe8\xa1\x8c\n   log       \xe6\x98\xbe\xe7\xa4\xba\xe6\x8f\x90\xe4\xba\xa4\xe6\x97\xa5\xe5\xbf\x97\n   show      \xe6\x98\xbe\xe7\xa4\xba\xe5\x90\x84\xe7\xa7\x8d\xe7\xb1\xbb\xe5\x9e\x8b\xe7\x9a\x84\xe5\xaf\xb9\xe8\xb1\xa1\n   status    \xe6\x98\xbe\xe7\xa4\xba\xe5\xb7\xa5\xe4\xbd\x9c\xe5\x8c\xba\xe7\x8a\xb6\xe6\x80\x81\n\n\xe6\x89\xa9\xe5\xb1\x95\xe3\x80\x81\xe6\xa0\x87\xe8\xae\xb0\xe5\x92\x8c\xe8\xb0\x83\xe6\xa0\xa1\xe6\x82\xa8\xe7\x9a\x84\xe5\x8e\x86\xe5\x8f\xb2\xe8\xae\xb0\xe5\xbd\x95\n   branch    \xe5\x88\x97\xe5\x87\xba\xe3\x80\x81\xe5\x88\x9b\xe5\xbb\xba\xe6\x88\x96\xe5\x88\xa0\xe9\x99\xa4\xe5\x88\x86\xe6\x94\xaf\n   commit    \xe8\xae\xb0\xe5\xbd\x95\xe5\x8f\x98\xe6\x9b\xb4\xe5\x88\xb0\xe4\xbb\x93\xe5\xba\x93\n   merge     \xe5\x90\x88\xe5\xb9\xb6\xe4\xb8\xa4\xe4\xb8\xaa\xe6\x88\x96\xe6\x9b\xb4\xe5\xa4\x9a\xe5\xbc\x80\xe5\x8f\x91\xe5\x8e\x86\xe5\x8f\xb2\n   rebase    \xe5\x9c\xa8\xe5\x8f\xa6\xe4\xb8\x80\xe4\xb8\xaa\xe5\x88\x86\xe6\x94\xaf\xe4\xb8\x8a\xe9\x87\x8d\xe6\x96\xb0\xe5\xba\x94\xe7\x94\xa8\xe6\x8f\x90\xe4\xba\xa4\n   reset     \xe9\x87\x8d\xe7\xbd\xae\xe5\xbd\x93\xe5\x89\x8d HEAD \xe5\x88\xb0\xe6\x8c\x87\xe5\xae\x9a\xe7\x8a\xb6\xe6\x80\x81\n   switch    \xe5\x88\x87\xe6\x8d\xa2\xe5\x88\x86\xe6\x94\xaf\n   tag       \xe5\x88\x9b\xe5\xbb\xba\xe3\x80\x81\xe5\x88\x97\xe5\x87\xba\xe3\x80\x81\xe5\x88\xa0\xe9\x99\xa4\xe6\x88\x96\xe6\xa0\xa1\xe9\xaa\x8c\xe4\xb8\x80\xe4\xb8\xaa GPG \xe7\xad\xbe\xe5\x90\x8d\xe7\x9a\x84\xe6\xa0\x87\xe7\xad\xbe\xe5\xaf\xb9\xe8\xb1\xa1\n\n\xe5\x8d\x8f\xe5\x90\x8c\xef\xbc\x88\xe5\x8f\x82\xe8\xa7\x81\xef\xbc\x9agit help workflows\xef\xbc\x89\n   fetch     \xe4\xbb\x8e\xe5\x8f\xa6\xe5\xa4\x96\xe4\xb8\x80\xe4\xb8\xaa\xe4\xbb\x93\xe5\xba\x93\xe4\xb8\x8b\xe8\xbd\xbd\xe5\xaf\xb9\xe8\xb1\xa1\xe5\x92\x8c\xe5\xbc\x95\xe7\x94\xa8\n   pull      \xe8\x8e\xb7\xe5\x8f\x96\xe5\xb9\xb6\xe6\x95\xb4\xe5\x90\x88\xe5\x8f\xa6\xe5\xa4\x96\xe7\x9a\x84\xe4\xbb\x93\xe5\xba\x93\xe6\x88\x96\xe4\xb8\x80\xe4\xb8\xaa\xe6\x9c\xac\xe5\x9c\xb0\xe5\x88\x86\xe6\x94\xaf\n   push      \xe6\x9b\xb4\xe6\x96\xb0\xe8\xbf\x9c\xe7\xa8\x8b\xe5\xbc\x95\xe7\x94\xa8\xe5\x92\x8c\xe7\x9b\xb8\xe5\x85\xb3\xe7\x9a\x84\xe5\xaf\xb9\xe8\xb1\xa1\n\n\xe5\x91\xbd\xe4\xbb\xa4 'git help -a' \xe5\x92\x8c 'git help -g' \xe6\x98\xbe\xe7\xa4\xba\xe5\x8f\xaf\xe7\x94\xa8\xe7\x9a\x84\xe5\xad\x90\xe5\x91\xbd\xe4\xbb\xa4\xe5\x92\x8c\xe4\xb8\x80\xe4\xba\x9b\xe6\xa6\x82\xe5\xbf\xb5\xe5\xb8\xae\xe5\x8a\xa9\xe3\x80\x82\n\xe6\x9f\xa5\xe7\x9c\x8b 'git help <\xe5\x91\xbd\xe4\xbb\xa4>' \xe6\x88\x96 'git help <\xe6\xa6\x82\xe5\xbf\xb5>' \xe4\xbb\xa5\xe8\x8e\xb7\xe5\x8f\x96\xe7\xbb\x99\xe5\xae\x9a\xe5\xad\x90\xe5\x91\xbd\xe4\xbb\xa4\xe6\x88\x96\xe6\xa6\x82\xe5\xbf\xb5\xe7\x9a\x84\n\xe5\xb8\xae\xe5\x8a\xa9\xe3\x80\x82\n\xe6\x9c\x89\xe5\x85\xb3\xe7\xb3\xbb\xe7\xbb\x9f\xe7\x9a\x84\xe6\xa6\x82\xe8\xbf\xb0\xef\xbc\x8c\xe6\x9f\xa5\xe7\x9c\x8b 'git help git'\xe3\x80\x82\n""
[0m17:48:00.656100 [debug] [MainThread]: STDERR: "b''"
[0m17:48:00.656251 [info ] [MainThread]:  - git [[32mOK found[0m]

[0m17:48:00.656408 [info ] [MainThread]: Connection:
[0m17:48:00.656561 [info ] [MainThread]:   host: localhost
[0m17:48:00.656699 [info ] [MainThread]:   port: 5432
[0m17:48:00.656832 [info ] [MainThread]:   user: postgres
[0m17:48:00.656969 [info ] [MainThread]:   database: warehouse
[0m17:48:00.657101 [info ] [MainThread]:   schema: public
[0m17:48:00.657229 [info ] [MainThread]:   connect_timeout: 10
[0m17:48:00.657360 [info ] [MainThread]:   role: None
[0m17:48:00.657485 [info ] [MainThread]:   search_path: None
[0m17:48:00.657614 [info ] [MainThread]:   keepalives_idle: 0
[0m17:48:00.657740 [info ] [MainThread]:   sslmode: None
[0m17:48:00.657865 [info ] [MainThread]:   sslcert: None
[0m17:48:00.657997 [info ] [MainThread]:   sslkey: None
[0m17:48:00.658129 [info ] [MainThread]:   sslrootcert: None
[0m17:48:00.658260 [info ] [MainThread]:   application_name: dbt
[0m17:48:00.658385 [info ] [MainThread]:   retries: 1
[0m17:48:00.658580 [info ] [MainThread]: Registered adapter: postgres=1.10.0
[0m17:48:00.680152 [debug] [MainThread]: Acquiring new postgres connection 'debug'
[0m17:48:00.688105 [debug] [MainThread]: Using postgres connection "debug"
[0m17:48:00.688305 [debug] [MainThread]: On debug: select 1 as id
[0m17:48:00.688456 [debug] [MainThread]: Opening a new connection, currently in state init
[0m17:48:00.693331 [debug] [MainThread]: SQL status: SELECT 1 in 0.005 seconds
[0m17:48:00.693777 [debug] [MainThread]: On debug: Close
[0m17:48:00.694003 [info ] [MainThread]:   Connection test: [[32mOK connection ok[0m]

[0m17:48:00.694175 [info ] [MainThread]: [32mAll checks passed![0m
[0m17:48:00.694600 [debug] [MainThread]: Resource report: {"command_name": "debug", "command_success": true, "command_wall_clock_time": 0.16490418, "process_in_blocks": "0", "process_kernel_time": 0.108183, "process_mem_max_rss": "118472", "process_out_blocks": "24", "process_user_time": 0.785328}
[0m17:48:00.694858 [debug] [MainThread]: Command `dbt debug` succeeded at 17:48:00.694815 after 0.17 seconds
[0m17:48:00.695024 [debug] [MainThread]: Connection 'debug' was properly closed.
[0m17:48:00.695195 [debug] [MainThread]: Sending event: {'category': 'dbt', 'action': 'invocation', 'label': 'end', 'context': [<snowplow_tracker.self_describing_json.SelfDescribingJson object at 0x7042261cde50>, <snowplow_tracker.self_describing_json.SelfDescribingJson object at 0x704228da4c20>, <snowplow_tracker.self_describing_json.SelfDescribingJson object at 0x70422615f020>]}
[0m17:48:00.695398 [debug] [MainThread]: Flushing usage events
[0m17:48:02.791964 [debug] [MainThread]: An error was encountered while trying to flush usage events
[0m17:48:03.640807 [debug] [MainThread]: Sending event: {'category': 'dbt', 'action': 'invocation', 'label': 'start', 'context': [<snowplow_tracker.self_describing_json.SelfDescribingJson object at 0x7b74c6ccbbf0>, <snowplow_tracker.self_describing_json.SelfDescribingJson object at 0x7b74c66fa780>, <snowplow_tracker.self_describing_json.SelfDescribingJson object at 0x7b74c681a930>]}


============================== 17:48:03.642427 | 59dadf2c-3e04-4823-aecf-aa943ad9f1e1 ==============================
[0m17:48:03.642427 [info ] [MainThread]: Running with dbt=1.11.7
[0m17:48:03.642689 [debug] [MainThread]: running dbt with arguments {'debug': 'False', 'quiet': 'False', 'printer_width': '80', 'profiles_dir': '/home/zp/work/guoji-agent/dbt_liuxue', 'partial_parse': 'True', 'use_experimental_parser': 'False', 'empty': 'False', 'warn_error': 'None', 'target_path': 'None', 'log_cache_events': 'False', 'version_check': 'True', 'use_colors': 'True', 'write_json': 'True', 'log_path': '/home/zp/work/guoji-agent/dbt_liuxue/logs', 'cache_selected_only': 'False', 'introspect': 'True', 'log_format': 'default', 'no_print': 'None', 'invocation_command': 'dbt run', 'static_parser': 'True', 'warn_error_options': 'WarnErrorOptionsV2(error=[], warn=[], silence=[])', 'indirect_selection': 'eager', 'fail_fast': 'False', 'send_anonymous_usage_stats': 'True'}
[0m17:48:03.754540 [debug] [MainThread]: Sending event: {'category': 'dbt', 'action': 'project_id', 'label': '59dadf2c-3e04-4823-aecf-aa943ad9f1e1', 'context': [<snowplow_tracker.self_describing_json.SelfDescribingJson object at 0x7b74c53722a0>]}
[0m17:48:03.796435 [debug] [MainThread]: Sending event: {'category': 'dbt', 'action': 'adapter_info', 'label': '59dadf2c-3e04-4823-aecf-aa943ad9f1e1', 'context': [<snowplow_tracker.self_describing_json.SelfDescribingJson object at 0x7b74c62da240>]}
[0m17:48:03.796895 [info ] [MainThread]: Registered adapter: postgres=1.10.0
[0m17:48:03.823071 [debug] [MainThread]: checksum: b80718358155fc17c3559352095564dd56ada1cc1a1c0ef2e62c857e71583775, vars: {}, profile: , target: , version: 1.11.7
[0m17:48:03.864837 [debug] [MainThread]: Partial parsing enabled: 0 files deleted, 0 files added, 1 files changed.
[0m17:48:03.865162 [debug] [MainThread]: Partial parsing: updated file: liuxue_warehouse://models/dashboard/dash_competition_heatmap.sql
[0m17:48:04.017368 [debug] [MainThread]: Sending event: {'category': 'dbt', 'action': 'load_project', 'label': '59dadf2c-3e04-4823-aecf-aa943ad9f1e1', 'context': [<snowplow_tracker.self_describing_json.SelfDescribingJson object at 0x7b74c430bd40>]}
[0m17:48:04.073061 [debug] [MainThread]: Wrote artifact WritableManifest to /home/zp/work/guoji-agent/dbt_liuxue/target/manifest.json
[0m17:48:04.075434 [debug] [MainThread]: Wrote artifact SemanticManifest to /home/zp/work/guoji-agent/dbt_liuxue/target/semantic_manifest.json
[0m17:48:04.081100 [debug] [MainThread]: Sending event: {'category': 'dbt', 'action': 'resource_counts', 'label': '59dadf2c-3e04-4823-aecf-aa943ad9f1e1', 'context': [<snowplow_tracker.self_describing_json.SelfDescribingJson object at 0x7b74c43cfa10>]}
[0m17:48:04.081346 [info ] [MainThread]: Found 11 models, 1 source, 465 macros
[0m17:48:04.081527 [debug] [MainThread]: Sending event: {'category': 'dbt', 'action': 'runnable_timing', 'label': '59dadf2c-3e04-4823-aecf-aa943ad9f1e1', 'context': [<snowplow_tracker.self_describing_json.SelfDescribingJson object at 0x7b74c3f5eb40>]}
[0m17:48:04.082483 [info ] [MainThread]: 
[0m17:48:04.082690 [info ] [MainThread]: Concurrency: 2 threads (target='local')
[0m17:48:04.082851 [info ] [MainThread]: 
[0m17:48:04.083089 [debug] [MainThread]: Acquiring new postgres connection 'master'
[0m17:48:04.085006 [debug] [ThreadPool]: Acquiring new postgres connection 'list_warehouse'
[0m17:48:04.096567 [debug] [ThreadPool]: Using postgres connection "list_warehouse"
[0m17:48:04.096772 [debug] [ThreadPool]: On list_warehouse: /* {"app": "dbt", "dbt_version": "1.11.7", "profile_name": "liuxue", "target_name": "local", "connection_name": "list_warehouse"} */

    select distinct nspname from pg_namespace
  
[0m17:48:04.096941 [debug] [ThreadPool]: Opening a new connection, currently in state init
[0m17:48:04.101609 [debug] [ThreadPool]: SQL status: SELECT 5 in 0.005 seconds
[0m17:48:04.102202 [debug] [ThreadPool]: On list_warehouse: Close
[0m17:48:04.103183 [debug] [ThreadPool]: Re-using an available connection from the pool (formerly list_warehouse, now list_warehouse_public)
[0m17:48:04.105853 [debug] [ThreadPool]: Using postgres connection "list_warehouse_public"
[0m17:48:04.106108 [debug] [ThreadPool]: On list_warehouse_public: /* {"app": "dbt", "dbt_version": "1.11.7", "profile_name": "liuxue", "target_name": "local", "connection_name": "list_warehouse_public"} */
select
      'warehouse' as database,
      tablename as name,
      schemaname as schema,
      'table' as type
    from pg_tables
    where schemaname ilike 'public'
    union all
    select
      'warehouse' as database,
      viewname as name,
      schemaname as schema,
      'view' as type
    from pg_views
    where schemaname ilike 'public'
    union all
    select
      'warehouse' as database,
      matviewname as name,
      schemaname as schema,
      'materialized_view' as type
    from pg_matviews
    where schemaname ilike 'public'
  
[0m17:48:04.106324 [debug] [ThreadPool]: Opening a new connection, currently in state closed
[0m17:48:04.110797 [debug] [ThreadPool]: SQL status: SELECT 10 in 0.004 seconds
[0m17:48:04.111484 [debug] [ThreadPool]: On list_warehouse_public: ROLLBACK
[0m17:48:04.111724 [debug] [ThreadPool]: On list_warehouse_public: Close
[0m17:48:04.114384 [debug] [MainThread]: Using postgres connection "master"
[0m17:48:04.114640 [debug] [MainThread]: On master: /* {"app": "dbt", "dbt_version": "1.11.7", "profile_name": "liuxue", "target_name": "local", "connection_name": "master"} */
select distinct
        dependent_namespace.nspname as dependent_schema,
        dependent_class.relname as dependent_name,
        referenced_namespace.nspname as referenced_schema,
        referenced_class.relname as referenced_name

    -- Query for views: views are entries in pg_class with an entry in pg_rewrite, but we avoid
    -- a seq scan on pg_rewrite by leveraging the fact there is an "internal" row in pg_depend for
    -- the view...
    from pg_class as dependent_class
    join pg_namespace as dependent_namespace on dependent_namespace.oid = dependent_class.relnamespace
    join pg_depend as dependent_depend on dependent_depend.refobjid = dependent_class.oid
        and dependent_depend.classid = 'pg_rewrite'::regclass
        and dependent_depend.refclassid = 'pg_class'::regclass
        and dependent_depend.deptype = 'i'

    -- ... and via pg_depend (that has a row per column, hence the need for "distinct" above, and
    -- making sure to exclude the internal row to avoid a view appearing to depend on itself)...
    join pg_depend as joining_depend on joining_depend.objid = dependent_depend.objid
        and joining_depend.classid = 'pg_rewrite'::regclass
        and joining_depend.refclassid = 'pg_class'::regclass
        and joining_depend.refobjid != dependent_depend.refobjid

    -- ... we can find the tables they query from in pg_class, but excluding system tables. Note we
    -- don't need need to exclude _dependent_ system tables, because they only query from other
    -- system tables, and so are automatically excluded by excluding _referenced_ system tables
    join pg_class as referenced_class on referenced_class.oid = joining_depend.refobjid
    join pg_namespace as referenced_namespace on referenced_namespace.oid = referenced_class.relnamespace
        and referenced_namespace.nspname != 'information_schema'
        and referenced_namespace.nspname not like 'pg\_%'

    order by
        dependent_schema, dependent_name, referenced_schema, referenced_name;
[0m17:48:04.114857 [debug] [MainThread]: Opening a new connection, currently in state init
[0m17:48:04.119890 [debug] [MainThread]: SQL status: SELECT 2 in 0.005 seconds
[0m17:48:04.120866 [debug] [MainThread]: Sending event: {'category': 'dbt', 'action': 'runnable_timing', 'label': '59dadf2c-3e04-4823-aecf-aa943ad9f1e1', 'context': [<snowplow_tracker.self_describing_json.SelfDescribingJson object at 0x7b74c6f01970>]}
[0m17:48:04.121284 [debug] [MainThread]: On master: ROLLBACK
[0m17:48:04.121670 [debug] [MainThread]: On master: COMMIT
[0m17:48:04.121951 [debug] [MainThread]: Using postgres connection "master"
[0m17:48:04.122204 [debug] [MainThread]: On master: COMMIT
[0m17:48:04.122518 [debug] [MainThread]: SQL status: COMMIT in 0.000 seconds
[0m17:48:04.122768 [debug] [MainThread]: On master: Close
[0m17:48:04.124481 [debug] [Thread-1 (]: Began running node model.liuxue_warehouse.stg_gradcafe_admissions
[0m17:48:04.124850 [debug] [Thread-2 (]: Began running node model.liuxue_warehouse.stg_school_info
[0m17:48:04.125226 [info ] [Thread-1 (]: 1 of 11 START sql view model public.stg_gradcafe_admissions .................... [RUN]
[0m17:48:04.125593 [info ] [Thread-2 (]: 2 of 11 START sql view model public.stg_school_info ............................ [RUN]
[0m17:48:04.125918 [debug] [Thread-1 (]: Re-using an available connection from the pool (formerly list_warehouse_public, now model.liuxue_warehouse.stg_gradcafe_admissions)
[0m17:48:04.126275 [debug] [Thread-2 (]: Acquiring new postgres connection 'model.liuxue_warehouse.stg_school_info'
[0m17:48:04.126564 [debug] [Thread-1 (]: Began compiling node model.liuxue_warehouse.stg_gradcafe_admissions
[0m17:48:04.126833 [debug] [Thread-2 (]: Began compiling node model.liuxue_warehouse.stg_school_info
[0m17:48:04.131501 [debug] [Thread-1 (]: Writing injected SQL for node "model.liuxue_warehouse.stg_gradcafe_admissions"
[0m17:48:04.133591 [debug] [Thread-2 (]: Writing injected SQL for node "model.liuxue_warehouse.stg_school_info"
[0m17:48:04.134105 [debug] [Thread-1 (]: Began executing node model.liuxue_warehouse.stg_gradcafe_admissions
[0m17:48:04.134448 [debug] [Thread-2 (]: Began executing node model.liuxue_warehouse.stg_school_info
[0m17:48:04.153609 [debug] [Thread-1 (]: Writing runtime sql for node "model.liuxue_warehouse.stg_gradcafe_admissions"
[0m17:48:04.154245 [debug] [Thread-2 (]: Writing runtime sql for node "model.liuxue_warehouse.stg_school_info"
[0m17:48:04.154581 [debug] [Thread-1 (]: Using postgres connection "model.liuxue_warehouse.stg_gradcafe_admissions"
[0m17:48:04.154824 [debug] [Thread-1 (]: On model.liuxue_warehouse.stg_gradcafe_admissions: /* {"app": "dbt", "dbt_version": "1.11.7", "profile_name": "liuxue", "target_name": "local", "node_id": "model.liuxue_warehouse.stg_gradcafe_admissions"} */

  create view "warehouse"."public"."stg_gradcafe_admissions__dbt_tmp"
    
    
  as (
    -- 清洗 GradCafe 原始数据：类型转换、过滤无效记录
WITH cleaned AS (
    SELECT
        id,
        school,
        program,
        -- 推断学位层级
        CASE
            WHEN program ILIKE '%phd%' OR program ILIKE '%doctor%' THEN 'PhD'
            WHEN program ILIKE '%master%' OR program ILIKE '%ms %' OR program ILIKE '%m.eng%'
                OR program ILIKE '%mba%' OR program ILIKE '%m.a.%' THEN 'Masters'
            WHEN program ILIKE '%bachelor%' OR program ILIKE '%b.s.%' OR program ILIKE '%undergrad%' THEN 'Bachelors'
            ELSE 'Other'
        END AS degree,
        season,
        year,
        nationality,
        CASE
            WHEN decision ILIKE '%accept%' THEN 'Accepted'
            WHEN decision ILIKE '%reject%' THEN 'Rejected'
            WHEN decision ILIKE '%wait%' THEN 'Waitlisted'
            WHEN decision ILIKE '%interview%' THEN 'Interview'
            ELSE 'Other'
        END AS decision,
        decision_date,
        -- GPA 范围校验
        CASE WHEN gpa > 0 AND gpa <= 4.0 THEN gpa ELSE NULL END AS gpa,
        CASE WHEN gre_q >= 130 AND gre_q <= 170 THEN gre_q ELSE NULL END AS gre_q,
        CASE WHEN gre_v >= 130 AND gre_v <= 170 THEN gre_v ELSE NULL END AS gre_v,
        CASE WHEN gre_aw >= 0 AND gre_aw <= 6.0 THEN gre_aw ELSE NULL END AS gre_aw,
        CASE WHEN toefl >= 0 AND toefl <= 120 THEN toefl ELSE NULL END AS toefl,
        comment,
        source_url,
        major_category,
        crawled_at
    FROM raw.gradcafe_admissions
    WHERE school IS NOT NULL
      AND school != ''
)
SELECT * FROM cleaned
  );
[0m17:48:04.155072 [debug] [Thread-2 (]: Using postgres connection "model.liuxue_warehouse.stg_school_info"
[0m17:48:04.155266 [debug] [Thread-1 (]: Opening a new connection, currently in state closed
[0m17:48:04.155470 [debug] [Thread-2 (]: On model.liuxue_warehouse.stg_school_info: /* {"app": "dbt", "dbt_version": "1.11.7", "profile_name": "liuxue", "target_name": "local", "node_id": "model.liuxue_warehouse.stg_school_info"} */

  create view "warehouse"."public"."stg_school_info__dbt_tmp"
    
    
  as (
    -- 从录取数据中提取学校标准化名称
-- 注：完整的大学信息（排名/国家/官网）通过 sync_rankings.py 单独采集
WITH distinct_schools AS (
    SELECT DISTINCT
        school,
        '' AS country,
        NULL::integer AS qs_rank,
        NULL::integer AS usnews_rank
    FROM raw.gradcafe_admissions
    WHERE school IS NOT NULL
)
SELECT
    ROW_NUMBER() OVER () AS school_id,
    school,
    country,
    qs_rank,
    usnews_rank
FROM distinct_schools
  );
[0m17:48:04.155719 [debug] [Thread-2 (]: Opening a new connection, currently in state init
[0m17:48:04.159194 [debug] [Thread-2 (]: SQL status: CREATE VIEW in 0.003 seconds
[0m17:48:04.159436 [debug] [Thread-1 (]: SQL status: CREATE VIEW in 0.004 seconds
[0m17:48:04.162362 [debug] [Thread-2 (]: Using postgres connection "model.liuxue_warehouse.stg_school_info"
[0m17:48:04.164053 [debug] [Thread-1 (]: Using postgres connection "model.liuxue_warehouse.stg_gradcafe_admissions"
[0m17:48:04.164321 [debug] [Thread-2 (]: On model.liuxue_warehouse.stg_school_info: /* {"app": "dbt", "dbt_version": "1.11.7", "profile_name": "liuxue", "target_name": "local", "node_id": "model.liuxue_warehouse.stg_school_info"} */
alter table "warehouse"."public"."stg_school_info" rename to "stg_school_info__dbt_backup"
[0m17:48:04.164585 [debug] [Thread-1 (]: On model.liuxue_warehouse.stg_gradcafe_admissions: /* {"app": "dbt", "dbt_version": "1.11.7", "profile_name": "liuxue", "target_name": "local", "node_id": "model.liuxue_warehouse.stg_gradcafe_admissions"} */
alter table "warehouse"."public"."stg_gradcafe_admissions" rename to "stg_gradcafe_admissions__dbt_backup"
[0m17:48:04.165036 [debug] [Thread-1 (]: SQL status: ALTER TABLE in 0.000 seconds
[0m17:48:04.165253 [debug] [Thread-2 (]: SQL status: ALTER TABLE in 0.000 seconds
[0m17:48:04.166642 [debug] [Thread-1 (]: Using postgres connection "model.liuxue_warehouse.stg_gradcafe_admissions"
[0m17:48:04.167933 [debug] [Thread-2 (]: Using postgres connection "model.liuxue_warehouse.stg_school_info"
[0m17:48:04.168147 [debug] [Thread-1 (]: On model.liuxue_warehouse.stg_gradcafe_admissions: /* {"app": "dbt", "dbt_version": "1.11.7", "profile_name": "liuxue", "target_name": "local", "node_id": "model.liuxue_warehouse.stg_gradcafe_admissions"} */
alter table "warehouse"."public"."stg_gradcafe_admissions__dbt_tmp" rename to "stg_gradcafe_admissions"
[0m17:48:04.168347 [debug] [Thread-2 (]: On model.liuxue_warehouse.stg_school_info: /* {"app": "dbt", "dbt_version": "1.11.7", "profile_name": "liuxue", "target_name": "local", "node_id": "model.liuxue_warehouse.stg_school_info"} */
alter table "warehouse"."public"."stg_school_info__dbt_tmp" rename to "stg_school_info"
[0m17:48:04.168673 [debug] [Thread-1 (]: SQL status: ALTER TABLE in 0.000 seconds
[0m17:48:04.173930 [debug] [Thread-2 (]: SQL status: ALTER TABLE in 0.005 seconds
[0m17:48:04.176700 [debug] [Thread-1 (]: On model.liuxue_warehouse.stg_gradcafe_admissions: COMMIT
[0m17:48:04.177535 [debug] [Thread-2 (]: On model.liuxue_warehouse.stg_school_info: COMMIT
[0m17:48:04.177757 [debug] [Thread-1 (]: Using postgres connection "model.liuxue_warehouse.stg_gradcafe_admissions"
[0m17:48:04.177963 [debug] [Thread-2 (]: Using postgres connection "model.liuxue_warehouse.stg_school_info"
[0m17:48:04.178156 [debug] [Thread-1 (]: On model.liuxue_warehouse.stg_gradcafe_admissions: COMMIT
[0m17:48:04.178344 [debug] [Thread-2 (]: On model.liuxue_warehouse.stg_school_info: COMMIT
[0m17:48:04.179097 [debug] [Thread-1 (]: SQL status: COMMIT in 0.001 seconds
[0m17:48:04.181983 [debug] [Thread-1 (]: Applying DROP to: "warehouse"."public"."stg_gradcafe_admissions__dbt_backup"
[0m17:48:04.182239 [debug] [Thread-2 (]: SQL status: COMMIT in 0.004 seconds
[0m17:48:04.184738 [debug] [Thread-1 (]: Using postgres connection "model.liuxue_warehouse.stg_gradcafe_admissions"
[0m17:48:04.186377 [debug] [Thread-2 (]: Applying DROP to: "warehouse"."public"."stg_school_info__dbt_backup"
[0m17:48:04.186601 [debug] [Thread-1 (]: On model.liuxue_warehouse.stg_gradcafe_admissions: /* {"app": "dbt", "dbt_version": "1.11.7", "profile_name": "liuxue", "target_name": "local", "node_id": "model.liuxue_warehouse.stg_gradcafe_admissions"} */
drop view if exists "warehouse"."public"."stg_gradcafe_admissions__dbt_backup" cascade
[0m17:48:04.187048 [debug] [Thread-2 (]: Using postgres connection "model.liuxue_warehouse.stg_school_info"
[0m17:48:04.187265 [debug] [Thread-2 (]: On model.liuxue_warehouse.stg_school_info: /* {"app": "dbt", "dbt_version": "1.11.7", "profile_name": "liuxue", "target_name": "local", "node_id": "model.liuxue_warehouse.stg_school_info"} */
drop view if exists "warehouse"."public"."stg_school_info__dbt_backup" cascade
[0m17:48:04.188474 [debug] [Thread-2 (]: SQL status: DROP VIEW in 0.001 seconds
[0m17:48:04.189576 [debug] [Thread-2 (]: On model.liuxue_warehouse.stg_school_info: Close
[0m17:48:04.189789 [debug] [Thread-1 (]: SQL status: DROP VIEW in 0.003 seconds
[0m17:48:04.190415 [debug] [Thread-1 (]: On model.liuxue_warehouse.stg_gradcafe_admissions: Close
[0m17:48:04.191357 [debug] [Thread-2 (]: Sending event: {'category': 'dbt', 'action': 'run_model', 'label': '59dadf2c-3e04-4823-aecf-aa943ad9f1e1', 'context': [<snowplow_tracker.self_describing_json.SelfDescribingJson object at 0x7b74c6d289e0>]}
[0m17:48:04.191567 [debug] [Thread-1 (]: Sending event: {'category': 'dbt', 'action': 'run_model', 'label': '59dadf2c-3e04-4823-aecf-aa943ad9f1e1', 'context': [<snowplow_tracker.self_describing_json.SelfDescribingJson object at 0x7b74c01456a0>]}
[0m17:48:04.191907 [info ] [Thread-2 (]: 2 of 11 OK created sql view model public.stg_school_info ....................... [[32mCREATE VIEW[0m in 0.06s]
[0m17:48:04.192245 [info ] [Thread-1 (]: 1 of 11 OK created sql view model public.stg_gradcafe_admissions ............... [[32mCREATE VIEW[0m in 0.07s]
[0m17:48:04.192543 [debug] [Thread-2 (]: Finished running node model.liuxue_warehouse.stg_school_info
[0m17:48:04.192801 [debug] [Thread-1 (]: Finished running node model.liuxue_warehouse.stg_gradcafe_admissions
[0m17:48:04.193342 [debug] [Thread-2 (]: Began running node model.liuxue_warehouse.feat_gre_impact
[0m17:48:04.193557 [debug] [Thread-1 (]: Began running node model.liuxue_warehouse.int_admissions_cleaned
[0m17:48:04.193786 [info ] [Thread-2 (]: 3 of 11 START sql table model public.feat_gre_impact ........................... [RUN]
[0m17:48:04.194034 [info ] [Thread-1 (]: 4 of 11 START sql table model public.int_admissions_cleaned .................... [RUN]
[0m17:48:04.194251 [debug] [Thread-2 (]: Re-using an available connection from the pool (formerly model.liuxue_warehouse.stg_school_info, now model.liuxue_warehouse.feat_gre_impact)
[0m17:48:04.194457 [debug] [Thread-1 (]: Re-using an available connection from the pool (formerly model.liuxue_warehouse.stg_gradcafe_admissions, now model.liuxue_warehouse.int_admissions_cleaned)
[0m17:48:04.194655 [debug] [Thread-2 (]: Began compiling node model.liuxue_warehouse.feat_gre_impact
[0m17:48:04.194839 [debug] [Thread-1 (]: Began compiling node model.liuxue_warehouse.int_admissions_cleaned
[0m17:48:04.196118 [debug] [Thread-2 (]: Writing injected SQL for node "model.liuxue_warehouse.feat_gre_impact"
[0m17:48:04.197324 [debug] [Thread-1 (]: Writing injected SQL for node "model.liuxue_warehouse.int_admissions_cleaned"
[0m17:48:04.197642 [debug] [Thread-2 (]: Began executing node model.liuxue_warehouse.feat_gre_impact
[0m17:48:04.202939 [debug] [Thread-1 (]: Began executing node model.liuxue_warehouse.int_admissions_cleaned
[0m17:48:04.206926 [debug] [Thread-2 (]: Writing runtime sql for node "model.liuxue_warehouse.feat_gre_impact"
[0m17:48:04.208574 [debug] [Thread-1 (]: Writing runtime sql for node "model.liuxue_warehouse.int_admissions_cleaned"
[0m17:48:04.208958 [debug] [Thread-1 (]: Using postgres connection "model.liuxue_warehouse.int_admissions_cleaned"
[0m17:48:04.209195 [debug] [Thread-1 (]: On model.liuxue_warehouse.int_admissions_cleaned: /* {"app": "dbt", "dbt_version": "1.11.7", "profile_name": "liuxue", "target_name": "local", "node_id": "model.liuxue_warehouse.int_admissions_cleaned"} */

  
    

  create  table "warehouse"."public"."int_admissions_cleaned__dbt_tmp"
  
  
    as
  
  (
    -- 中间层：录取数据按校/专业聚合，计算竞争度
WITH base AS (
    SELECT
        school, program, degree, season, year,
        nationality, decision, gpa, gre_q, gre_v, gre_aw, toefl,
        major_category
    FROM "warehouse"."public"."stg_gradcafe_admissions"
    WHERE gpa IS NOT NULL
      AND degree IN ('Masters', 'PhD', 'Bachelors')
)
SELECT
    school,
    program,
    degree,
    season,
    year,
    -- 录取统计
    COUNT(*) AS total_cases,
    SUM(CASE WHEN decision = 'Accepted' THEN 1 ELSE 0 END) AS accepted_count,
    SUM(CASE WHEN decision = 'Rejected' THEN 1 ELSE 0 END) AS rejected_count,
    ROUND(
        SUM(CASE WHEN decision = 'Accepted' THEN 1.0 ELSE 0 END) / NULLIF(COUNT(*), 0), 3
    ) AS acceptance_rate,
    -- GPA 分位数
    ROUND(AVG(gpa)::numeric, 2) AS gpa_mean,
    ROUND(PERCENTILE_CONT(0.25) WITHIN GROUP (ORDER BY gpa)::numeric, 2) AS gpa_p25,
    ROUND(PERCENTILE_CONT(0.50) WITHIN GROUP (ORDER BY gpa)::numeric, 2) AS gpa_p50,
    ROUND(PERCENTILE_CONT(0.75) WITHIN GROUP (ORDER BY gpa)::numeric, 2) AS gpa_p75,
    -- GRE 统计
    ROUND(AVG(gre_q)::numeric, 1) AS gre_q_mean,
    ROUND(AVG(gre_v)::numeric, 1) AS gre_v_mean,
    -- 国际生占比
    ROUND(
        SUM(CASE WHEN nationality = 'International' THEN 1.0 ELSE 0 END) / NULLIF(COUNT(*), 0), 3
    ) AS international_ratio,
    -- 样本量
    COUNT(*) FILTER (WHERE gpa IS NOT NULL) AS gpa_samples
FROM base
GROUP BY school, program, degree, season, year
HAVING COUNT(*) >= 5  -- 至少 5 条案例才纳入统计
  );
  
[0m17:48:04.209404 [debug] [Thread-1 (]: Opening a new connection, currently in state closed
[0m17:48:04.209682 [debug] [Thread-2 (]: Using postgres connection "model.liuxue_warehouse.feat_gre_impact"
[0m17:48:04.209910 [debug] [Thread-2 (]: On model.liuxue_warehouse.feat_gre_impact: /* {"app": "dbt", "dbt_version": "1.11.7", "profile_name": "liuxue", "target_name": "local", "node_id": "model.liuxue_warehouse.feat_gre_impact"} */

  
    

  create  table "warehouse"."public"."feat_gre_impact__dbt_tmp"
  
  
    as
  
  (
    -- GRE 成绩对录取的影响分析
SELECT
    school, program, degree,
    ROUND(AVG(gre_q)::numeric, 1) AS gre_q_mean,
    ROUND(AVG(gre_v)::numeric, 1) AS gre_v_mean,
    -- 国际生录取中 GRE Q 的关键度
    ROUND(
        AVG(CASE WHEN gre_q >= 165 THEN 1.0 ELSE 0.0 END)::numeric, 2
    ) AS gre_q_high_ratio,
    -- GRE 对录取的区分度
    ROUND(
        (
            AVG(CASE WHEN decision = 'Accepted' AND gre_q IS NOT NULL THEN gre_q END) -
            AVG(CASE WHEN decision = 'Rejected' AND gre_q IS NOT NULL THEN gre_q END)
        )::numeric, 1
    ) AS gre_q_acceptance_delta,
    COUNT(*) FILTER (WHERE gre_q IS NOT NULL) AS gre_samples
FROM "warehouse"."public"."stg_gradcafe_admissions"
WHERE degree IN ('Masters', 'PhD')
  AND gre_q IS NOT NULL
GROUP BY school, program, degree
HAVING COUNT(*) FILTER (WHERE gre_q IS NOT NULL) >= 5
  );
  
[0m17:48:04.210109 [debug] [Thread-2 (]: Opening a new connection, currently in state closed
[0m17:48:04.214048 [debug] [Thread-2 (]: SQL status: SELECT 0 in 0.004 seconds
[0m17:48:04.217047 [debug] [Thread-2 (]: Using postgres connection "model.liuxue_warehouse.feat_gre_impact"
[0m17:48:04.217271 [debug] [Thread-1 (]: SQL status: SELECT 0 in 0.008 seconds
[0m17:48:04.217536 [debug] [Thread-2 (]: On model.liuxue_warehouse.feat_gre_impact: /* {"app": "dbt", "dbt_version": "1.11.7", "profile_name": "liuxue", "target_name": "local", "node_id": "model.liuxue_warehouse.feat_gre_impact"} */
alter table "warehouse"."public"."feat_gre_impact" rename to "feat_gre_impact__dbt_backup"
[0m17:48:04.218973 [debug] [Thread-1 (]: Using postgres connection "model.liuxue_warehouse.int_admissions_cleaned"
[0m17:48:04.219206 [debug] [Thread-1 (]: On model.liuxue_warehouse.int_admissions_cleaned: /* {"app": "dbt", "dbt_version": "1.11.7", "profile_name": "liuxue", "target_name": "local", "node_id": "model.liuxue_warehouse.int_admissions_cleaned"} */
alter table "warehouse"."public"."int_admissions_cleaned" rename to "int_admissions_cleaned__dbt_backup"
[0m17:48:04.219410 [debug] [Thread-2 (]: SQL status: ALTER TABLE in 0.000 seconds
[0m17:48:04.220673 [debug] [Thread-2 (]: Using postgres connection "model.liuxue_warehouse.feat_gre_impact"
[0m17:48:04.220883 [debug] [Thread-1 (]: SQL status: ALTER TABLE in 0.001 seconds
[0m17:48:04.221069 [debug] [Thread-2 (]: On model.liuxue_warehouse.feat_gre_impact: /* {"app": "dbt", "dbt_version": "1.11.7", "profile_name": "liuxue", "target_name": "local", "node_id": "model.liuxue_warehouse.feat_gre_impact"} */
alter table "warehouse"."public"."feat_gre_impact__dbt_tmp" rename to "feat_gre_impact"
[0m17:48:04.222317 [debug] [Thread-1 (]: Using postgres connection "model.liuxue_warehouse.int_admissions_cleaned"
[0m17:48:04.222546 [debug] [Thread-1 (]: On model.liuxue_warehouse.int_admissions_cleaned: /* {"app": "dbt", "dbt_version": "1.11.7", "profile_name": "liuxue", "target_name": "local", "node_id": "model.liuxue_warehouse.int_admissions_cleaned"} */
alter table "warehouse"."public"."int_admissions_cleaned__dbt_tmp" rename to "int_admissions_cleaned"
[0m17:48:04.222743 [debug] [Thread-2 (]: SQL status: ALTER TABLE in 0.000 seconds
[0m17:48:04.223545 [debug] [Thread-2 (]: On model.liuxue_warehouse.feat_gre_impact: COMMIT
[0m17:48:04.223750 [debug] [Thread-1 (]: SQL status: ALTER TABLE in 0.001 seconds
[0m17:48:04.223957 [debug] [Thread-2 (]: Using postgres connection "model.liuxue_warehouse.feat_gre_impact"
[0m17:48:04.224750 [debug] [Thread-1 (]: On model.liuxue_warehouse.int_admissions_cleaned: COMMIT
[0m17:48:04.224956 [debug] [Thread-2 (]: On model.liuxue_warehouse.feat_gre_impact: COMMIT
[0m17:48:04.225147 [debug] [Thread-1 (]: Using postgres connection "model.liuxue_warehouse.int_admissions_cleaned"
[0m17:48:04.225352 [debug] [Thread-1 (]: On model.liuxue_warehouse.int_admissions_cleaned: COMMIT
[0m17:48:04.225699 [debug] [Thread-2 (]: SQL status: COMMIT in 0.000 seconds
[0m17:48:04.226696 [debug] [Thread-2 (]: Applying DROP to: "warehouse"."public"."feat_gre_impact__dbt_backup"
[0m17:48:04.226899 [debug] [Thread-1 (]: SQL status: COMMIT in 0.001 seconds
[0m17:48:04.228925 [debug] [Thread-2 (]: Using postgres connection "model.liuxue_warehouse.feat_gre_impact"
[0m17:48:04.229989 [debug] [Thread-1 (]: Applying DROP to: "warehouse"."public"."int_admissions_cleaned__dbt_backup"
[0m17:48:04.230229 [debug] [Thread-2 (]: On model.liuxue_warehouse.feat_gre_impact: /* {"app": "dbt", "dbt_version": "1.11.7", "profile_name": "liuxue", "target_name": "local", "node_id": "model.liuxue_warehouse.feat_gre_impact"} */
drop table if exists "warehouse"."public"."feat_gre_impact__dbt_backup" cascade
[0m17:48:04.230658 [debug] [Thread-1 (]: Using postgres connection "model.liuxue_warehouse.int_admissions_cleaned"
[0m17:48:04.230872 [debug] [Thread-1 (]: On model.liuxue_warehouse.int_admissions_cleaned: /* {"app": "dbt", "dbt_version": "1.11.7", "profile_name": "liuxue", "target_name": "local", "node_id": "model.liuxue_warehouse.int_admissions_cleaned"} */
drop table if exists "warehouse"."public"."int_admissions_cleaned__dbt_backup" cascade
[0m17:48:04.231820 [debug] [Thread-2 (]: SQL status: DROP TABLE in 0.001 seconds
[0m17:48:04.232454 [debug] [Thread-2 (]: On model.liuxue_warehouse.feat_gre_impact: Close
[0m17:48:04.232669 [debug] [Thread-1 (]: SQL status: DROP TABLE in 0.002 seconds
[0m17:48:04.233303 [debug] [Thread-1 (]: On model.liuxue_warehouse.int_admissions_cleaned: Close
[0m17:48:04.233593 [debug] [Thread-2 (]: Sending event: {'category': 'dbt', 'action': 'run_model', 'label': '59dadf2c-3e04-4823-aecf-aa943ad9f1e1', 'context': [<snowplow_tracker.self_describing_json.SelfDescribingJson object at 0x7b746c9986e0>]}
[0m17:48:04.233922 [debug] [Thread-1 (]: Sending event: {'category': 'dbt', 'action': 'run_model', 'label': '59dadf2c-3e04-4823-aecf-aa943ad9f1e1', 'context': [<snowplow_tracker.self_describing_json.SelfDescribingJson object at 0x7b746c9803b0>]}
[0m17:48:04.234221 [info ] [Thread-2 (]: 3 of 11 OK created sql table model public.feat_gre_impact ...................... [[32mSELECT 0[0m in 0.04s]
[0m17:48:04.234532 [info ] [Thread-1 (]: 4 of 11 OK created sql table model public.int_admissions_cleaned ............... [[32mSELECT 0[0m in 0.04s]
[0m17:48:04.234817 [debug] [Thread-2 (]: Finished running node model.liuxue_warehouse.feat_gre_impact
[0m17:48:04.235073 [debug] [Thread-1 (]: Finished running node model.liuxue_warehouse.int_admissions_cleaned
[0m17:48:04.235282 [debug] [Thread-2 (]: Began running node model.liuxue_warehouse.mart_major_trend
[0m17:48:04.235563 [info ] [Thread-2 (]: 5 of 11 START sql table model public.mart_major_trend .......................... [RUN]
[0m17:48:04.235778 [debug] [Thread-2 (]: Re-using an available connection from the pool (formerly model.liuxue_warehouse.feat_gre_impact, now model.liuxue_warehouse.mart_major_trend)
[0m17:48:04.235999 [debug] [Thread-2 (]: Began compiling node model.liuxue_warehouse.mart_major_trend
[0m17:48:04.237169 [debug] [Thread-2 (]: Writing injected SQL for node "model.liuxue_warehouse.mart_major_trend"
[0m17:48:04.237494 [debug] [Thread-1 (]: Began running node model.liuxue_warehouse.feat_competition_index
[0m17:48:04.237692 [debug] [Thread-2 (]: Began executing node model.liuxue_warehouse.mart_major_trend
[0m17:48:04.237931 [info ] [Thread-1 (]: 6 of 11 START sql table model public.feat_competition_index .................... [RUN]
[0m17:48:04.239697 [debug] [Thread-2 (]: Writing runtime sql for node "model.liuxue_warehouse.mart_major_trend"
[0m17:48:04.239934 [debug] [Thread-1 (]: Re-using an available connection from the pool (formerly model.liuxue_warehouse.int_admissions_cleaned, now model.liuxue_warehouse.feat_competition_index)
[0m17:48:04.240163 [debug] [Thread-1 (]: Began compiling node model.liuxue_warehouse.feat_competition_index
[0m17:48:04.241326 [debug] [Thread-1 (]: Writing injected SQL for node "model.liuxue_warehouse.feat_competition_index"
[0m17:48:04.241616 [debug] [Thread-2 (]: Using postgres connection "model.liuxue_warehouse.mart_major_trend"
[0m17:48:04.241831 [debug] [Thread-2 (]: On model.liuxue_warehouse.mart_major_trend: /* {"app": "dbt", "dbt_version": "1.11.7", "profile_name": "liuxue", "target_name": "local", "node_id": "model.liuxue_warehouse.mart_major_trend"} */

  
    

  create  table "warehouse"."public"."mart_major_trend__dbt_tmp"
  
  
    as
  
  (
    -- 各专业大类的录取趋势
SELECT
    major_category,
    degree,
    year,
    COUNT(*) AS total_applications,
    ROUND(AVG(gpa)::numeric, 2) AS avg_gpa,
    ROUND(AVG(gre_q)::numeric, 1) AS avg_gre_q,
    ROUND(
        SUM(CASE WHEN decision = 'Accepted' THEN 1.0 ELSE 0 END) / NULLIF(COUNT(*), 0), 3
    ) AS acceptance_rate
FROM "warehouse"."public"."stg_gradcafe_admissions"
WHERE year IS NOT NULL
  AND gpa IS NOT NULL
  AND degree IN ('Masters', 'PhD')
GROUP BY major_category, degree, year
HAVING COUNT(*) >= 20
ORDER BY major_category, degree, year DESC
  );
  
[0m17:48:04.242026 [debug] [Thread-2 (]: Opening a new connection, currently in state closed
[0m17:48:04.242281 [debug] [Thread-1 (]: Began executing node model.liuxue_warehouse.feat_competition_index
[0m17:48:04.243910 [debug] [Thread-1 (]: Writing runtime sql for node "model.liuxue_warehouse.feat_competition_index"
[0m17:48:04.244190 [debug] [Thread-1 (]: Using postgres connection "model.liuxue_warehouse.feat_competition_index"
[0m17:48:04.244391 [debug] [Thread-1 (]: On model.liuxue_warehouse.feat_competition_index: /* {"app": "dbt", "dbt_version": "1.11.7", "profile_name": "liuxue", "target_name": "local", "node_id": "model.liuxue_warehouse.feat_competition_index"} */

  
    

  create  table "warehouse"."public"."feat_competition_index__dbt_tmp"
  
  
    as
  
  (
    -- 专业竞争指数：综合录取率和申请者 GPA 水平
SELECT
    school, program, degree,
    acceptance_rate,
    gpa_p50,
    international_ratio,
    total_cases,
    -- 竞争指数 (0-100): GPA 门槛越高 + 录取率越低 = 越难进
    ROUND(
        (gpa_p50 * 25 - 50) + ((1 - acceptance_rate) * 100)
    )::integer AS competition_score,
    CASE
        WHEN acceptance_rate < 0.2 AND gpa_p50 > 3.7 THEN 'S-Tier (Extremely Selective)'
        WHEN acceptance_rate < 0.35 AND gpa_p50 > 3.5 THEN 'A-Tier (Very Selective)'
        WHEN acceptance_rate < 0.5 THEN 'B-Tier (Selective)'
        ELSE 'C-Tier (Accessible)'
    END AS tier
FROM "warehouse"."public"."int_admissions_cleaned"
WHERE total_cases >= 10
  );
  
[0m17:48:04.244592 [debug] [Thread-1 (]: Opening a new connection, currently in state closed
[0m17:48:04.247029 [debug] [Thread-2 (]: SQL status: SELECT 9 in 0.005 seconds
[0m17:48:04.248505 [debug] [Thread-2 (]: Using postgres connection "model.liuxue_warehouse.mart_major_trend"
[0m17:48:04.248738 [debug] [Thread-1 (]: SQL status: SELECT 0 in 0.004 seconds
[0m17:48:04.248953 [debug] [Thread-2 (]: On model.liuxue_warehouse.mart_major_trend: /* {"app": "dbt", "dbt_version": "1.11.7", "profile_name": "liuxue", "target_name": "local", "node_id": "model.liuxue_warehouse.mart_major_trend"} */
alter table "warehouse"."public"."mart_major_trend" rename to "mart_major_trend__dbt_backup"
[0m17:48:04.250452 [debug] [Thread-1 (]: Using postgres connection "model.liuxue_warehouse.feat_competition_index"
[0m17:48:04.250711 [debug] [Thread-1 (]: On model.liuxue_warehouse.feat_competition_index: /* {"app": "dbt", "dbt_version": "1.11.7", "profile_name": "liuxue", "target_name": "local", "node_id": "model.liuxue_warehouse.feat_competition_index"} */
alter table "warehouse"."public"."feat_competition_index" rename to "feat_competition_index__dbt_backup"
[0m17:48:04.250949 [debug] [Thread-2 (]: SQL status: ALTER TABLE in 0.000 seconds
[0m17:48:04.252491 [debug] [Thread-2 (]: Using postgres connection "model.liuxue_warehouse.mart_major_trend"
[0m17:48:04.252744 [debug] [Thread-1 (]: SQL status: ALTER TABLE in 0.002 seconds
[0m17:48:04.252963 [debug] [Thread-2 (]: On model.liuxue_warehouse.mart_major_trend: /* {"app": "dbt", "dbt_version": "1.11.7", "profile_name": "liuxue", "target_name": "local", "node_id": "model.liuxue_warehouse.mart_major_trend"} */
alter table "warehouse"."public"."mart_major_trend__dbt_tmp" rename to "mart_major_trend"
[0m17:48:04.254377 [debug] [Thread-1 (]: Using postgres connection "model.liuxue_warehouse.feat_competition_index"
[0m17:48:04.254624 [debug] [Thread-1 (]: On model.liuxue_warehouse.feat_competition_index: /* {"app": "dbt", "dbt_version": "1.11.7", "profile_name": "liuxue", "target_name": "local", "node_id": "model.liuxue_warehouse.feat_competition_index"} */
alter table "warehouse"."public"."feat_competition_index__dbt_tmp" rename to "feat_competition_index"
[0m17:48:04.254844 [debug] [Thread-2 (]: SQL status: ALTER TABLE in 0.000 seconds
[0m17:48:04.255799 [debug] [Thread-2 (]: On model.liuxue_warehouse.mart_major_trend: COMMIT
[0m17:48:04.256049 [debug] [Thread-1 (]: SQL status: ALTER TABLE in 0.001 seconds
[0m17:48:04.256284 [debug] [Thread-2 (]: Using postgres connection "model.liuxue_warehouse.mart_major_trend"
[0m17:48:04.257236 [debug] [Thread-1 (]: On model.liuxue_warehouse.feat_competition_index: COMMIT
[0m17:48:04.257471 [debug] [Thread-2 (]: On model.liuxue_warehouse.mart_major_trend: COMMIT
[0m17:48:04.257692 [debug] [Thread-1 (]: Using postgres connection "model.liuxue_warehouse.feat_competition_index"
[0m17:48:04.257925 [debug] [Thread-1 (]: On model.liuxue_warehouse.feat_competition_index: COMMIT
[0m17:48:04.258332 [debug] [Thread-2 (]: SQL status: COMMIT in 0.000 seconds
[0m17:48:04.259501 [debug] [Thread-2 (]: Applying DROP to: "warehouse"."public"."mart_major_trend__dbt_backup"
[0m17:48:04.259736 [debug] [Thread-1 (]: SQL status: COMMIT in 0.002 seconds
[0m17:48:04.260171 [debug] [Thread-2 (]: Using postgres connection "model.liuxue_warehouse.mart_major_trend"
[0m17:48:04.261660 [debug] [Thread-1 (]: Applying DROP to: "warehouse"."public"."feat_competition_index__dbt_backup"
[0m17:48:04.261867 [debug] [Thread-2 (]: On model.liuxue_warehouse.mart_major_trend: /* {"app": "dbt", "dbt_version": "1.11.7", "profile_name": "liuxue", "target_name": "local", "node_id": "model.liuxue_warehouse.mart_major_trend"} */
drop table if exists "warehouse"."public"."mart_major_trend__dbt_backup" cascade
[0m17:48:04.262272 [debug] [Thread-1 (]: Using postgres connection "model.liuxue_warehouse.feat_competition_index"
[0m17:48:04.262492 [debug] [Thread-1 (]: On model.liuxue_warehouse.feat_competition_index: /* {"app": "dbt", "dbt_version": "1.11.7", "profile_name": "liuxue", "target_name": "local", "node_id": "model.liuxue_warehouse.feat_competition_index"} */
drop table if exists "warehouse"."public"."feat_competition_index__dbt_backup" cascade
[0m17:48:04.263337 [debug] [Thread-2 (]: SQL status: DROP TABLE in 0.001 seconds
[0m17:48:04.263931 [debug] [Thread-2 (]: On model.liuxue_warehouse.mart_major_trend: Close
[0m17:48:04.264145 [debug] [Thread-1 (]: SQL status: DROP TABLE in 0.001 seconds
[0m17:48:04.264743 [debug] [Thread-1 (]: On model.liuxue_warehouse.feat_competition_index: Close
[0m17:48:04.265018 [debug] [Thread-2 (]: Sending event: {'category': 'dbt', 'action': 'run_model', 'label': '59dadf2c-3e04-4823-aecf-aa943ad9f1e1', 'context': [<snowplow_tracker.self_describing_json.SelfDescribingJson object at 0x7b746c9d2180>]}
[0m17:48:04.265581 [debug] [Thread-1 (]: Sending event: {'category': 'dbt', 'action': 'run_model', 'label': '59dadf2c-3e04-4823-aecf-aa943ad9f1e1', 'context': [<snowplow_tracker.self_describing_json.SelfDescribingJson object at 0x7b746c9d0e60>]}
[0m17:48:04.265357 [info ] [Thread-2 (]: 5 of 11 OK created sql table model public.mart_major_trend ..................... [[32mSELECT 9[0m in 0.03s]
[0m17:48:04.265935 [info ] [Thread-1 (]: 6 of 11 OK created sql table model public.feat_competition_index ............... [[32mSELECT 0[0m in 0.03s]
[0m17:48:04.266214 [debug] [Thread-2 (]: Finished running node model.liuxue_warehouse.mart_major_trend
[0m17:48:04.266462 [debug] [Thread-1 (]: Finished running node model.liuxue_warehouse.feat_competition_index
[0m17:48:04.266666 [debug] [Thread-2 (]: Began running node model.liuxue_warehouse.feat_gpa_threshold
[0m17:48:04.266940 [info ] [Thread-2 (]: 7 of 11 START sql table model public.feat_gpa_threshold ........................ [RUN]
[0m17:48:04.267149 [debug] [Thread-2 (]: Re-using an available connection from the pool (formerly model.liuxue_warehouse.mart_major_trend, now model.liuxue_warehouse.feat_gpa_threshold)
[0m17:48:04.267323 [debug] [Thread-2 (]: Began compiling node model.liuxue_warehouse.feat_gpa_threshold
[0m17:48:04.268510 [debug] [Thread-2 (]: Writing injected SQL for node "model.liuxue_warehouse.feat_gpa_threshold"
[0m17:48:04.268804 [debug] [Thread-2 (]: Began executing node model.liuxue_warehouse.feat_gpa_threshold
[0m17:48:04.270390 [debug] [Thread-2 (]: Writing runtime sql for node "model.liuxue_warehouse.feat_gpa_threshold"
[0m17:48:04.270659 [debug] [Thread-2 (]: Using postgres connection "model.liuxue_warehouse.feat_gpa_threshold"
[0m17:48:04.270869 [debug] [Thread-2 (]: On model.liuxue_warehouse.feat_gpa_threshold: /* {"app": "dbt", "dbt_version": "1.11.7", "profile_name": "liuxue", "target_name": "local", "node_id": "model.liuxue_warehouse.feat_gpa_threshold"} */

  
    

  create  table "warehouse"."public"."feat_gpa_threshold__dbt_tmp"
  
  
    as
  
  (
    -- 各校各专业的 GPA 录取阈值（按学位分层）
SELECT
    school, program, degree,
    gpa_p25, gpa_p50, gpa_p75,
    acceptance_rate,
    total_cases AS sample_size,
    CASE
        WHEN acceptance_rate >= 0.7 THEN 'Low Competition'
        WHEN acceptance_rate >= 0.4 THEN 'Moderate'
        ELSE 'High Competition'
    END AS competition_level,
    -- GPA 分级建议
    CASE
        WHEN gpa_p75 >= 3.8 THEN 'Ultra Competitive'
        WHEN gpa_p50 >= 3.5 THEN 'Competitive'
        WHEN gpa_p50 >= 3.2 THEN 'Moderate'
        ELSE 'Accessible'
    END AS gpa_requirement_level
FROM "warehouse"."public"."int_admissions_cleaned"
WHERE gpa_samples >= 10  -- 至少 10 个 GPA 样本
  );
  
[0m17:48:04.271056 [debug] [Thread-2 (]: Opening a new connection, currently in state closed
[0m17:48:04.274331 [debug] [Thread-2 (]: SQL status: SELECT 0 in 0.003 seconds
[0m17:48:04.275742 [debug] [Thread-2 (]: Using postgres connection "model.liuxue_warehouse.feat_gpa_threshold"
[0m17:48:04.275954 [debug] [Thread-2 (]: On model.liuxue_warehouse.feat_gpa_threshold: /* {"app": "dbt", "dbt_version": "1.11.7", "profile_name": "liuxue", "target_name": "local", "node_id": "model.liuxue_warehouse.feat_gpa_threshold"} */
alter table "warehouse"."public"."feat_gpa_threshold" rename to "feat_gpa_threshold__dbt_backup"
[0m17:48:04.276218 [debug] [Thread-2 (]: SQL status: ALTER TABLE in 0.000 seconds
[0m17:48:04.277403 [debug] [Thread-2 (]: Using postgres connection "model.liuxue_warehouse.feat_gpa_threshold"
[0m17:48:04.277596 [debug] [Thread-2 (]: On model.liuxue_warehouse.feat_gpa_threshold: /* {"app": "dbt", "dbt_version": "1.11.7", "profile_name": "liuxue", "target_name": "local", "node_id": "model.liuxue_warehouse.feat_gpa_threshold"} */
alter table "warehouse"."public"."feat_gpa_threshold__dbt_tmp" rename to "feat_gpa_threshold"
[0m17:48:04.277837 [debug] [Thread-2 (]: SQL status: ALTER TABLE in 0.000 seconds
[0m17:48:04.278586 [debug] [Thread-2 (]: On model.liuxue_warehouse.feat_gpa_threshold: COMMIT
[0m17:48:04.278779 [debug] [Thread-2 (]: Using postgres connection "model.liuxue_warehouse.feat_gpa_threshold"
[0m17:48:04.278955 [debug] [Thread-2 (]: On model.liuxue_warehouse.feat_gpa_threshold: COMMIT
[0m17:48:04.279470 [debug] [Thread-2 (]: SQL status: COMMIT in 0.000 seconds
[0m17:48:04.280419 [debug] [Thread-2 (]: Applying DROP to: "warehouse"."public"."feat_gpa_threshold__dbt_backup"
[0m17:48:04.280827 [debug] [Thread-2 (]: Using postgres connection "model.liuxue_warehouse.feat_gpa_threshold"
[0m17:48:04.281016 [debug] [Thread-2 (]: On model.liuxue_warehouse.feat_gpa_threshold: /* {"app": "dbt", "dbt_version": "1.11.7", "profile_name": "liuxue", "target_name": "local", "node_id": "model.liuxue_warehouse.feat_gpa_threshold"} */
drop table if exists "warehouse"."public"."feat_gpa_threshold__dbt_backup" cascade
[0m17:48:04.282178 [debug] [Thread-2 (]: SQL status: DROP TABLE in 0.001 seconds
[0m17:48:04.282773 [debug] [Thread-2 (]: On model.liuxue_warehouse.feat_gpa_threshold: Close
[0m17:48:04.283111 [debug] [Thread-2 (]: Sending event: {'category': 'dbt', 'action': 'run_model', 'label': '59dadf2c-3e04-4823-aecf-aa943ad9f1e1', 'context': [<snowplow_tracker.self_describing_json.SelfDescribingJson object at 0x7b74c0156a50>]}
[0m17:48:04.283427 [info ] [Thread-2 (]: 7 of 11 OK created sql table model public.feat_gpa_threshold ................... [[32mSELECT 0[0m in 0.02s]
[0m17:48:04.283694 [debug] [Thread-2 (]: Finished running node model.liuxue_warehouse.feat_gpa_threshold
[0m17:48:04.284113 [debug] [Thread-1 (]: Began running node model.liuxue_warehouse.mart_school_admission_stats
[0m17:48:04.284379 [info ] [Thread-1 (]: 8 of 11 START sql table model public.mart_school_admission_stats ............... [RUN]
[0m17:48:04.284606 [debug] [Thread-1 (]: Re-using an available connection from the pool (formerly model.liuxue_warehouse.feat_competition_index, now model.liuxue_warehouse.mart_school_admission_stats)
[0m17:48:04.284802 [debug] [Thread-1 (]: Began compiling node model.liuxue_warehouse.mart_school_admission_stats
[0m17:48:04.286280 [debug] [Thread-1 (]: Writing injected SQL for node "model.liuxue_warehouse.mart_school_admission_stats"
[0m17:48:04.286595 [debug] [Thread-1 (]: Began executing node model.liuxue_warehouse.mart_school_admission_stats
[0m17:48:04.288230 [debug] [Thread-1 (]: Writing runtime sql for node "model.liuxue_warehouse.mart_school_admission_stats"
[0m17:48:04.288529 [debug] [Thread-1 (]: Using postgres connection "model.liuxue_warehouse.mart_school_admission_stats"
[0m17:48:04.288735 [debug] [Thread-1 (]: On model.liuxue_warehouse.mart_school_admission_stats: /* {"app": "dbt", "dbt_version": "1.11.7", "profile_name": "liuxue", "target_name": "local", "node_id": "model.liuxue_warehouse.mart_school_admission_stats"} */

  
    

  create  table "warehouse"."public"."mart_school_admission_stats__dbt_tmp"
  
  
    as
  
  (
    -- 学校-专业录取统计（Mart层汇总，给API和Dashboard用）
SELECT
    f.school,
    f.program,
    f.degree,
    f.gpa_p25, f.gpa_p50, f.gpa_p75,
    f.acceptance_rate,
    f.competition_level,
    f.gpa_requirement_level,
    f.sample_size,
    c.competition_score,
    c.tier,
    g.gre_q_mean, g.gre_v_mean,
    g.gre_q_acceptance_delta,
    c.international_ratio
FROM "warehouse"."public"."feat_gpa_threshold" f
LEFT JOIN "warehouse"."public"."feat_competition_index" c
    ON f.school = c.school AND f.program = c.program AND f.degree = c.degree
LEFT JOIN "warehouse"."public"."feat_gre_impact" g
    ON f.school = g.school AND f.program = g.program AND f.degree = g.degree
WHERE f.sample_size >= 10
ORDER BY c.competition_score DESC NULLS LAST
  );
  
[0m17:48:04.288929 [debug] [Thread-1 (]: Opening a new connection, currently in state closed
[0m17:48:04.292747 [debug] [Thread-1 (]: SQL status: SELECT 0 in 0.004 seconds
[0m17:48:04.294275 [debug] [Thread-1 (]: Using postgres connection "model.liuxue_warehouse.mart_school_admission_stats"
[0m17:48:04.294518 [debug] [Thread-1 (]: On model.liuxue_warehouse.mart_school_admission_stats: /* {"app": "dbt", "dbt_version": "1.11.7", "profile_name": "liuxue", "target_name": "local", "node_id": "model.liuxue_warehouse.mart_school_admission_stats"} */
alter table "warehouse"."public"."mart_school_admission_stats" rename to "mart_school_admission_stats__dbt_backup"
[0m17:48:04.294803 [debug] [Thread-1 (]: SQL status: ALTER TABLE in 0.000 seconds
[0m17:48:04.296048 [debug] [Thread-1 (]: Using postgres connection "model.liuxue_warehouse.mart_school_admission_stats"
[0m17:48:04.296251 [debug] [Thread-1 (]: On model.liuxue_warehouse.mart_school_admission_stats: /* {"app": "dbt", "dbt_version": "1.11.7", "profile_name": "liuxue", "target_name": "local", "node_id": "model.liuxue_warehouse.mart_school_admission_stats"} */
alter table "warehouse"."public"."mart_school_admission_stats__dbt_tmp" rename to "mart_school_admission_stats"
[0m17:48:04.296524 [debug] [Thread-1 (]: SQL status: ALTER TABLE in 0.000 seconds
[0m17:48:04.297288 [debug] [Thread-1 (]: On model.liuxue_warehouse.mart_school_admission_stats: COMMIT
[0m17:48:04.297486 [debug] [Thread-1 (]: Using postgres connection "model.liuxue_warehouse.mart_school_admission_stats"
[0m17:48:04.297658 [debug] [Thread-1 (]: On model.liuxue_warehouse.mart_school_admission_stats: COMMIT
[0m17:48:04.298355 [debug] [Thread-1 (]: SQL status: COMMIT in 0.001 seconds
[0m17:48:04.300055 [debug] [Thread-1 (]: Applying DROP to: "warehouse"."public"."mart_school_admission_stats__dbt_backup"
[0m17:48:04.300480 [debug] [Thread-1 (]: Using postgres connection "model.liuxue_warehouse.mart_school_admission_stats"
[0m17:48:04.300672 [debug] [Thread-1 (]: On model.liuxue_warehouse.mart_school_admission_stats: /* {"app": "dbt", "dbt_version": "1.11.7", "profile_name": "liuxue", "target_name": "local", "node_id": "model.liuxue_warehouse.mart_school_admission_stats"} */
drop table if exists "warehouse"."public"."mart_school_admission_stats__dbt_backup" cascade
[0m17:48:04.302119 [debug] [Thread-1 (]: SQL status: DROP TABLE in 0.001 seconds
[0m17:48:04.302781 [debug] [Thread-1 (]: On model.liuxue_warehouse.mart_school_admission_stats: Close
[0m17:48:04.303160 [debug] [Thread-1 (]: Sending event: {'category': 'dbt', 'action': 'run_model', 'label': '59dadf2c-3e04-4823-aecf-aa943ad9f1e1', 'context': [<snowplow_tracker.self_describing_json.SelfDescribingJson object at 0x7b746c820fb0>]}
[0m17:48:04.303501 [info ] [Thread-1 (]: 8 of 11 OK created sql table model public.mart_school_admission_stats .......... [[32mSELECT 0[0m in 0.02s]
[0m17:48:04.303777 [debug] [Thread-1 (]: Finished running node model.liuxue_warehouse.mart_school_admission_stats
[0m17:48:04.304255 [debug] [Thread-2 (]: Began running node model.liuxue_warehouse.dash_admission_overview
[0m17:48:04.304479 [debug] [Thread-1 (]: Began running node model.liuxue_warehouse.dash_competition_heatmap
[0m17:48:04.304721 [info ] [Thread-2 (]: 9 of 11 START sql table model public.dash_admission_overview ................... [RUN]
[0m17:48:04.304931 [info ] [Thread-1 (]: 10 of 11 START sql table model public.dash_competition_heatmap ................. [RUN]
[0m17:48:04.305216 [debug] [Thread-2 (]: Re-using an available connection from the pool (formerly model.liuxue_warehouse.feat_gpa_threshold, now model.liuxue_warehouse.dash_admission_overview)
[0m17:48:04.305434 [debug] [Thread-1 (]: Re-using an available connection from the pool (formerly model.liuxue_warehouse.mart_school_admission_stats, now model.liuxue_warehouse.dash_competition_heatmap)
[0m17:48:04.305640 [debug] [Thread-2 (]: Began compiling node model.liuxue_warehouse.dash_admission_overview
[0m17:48:04.305832 [debug] [Thread-1 (]: Began compiling node model.liuxue_warehouse.dash_competition_heatmap
[0m17:48:04.307089 [debug] [Thread-2 (]: Writing injected SQL for node "model.liuxue_warehouse.dash_admission_overview"
[0m17:48:04.308363 [debug] [Thread-1 (]: Writing injected SQL for node "model.liuxue_warehouse.dash_competition_heatmap"
[0m17:48:04.308700 [debug] [Thread-2 (]: Began executing node model.liuxue_warehouse.dash_admission_overview
[0m17:48:04.310314 [debug] [Thread-2 (]: Writing runtime sql for node "model.liuxue_warehouse.dash_admission_overview"
[0m17:48:04.310531 [debug] [Thread-1 (]: Began executing node model.liuxue_warehouse.dash_competition_heatmap
[0m17:48:04.312190 [debug] [Thread-1 (]: Writing runtime sql for node "model.liuxue_warehouse.dash_competition_heatmap"
[0m17:48:04.312490 [debug] [Thread-2 (]: Using postgres connection "model.liuxue_warehouse.dash_admission_overview"
[0m17:48:04.312701 [debug] [Thread-2 (]: On model.liuxue_warehouse.dash_admission_overview: /* {"app": "dbt", "dbt_version": "1.11.7", "profile_name": "liuxue", "target_name": "local", "node_id": "model.liuxue_warehouse.dash_admission_overview"} */

  
    

  create  table "warehouse"."public"."dash_admission_overview__dbt_tmp"
  
  
    as
  
  (
    -- BI看板：录取全景
SELECT
    competition_level,
    degree,
    COUNT(DISTINCT school) AS school_count,
    COUNT(DISTINCT program) AS program_count,
    ROUND(AVG(acceptance_rate)::numeric, 3) AS avg_acceptance_rate,
    ROUND(AVG(gpa_p50)::numeric, 2) AS avg_gpa_median,
    SUM(sample_size) AS total_samples
FROM "warehouse"."public"."mart_school_admission_stats"
GROUP BY competition_level, degree
ORDER BY degree, avg_acceptance_rate
  );
  
[0m17:48:04.312884 [debug] [Thread-2 (]: Opening a new connection, currently in state closed
[0m17:48:04.313146 [debug] [Thread-1 (]: Using postgres connection "model.liuxue_warehouse.dash_competition_heatmap"
[0m17:48:04.313358 [debug] [Thread-1 (]: On model.liuxue_warehouse.dash_competition_heatmap: /* {"app": "dbt", "dbt_version": "1.11.7", "profile_name": "liuxue", "target_name": "local", "node_id": "model.liuxue_warehouse.dash_competition_heatmap"} */

  
    

  create  table "warehouse"."public"."dash_competition_heatmap__dbt_tmp"
  
  
    as
  
  (
    -- BI看板：竞争烈度热力图（专业名称关键词分类）
SELECT
    CASE
        WHEN program ILIKE '%computer sci%' THEN 'CS'
        WHEN program ILIKE '%data sci%' THEN 'DS'
        WHEN program ILIKE '%electrical%' THEN 'EE'
        WHEN program ILIKE '%statistic%' THEN 'Stats'
        WHEN program ILIKE '%economics%' THEN 'Econ'
        WHEN program ILIKE '%finance%' THEN 'Finance'
        ELSE 'Other'
    END AS major_group,
    degree,
    ROUND(AVG(acceptance_rate)::numeric, 3) AS avg_acceptance_rate,
    ROUND(AVG(gpa_p50)::numeric, 2) AS avg_gpa_median,
    ROUND(AVG(competition_score)::numeric, 0) AS avg_competition_score,
    MAX(tier) AS top_tier,
    COUNT(*) AS program_count
FROM "warehouse"."public"."mart_school_admission_stats"
GROUP BY 1, degree
HAVING COUNT(*) >= 3
ORDER BY avg_competition_score DESC
  );
  
[0m17:48:04.313547 [debug] [Thread-1 (]: Opening a new connection, currently in state closed
[0m17:48:04.316857 [debug] [Thread-2 (]: SQL status: SELECT 0 in 0.004 seconds
[0m17:48:04.318580 [debug] [Thread-2 (]: Using postgres connection "model.liuxue_warehouse.dash_admission_overview"
[0m17:48:04.318827 [debug] [Thread-1 (]: SQL status: SELECT 0 in 0.005 seconds
[0m17:48:04.319044 [debug] [Thread-2 (]: On model.liuxue_warehouse.dash_admission_overview: /* {"app": "dbt", "dbt_version": "1.11.7", "profile_name": "liuxue", "target_name": "local", "node_id": "model.liuxue_warehouse.dash_admission_overview"} */
alter table "warehouse"."public"."dash_admission_overview" rename to "dash_admission_overview__dbt_backup"
[0m17:48:04.320501 [debug] [Thread-1 (]: Using postgres connection "model.liuxue_warehouse.dash_competition_heatmap"
[0m17:48:04.320726 [debug] [Thread-1 (]: On model.liuxue_warehouse.dash_competition_heatmap: /* {"app": "dbt", "dbt_version": "1.11.7", "profile_name": "liuxue", "target_name": "local", "node_id": "model.liuxue_warehouse.dash_competition_heatmap"} */
alter table "warehouse"."public"."dash_competition_heatmap__dbt_tmp" rename to "dash_competition_heatmap"
[0m17:48:04.320926 [debug] [Thread-2 (]: SQL status: ALTER TABLE in 0.000 seconds
[0m17:48:04.321118 [debug] [Thread-1 (]: SQL status: ALTER TABLE in 0.000 seconds
[0m17:48:04.322326 [debug] [Thread-2 (]: Using postgres connection "model.liuxue_warehouse.dash_admission_overview"
[0m17:48:04.323027 [debug] [Thread-1 (]: On model.liuxue_warehouse.dash_competition_heatmap: COMMIT
[0m17:48:04.323232 [debug] [Thread-2 (]: On model.liuxue_warehouse.dash_admission_overview: /* {"app": "dbt", "dbt_version": "1.11.7", "profile_name": "liuxue", "target_name": "local", "node_id": "model.liuxue_warehouse.dash_admission_overview"} */
alter table "warehouse"."public"."dash_admission_overview__dbt_tmp" rename to "dash_admission_overview"
[0m17:48:04.323434 [debug] [Thread-1 (]: Using postgres connection "model.liuxue_warehouse.dash_competition_heatmap"
[0m17:48:04.323630 [debug] [Thread-1 (]: On model.liuxue_warehouse.dash_competition_heatmap: COMMIT
[0m17:48:04.323817 [debug] [Thread-2 (]: SQL status: ALTER TABLE in 0.000 seconds
[0m17:48:04.324585 [debug] [Thread-2 (]: On model.liuxue_warehouse.dash_admission_overview: COMMIT
[0m17:48:04.324777 [debug] [Thread-1 (]: SQL status: COMMIT in 0.001 seconds
[0m17:48:04.324952 [debug] [Thread-2 (]: Using postgres connection "model.liuxue_warehouse.dash_admission_overview"
[0m17:48:04.325935 [debug] [Thread-1 (]: Applying DROP to: "warehouse"."public"."dash_competition_heatmap__dbt_backup"
[0m17:48:04.326130 [debug] [Thread-2 (]: On model.liuxue_warehouse.dash_admission_overview: COMMIT
[0m17:48:04.326552 [debug] [Thread-1 (]: Using postgres connection "model.liuxue_warehouse.dash_competition_heatmap"
[0m17:48:04.326759 [debug] [Thread-1 (]: On model.liuxue_warehouse.dash_competition_heatmap: /* {"app": "dbt", "dbt_version": "1.11.7", "profile_name": "liuxue", "target_name": "local", "node_id": "model.liuxue_warehouse.dash_competition_heatmap"} */
drop table if exists "warehouse"."public"."dash_competition_heatmap__dbt_backup" cascade
[0m17:48:04.327105 [debug] [Thread-1 (]: SQL status: DROP TABLE in 0.000 seconds
[0m17:48:04.327661 [debug] [Thread-1 (]: On model.liuxue_warehouse.dash_competition_heatmap: Close
[0m17:48:04.327862 [debug] [Thread-2 (]: SQL status: COMMIT in 0.001 seconds
[0m17:48:04.328856 [debug] [Thread-2 (]: Applying DROP to: "warehouse"."public"."dash_admission_overview__dbt_backup"
[0m17:48:04.329152 [debug] [Thread-1 (]: Sending event: {'category': 'dbt', 'action': 'run_model', 'label': '59dadf2c-3e04-4823-aecf-aa943ad9f1e1', 'context': [<snowplow_tracker.self_describing_json.SelfDescribingJson object at 0x7b74c43c45f0>]}
[0m17:48:04.329554 [debug] [Thread-2 (]: Using postgres connection "model.liuxue_warehouse.dash_admission_overview"
[0m17:48:04.329861 [info ] [Thread-1 (]: 10 of 11 OK created sql table model public.dash_competition_heatmap ............ [[32mSELECT 0[0m in 0.02s]
[0m17:48:04.330076 [debug] [Thread-2 (]: On model.liuxue_warehouse.dash_admission_overview: /* {"app": "dbt", "dbt_version": "1.11.7", "profile_name": "liuxue", "target_name": "local", "node_id": "model.liuxue_warehouse.dash_admission_overview"} */
drop table if exists "warehouse"."public"."dash_admission_overview__dbt_backup" cascade
[0m17:48:04.330332 [debug] [Thread-1 (]: Finished running node model.liuxue_warehouse.dash_competition_heatmap
[0m17:48:04.330553 [debug] [Thread-1 (]: Began running node model.liuxue_warehouse.dash_top_schools
[0m17:48:04.330778 [info ] [Thread-1 (]: 11 of 11 START sql table model public.dash_top_schools ......................... [RUN]
[0m17:48:04.330988 [debug] [Thread-1 (]: Re-using an available connection from the pool (formerly model.liuxue_warehouse.dash_competition_heatmap, now model.liuxue_warehouse.dash_top_schools)
[0m17:48:04.331174 [debug] [Thread-1 (]: Began compiling node model.liuxue_warehouse.dash_top_schools
[0m17:48:04.332900 [debug] [Thread-1 (]: Writing injected SQL for node "model.liuxue_warehouse.dash_top_schools"
[0m17:48:04.333115 [debug] [Thread-2 (]: SQL status: DROP TABLE in 0.003 seconds
[0m17:48:04.333754 [debug] [Thread-2 (]: On model.liuxue_warehouse.dash_admission_overview: Close
[0m17:48:04.333987 [debug] [Thread-1 (]: Began executing node model.liuxue_warehouse.dash_top_schools
[0m17:48:04.335595 [debug] [Thread-1 (]: Writing runtime sql for node "model.liuxue_warehouse.dash_top_schools"
[0m17:48:04.335892 [debug] [Thread-2 (]: Sending event: {'category': 'dbt', 'action': 'run_model', 'label': '59dadf2c-3e04-4823-aecf-aa943ad9f1e1', 'context': [<snowplow_tracker.self_describing_json.SelfDescribingJson object at 0x7b746c9cd460>]}
[0m17:48:04.336240 [info ] [Thread-2 (]: 9 of 11 OK created sql table model public.dash_admission_overview .............. [[32mSELECT 0[0m in 0.03s]
[0m17:48:04.336519 [debug] [Thread-2 (]: Finished running node model.liuxue_warehouse.dash_admission_overview
[0m17:48:04.336764 [debug] [Thread-1 (]: Using postgres connection "model.liuxue_warehouse.dash_top_schools"
[0m17:48:04.336978 [debug] [Thread-1 (]: On model.liuxue_warehouse.dash_top_schools: /* {"app": "dbt", "dbt_version": "1.11.7", "profile_name": "liuxue", "target_name": "local", "node_id": "model.liuxue_warehouse.dash_top_schools"} */

  
    

  create  table "warehouse"."public"."dash_top_schools__dbt_tmp"
  
  
    as
  
  (
    -- BI看板：Top 20 热门学校
SELECT
    school,
    degree,
    COUNT(DISTINCT program) AS program_diversity,
    SUM(sample_size) AS total_samples,
    ROUND(AVG(acceptance_rate)::numeric, 3) AS avg_acceptance_rate,
    ROUND(AVG(gpa_p50)::numeric, 2) AS avg_gpa_median,
    MAX(tier) AS top_tier
FROM "warehouse"."public"."mart_school_admission_stats"
GROUP BY school, degree
HAVING SUM(sample_size) >= 20
ORDER BY total_samples DESC
LIMIT 20
  );
  
[0m17:48:04.337160 [debug] [Thread-1 (]: Opening a new connection, currently in state closed
[0m17:48:04.340880 [debug] [Thread-1 (]: SQL status: SELECT 0 in 0.004 seconds
[0m17:48:04.342300 [debug] [Thread-1 (]: Using postgres connection "model.liuxue_warehouse.dash_top_schools"
[0m17:48:04.342504 [debug] [Thread-1 (]: On model.liuxue_warehouse.dash_top_schools: /* {"app": "dbt", "dbt_version": "1.11.7", "profile_name": "liuxue", "target_name": "local", "node_id": "model.liuxue_warehouse.dash_top_schools"} */
alter table "warehouse"."public"."dash_top_schools" rename to "dash_top_schools__dbt_backup"
[0m17:48:04.342785 [debug] [Thread-1 (]: SQL status: ALTER TABLE in 0.000 seconds
[0m17:48:04.343997 [debug] [Thread-1 (]: Using postgres connection "model.liuxue_warehouse.dash_top_schools"
[0m17:48:04.344192 [debug] [Thread-1 (]: On model.liuxue_warehouse.dash_top_schools: /* {"app": "dbt", "dbt_version": "1.11.7", "profile_name": "liuxue", "target_name": "local", "node_id": "model.liuxue_warehouse.dash_top_schools"} */
alter table "warehouse"."public"."dash_top_schools__dbt_tmp" rename to "dash_top_schools"
[0m17:48:04.344427 [debug] [Thread-1 (]: SQL status: ALTER TABLE in 0.000 seconds
[0m17:48:04.345173 [debug] [Thread-1 (]: On model.liuxue_warehouse.dash_top_schools: COMMIT
[0m17:48:04.345372 [debug] [Thread-1 (]: Using postgres connection "model.liuxue_warehouse.dash_top_schools"
[0m17:48:04.345551 [debug] [Thread-1 (]: On model.liuxue_warehouse.dash_top_schools: COMMIT
[0m17:48:04.346154 [debug] [Thread-1 (]: SQL status: COMMIT in 0.000 seconds
[0m17:48:04.347105 [debug] [Thread-1 (]: Applying DROP to: "warehouse"."public"."dash_top_schools__dbt_backup"
[0m17:48:04.347493 [debug] [Thread-1 (]: Using postgres connection "model.liuxue_warehouse.dash_top_schools"
[0m17:48:04.347674 [debug] [Thread-1 (]: On model.liuxue_warehouse.dash_top_schools: /* {"app": "dbt", "dbt_version": "1.11.7", "profile_name": "liuxue", "target_name": "local", "node_id": "model.liuxue_warehouse.dash_top_schools"} */
drop table if exists "warehouse"."public"."dash_top_schools__dbt_backup" cascade
[0m17:48:04.348710 [debug] [Thread-1 (]: SQL status: DROP TABLE in 0.001 seconds
[0m17:48:04.349302 [debug] [Thread-1 (]: On model.liuxue_warehouse.dash_top_schools: Close
[0m17:48:04.349639 [debug] [Thread-1 (]: Sending event: {'category': 'dbt', 'action': 'run_model', 'label': '59dadf2c-3e04-4823-aecf-aa943ad9f1e1', 'context': [<snowplow_tracker.self_describing_json.SelfDescribingJson object at 0x7b746c9ce990>]}
[0m17:48:04.349948 [info ] [Thread-1 (]: 11 of 11 OK created sql table model public.dash_top_schools .................... [[32mSELECT 0[0m in 0.02s]
[0m17:48:04.350223 [debug] [Thread-1 (]: Finished running node model.liuxue_warehouse.dash_top_schools
[0m17:48:04.350820 [debug] [MainThread]: On master: COMMIT
[0m17:48:04.351004 [debug] [MainThread]: Using postgres connection "master"
[0m17:48:04.351163 [debug] [MainThread]: On master: COMMIT
[0m17:48:04.351306 [debug] [MainThread]: Opening a new connection, currently in state closed
[0m17:48:04.354060 [debug] [MainThread]: SQL status: COMMIT in 0.003 seconds
[0m17:48:04.354266 [debug] [MainThread]: On master: Close
[0m17:48:04.354517 [debug] [MainThread]: Connection 'master' was properly closed.
[0m17:48:04.354675 [debug] [MainThread]: Connection 'model.liuxue_warehouse.dash_top_schools' was properly closed.
[0m17:48:04.354822 [debug] [MainThread]: Connection 'model.liuxue_warehouse.dash_admission_overview' was properly closed.
[0m17:48:04.355017 [info ] [MainThread]: 
[0m17:48:04.355182 [info ] [MainThread]: Finished running 9 table models, 2 view models in 0 hours 0 minutes and 0.27 seconds (0.27s).
[0m17:48:04.355952 [debug] [MainThread]: Command end result
[0m17:48:04.364605 [debug] [MainThread]: Wrote artifact WritableManifest to /home/zp/work/guoji-agent/dbt_liuxue/target/manifest.json
[0m17:48:04.365414 [debug] [MainThread]: Wrote artifact SemanticManifest to /home/zp/work/guoji-agent/dbt_liuxue/target/semantic_manifest.json
[0m17:48:04.368149 [debug] [MainThread]: Wrote artifact RunExecutionResult to /home/zp/work/guoji-agent/dbt_liuxue/target/run_results.json
[0m17:48:04.368347 [info ] [MainThread]: 
[0m17:48:04.368541 [info ] [MainThread]: [32mCompleted successfully[0m
[0m17:48:04.368698 [info ] [MainThread]: 
[0m17:48:04.368863 [info ] [MainThread]: Done. PASS=11 WARN=0 ERROR=0 SKIP=0 NO-OP=0 TOTAL=11
[0m17:48:04.369325 [debug] [MainThread]: Resource report: {"command_name": "run", "command_success": true, "command_wall_clock_time": 0.7638772, "process_in_blocks": "0", "process_kernel_time": 0.12741, "process_mem_max_rss": "133004", "process_out_blocks": "3264", "process_user_time": 1.313922}
[0m17:48:04.369573 [debug] [MainThread]: Command `dbt run` succeeded at 17:48:04.369529 after 0.76 seconds
[0m17:48:04.369776 [debug] [MainThread]: Sending event: {'category': 'dbt', 'action': 'invocation', 'label': 'end', 'context': [<snowplow_tracker.self_describing_json.SelfDescribingJson object at 0x7b74c62a8c50>, <snowplow_tracker.self_describing_json.SelfDescribingJson object at 0x7b746c906de0>, <snowplow_tracker.self_describing_json.SelfDescribingJson object at 0x7b74c6b63500>]}
[0m17:48:04.369973 [debug] [MainThread]: Flushing usage events
[0m17:48:06.743796 [debug] [MainThread]: An error was encountered while trying to flush usage events
[0m23:17:00.761381 [debug] [MainThread]: Sending event: {'category': 'dbt', 'action': 'invocation', 'label': 'start', 'context': [<snowplow_tracker.self_describing_json.SelfDescribingJson object at 0x7277ad4a55b0>, <snowplow_tracker.self_describing_json.SelfDescribingJson object at 0x7277aae31580>, <snowplow_tracker.self_describing_json.SelfDescribingJson object at 0x7277aae32210>]}


============================== 23:17:00.763205 | 2fa14850-7291-439d-b235-c5225fabc607 ==============================
[0m23:17:00.763205 [info ] [MainThread]: Running with dbt=1.11.7
[0m23:17:00.763483 [debug] [MainThread]: running dbt with arguments {'profiles_dir': '/home/zp/work/guoji-agent/dbt_liuxue', 'version_check': 'True', 'warn_error_options': 'WarnErrorOptionsV2(error=[], warn=[], silence=[])', 'target_path': 'None', 'log_format': 'default', 'warn_error': 'None', 'fail_fast': 'False', 'empty': 'None', 'debug': 'False', 'use_colors': 'True', 'use_experimental_parser': 'False', 'send_anonymous_usage_stats': 'True', 'partial_parse': 'True', 'quiet': 'False', 'printer_width': '80', 'static_parser': 'True', 'invocation_command': 'dbt debug', 'log_path': '/home/zp/work/guoji-agent/dbt_liuxue/logs', 'write_json': 'True', 'cache_selected_only': 'False', 'no_print': 'None', 'log_cache_events': 'False', 'introspect': 'True', 'indirect_selection': 'eager'}
[0m23:17:00.766927 [info ] [MainThread]: dbt version: 1.11.7
[0m23:17:00.767121 [info ] [MainThread]: python version: 3.12.7
[0m23:17:00.767283 [info ] [MainThread]: python path: /home/zp/anaconda3/bin/python
[0m23:17:00.767433 [info ] [MainThread]: os info: Linux-6.5.0-44-generic-x86_64-with-glibc2.39
[0m23:17:00.790022 [info ] [MainThread]: Using profiles dir at /home/zp/work/guoji-agent/dbt_liuxue
[0m23:17:00.790246 [info ] [MainThread]: Using profiles.yml file at /home/zp/work/guoji-agent/dbt_liuxue/profiles.yml
[0m23:17:00.790410 [info ] [MainThread]: Using dbt_project.yml file at /home/zp/work/guoji-agent/dbt_liuxue/dbt_project.yml
[0m23:17:00.790627 [info ] [MainThread]: adapter type: postgres
[0m23:17:00.790782 [info ] [MainThread]: adapter version: 1.10.0
[0m23:17:00.851208 [info ] [MainThread]: Configuration:
[0m23:17:00.851420 [info ] [MainThread]:   profiles.yml file [[32mOK found and valid[0m]
[0m23:17:00.851583 [info ] [MainThread]:   dbt_project.yml file [[32mOK found and valid[0m]
[0m23:17:00.851738 [info ] [MainThread]: Required dependencies:
[0m23:17:00.851905 [debug] [MainThread]: Executing "git --help"
[0m23:17:00.853044 [debug] [MainThread]: STDOUT: "b"\xe7\x94\xa8\xe6\xb3\x95\xef\xbc\x9agit [-v | --version] [-h | --help] [-C <path>] [-c <name>=<value>]\n           [--exec-path[=<path>]] [--html-path] [--man-path] [--info-path]\n           [-p | --paginate | -P | --no-pager] [--no-replace-objects] [--bare]\n           [--git-dir=<path>] [--work-tree=<path>] [--namespace=<name>]\n           [--config-env=<name>=<envvar>] <command> [<args>]\n\n\xe8\xbf\x99\xe4\xba\x9b\xe6\x98\xaf\xe5\x90\x84\xe7\xa7\x8d\xe5\x9c\xba\xe5\x90\x88\xe5\xb8\xb8\xe8\xa7\x81\xe7\x9a\x84 Git \xe5\x91\xbd\xe4\xbb\xa4\xef\xbc\x9a\n\n\xe5\xbc\x80\xe5\xa7\x8b\xe4\xb8\x80\xe4\xb8\xaa\xe5\xb7\xa5\xe4\xbd\x9c\xe5\x8c\xba\xef\xbc\x88\xe5\x8f\x82\xe8\xa7\x81\xef\xbc\x9agit help tutorial\xef\xbc\x89\n   clone     \xe5\x85\x8b\xe9\x9a\x86\xe4\xbb\x93\xe5\xba\x93\xe5\x88\xb0\xe4\xb8\x80\xe4\xb8\xaa\xe6\x96\xb0\xe7\x9b\xae\xe5\xbd\x95\n   init      \xe5\x88\x9b\xe5\xbb\xba\xe4\xb8\x80\xe4\xb8\xaa\xe7\xa9\xba\xe7\x9a\x84 Git \xe4\xbb\x93\xe5\xba\x93\xe6\x88\x96\xe9\x87\x8d\xe6\x96\xb0\xe5\x88\x9d\xe5\xa7\x8b\xe5\x8c\x96\xe4\xb8\x80\xe4\xb8\xaa\xe5\xb7\xb2\xe5\xad\x98\xe5\x9c\xa8\xe7\x9a\x84\xe4\xbb\x93\xe5\xba\x93\n\n\xe5\x9c\xa8\xe5\xbd\x93\xe5\x89\x8d\xe5\x8f\x98\xe6\x9b\xb4\xe4\xb8\x8a\xe5\xb7\xa5\xe4\xbd\x9c\xef\xbc\x88\xe5\x8f\x82\xe8\xa7\x81\xef\xbc\x9agit help everyday\xef\xbc\x89\n   add       \xe6\xb7\xbb\xe5\x8a\xa0\xe6\x96\x87\xe4\xbb\xb6\xe5\x86\x85\xe5\xae\xb9\xe8\x87\xb3\xe7\xb4\xa2\xe5\xbc\x95\n   mv        \xe7\xa7\xbb\xe5\x8a\xa8\xe6\x88\x96\xe9\x87\x8d\xe5\x91\xbd\xe5\x90\x8d\xe4\xb8\x80\xe4\xb8\xaa\xe6\x96\x87\xe4\xbb\xb6\xe3\x80\x81\xe7\x9b\xae\xe5\xbd\x95\xe6\x88\x96\xe7\xac\xa6\xe5\x8f\xb7\xe9\x93\xbe\xe6\x8e\xa5\n   restore   \xe6\x81\xa2\xe5\xa4\x8d\xe5\xb7\xa5\xe4\xbd\x9c\xe5\x8c\xba\xe6\x96\x87\xe4\xbb\xb6\n   rm        \xe4\xbb\x8e\xe5\xb7\xa5\xe4\xbd\x9c\xe5\x8c\xba\xe5\x92\x8c\xe7\xb4\xa2\xe5\xbc\x95\xe4\xb8\xad\xe5\x88\xa0\xe9\x99\xa4\xe6\x96\x87\xe4\xbb\xb6\n\n\xe6\xa3\x80\xe6\x9f\xa5\xe5\x8e\x86\xe5\x8f\xb2\xe5\x92\x8c\xe7\x8a\xb6\xe6\x80\x81\xef\xbc\x88\xe5\x8f\x82\xe8\xa7\x81\xef\xbc\x9agit help revisions\xef\xbc\x89\n   bisect    \xe9\x80\x9a\xe8\xbf\x87\xe4\xba\x8c\xe5\x88\x86\xe6\x9f\xa5\xe6\x89\xbe\xe5\xae\x9a\xe4\xbd\x8d\xe5\xbc\x95\xe5\x85\xa5 bug \xe7\x9a\x84\xe6\x8f\x90\xe4\xba\xa4\n   diff      \xe6\x98\xbe\xe7\xa4\xba\xe6\x8f\x90\xe4\xba\xa4\xe4\xb9\x8b\xe9\x97\xb4\xe3\x80\x81\xe6\x8f\x90\xe4\xba\xa4\xe5\x92\x8c\xe5\xb7\xa5\xe4\xbd\x9c\xe5\x8c\xba\xe4\xb9\x8b\xe9\x97\xb4\xe7\xad\x89\xe7\x9a\x84\xe5\xb7\xae\xe5\xbc\x82\n   grep      \xe8\xbe\x93\xe5\x87\xba\xe5\x92\x8c\xe6\xa8\xa1\xe5\xbc\x8f\xe5\x8c\xb9\xe9\x85\x8d\xe7\x9a\x84\xe8\xa1\x8c\n   log       \xe6\x98\xbe\xe7\xa4\xba\xe6\x8f\x90\xe4\xba\xa4\xe6\x97\xa5\xe5\xbf\x97\n   show      \xe6\x98\xbe\xe7\xa4\xba\xe5\x90\x84\xe7\xa7\x8d\xe7\xb1\xbb\xe5\x9e\x8b\xe7\x9a\x84\xe5\xaf\xb9\xe8\xb1\xa1\n   status    \xe6\x98\xbe\xe7\xa4\xba\xe5\xb7\xa5\xe4\xbd\x9c\xe5\x8c\xba\xe7\x8a\xb6\xe6\x80\x81\n\n\xe6\x89\xa9\xe5\xb1\x95\xe3\x80\x81\xe6\xa0\x87\xe8\xae\xb0\xe5\x92\x8c\xe8\xb0\x83\xe6\xa0\xa1\xe6\x82\xa8\xe7\x9a\x84\xe5\x8e\x86\xe5\x8f\xb2\xe8\xae\xb0\xe5\xbd\x95\n   branch    \xe5\x88\x97\xe5\x87\xba\xe3\x80\x81\xe5\x88\x9b\xe5\xbb\xba\xe6\x88\x96\xe5\x88\xa0\xe9\x99\xa4\xe5\x88\x86\xe6\x94\xaf\n   commit    \xe8\xae\xb0\xe5\xbd\x95\xe5\x8f\x98\xe6\x9b\xb4\xe5\x88\xb0\xe4\xbb\x93\xe5\xba\x93\n   merge     \xe5\x90\x88\xe5\xb9\xb6\xe4\xb8\xa4\xe4\xb8\xaa\xe6\x88\x96\xe6\x9b\xb4\xe5\xa4\x9a\xe5\xbc\x80\xe5\x8f\x91\xe5\x8e\x86\xe5\x8f\xb2\n   rebase    \xe5\x9c\xa8\xe5\x8f\xa6\xe4\xb8\x80\xe4\xb8\xaa\xe5\x88\x86\xe6\x94\xaf\xe4\xb8\x8a\xe9\x87\x8d\xe6\x96\xb0\xe5\xba\x94\xe7\x94\xa8\xe6\x8f\x90\xe4\xba\xa4\n   reset     \xe9\x87\x8d\xe7\xbd\xae\xe5\xbd\x93\xe5\x89\x8d HEAD \xe5\x88\xb0\xe6\x8c\x87\xe5\xae\x9a\xe7\x8a\xb6\xe6\x80\x81\n   switch    \xe5\x88\x87\xe6\x8d\xa2\xe5\x88\x86\xe6\x94\xaf\n   tag       \xe5\x88\x9b\xe5\xbb\xba\xe3\x80\x81\xe5\x88\x97\xe5\x87\xba\xe3\x80\x81\xe5\x88\xa0\xe9\x99\xa4\xe6\x88\x96\xe6\xa0\xa1\xe9\xaa\x8c\xe4\xb8\x80\xe4\xb8\xaa GPG \xe7\xad\xbe\xe5\x90\x8d\xe7\x9a\x84\xe6\xa0\x87\xe7\xad\xbe\xe5\xaf\xb9\xe8\xb1\xa1\n\n\xe5\x8d\x8f\xe5\x90\x8c\xef\xbc\x88\xe5\x8f\x82\xe8\xa7\x81\xef\xbc\x9agit help workflows\xef\xbc\x89\n   fetch     \xe4\xbb\x8e\xe5\x8f\xa6\xe5\xa4\x96\xe4\xb8\x80\xe4\xb8\xaa\xe4\xbb\x93\xe5\xba\x93\xe4\xb8\x8b\xe8\xbd\xbd\xe5\xaf\xb9\xe8\xb1\xa1\xe5\x92\x8c\xe5\xbc\x95\xe7\x94\xa8\n   pull      \xe8\x8e\xb7\xe5\x8f\x96\xe5\xb9\xb6\xe6\x95\xb4\xe5\x90\x88\xe5\x8f\xa6\xe5\xa4\x96\xe7\x9a\x84\xe4\xbb\x93\xe5\xba\x93\xe6\x88\x96\xe4\xb8\x80\xe4\xb8\xaa\xe6\x9c\xac\xe5\x9c\xb0\xe5\x88\x86\xe6\x94\xaf\n   push      \xe6\x9b\xb4\xe6\x96\xb0\xe8\xbf\x9c\xe7\xa8\x8b\xe5\xbc\x95\xe7\x94\xa8\xe5\x92\x8c\xe7\x9b\xb8\xe5\x85\xb3\xe7\x9a\x84\xe5\xaf\xb9\xe8\xb1\xa1\n\n\xe5\x91\xbd\xe4\xbb\xa4 'git help -a' \xe5\x92\x8c 'git help -g' \xe6\x98\xbe\xe7\xa4\xba\xe5\x8f\xaf\xe7\x94\xa8\xe7\x9a\x84\xe5\xad\x90\xe5\x91\xbd\xe4\xbb\xa4\xe5\x92\x8c\xe4\xb8\x80\xe4\xba\x9b\xe6\xa6\x82\xe5\xbf\xb5\xe5\xb8\xae\xe5\x8a\xa9\xe3\x80\x82\n\xe6\x9f\xa5\xe7\x9c\x8b 'git help <\xe5\x91\xbd\xe4\xbb\xa4>' \xe6\x88\x96 'git help <\xe6\xa6\x82\xe5\xbf\xb5>' \xe4\xbb\xa5\xe8\x8e\xb7\xe5\x8f\x96\xe7\xbb\x99\xe5\xae\x9a\xe5\xad\x90\xe5\x91\xbd\xe4\xbb\xa4\xe6\x88\x96\xe6\xa6\x82\xe5\xbf\xb5\xe7\x9a\x84\n\xe5\xb8\xae\xe5\x8a\xa9\xe3\x80\x82\n\xe6\x9c\x89\xe5\x85\xb3\xe7\xb3\xbb\xe7\xbb\x9f\xe7\x9a\x84\xe6\xa6\x82\xe8\xbf\xb0\xef\xbc\x8c\xe6\x9f\xa5\xe7\x9c\x8b 'git help git'\xe3\x80\x82\n""
[0m23:17:00.853346 [debug] [MainThread]: STDERR: "b''"
[0m23:17:00.853505 [info ] [MainThread]:  - git [[32mOK found[0m]

[0m23:17:00.853660 [info ] [MainThread]: Connection:
[0m23:17:00.853807 [info ] [MainThread]:   host: localhost
[0m23:17:00.853954 [info ] [MainThread]:   port: 5432
[0m23:17:00.854101 [info ] [MainThread]:   user: postgres
[0m23:17:00.854233 [info ] [MainThread]:   database: warehouse
[0m23:17:00.854364 [info ] [MainThread]:   schema: public
[0m23:17:00.854496 [info ] [MainThread]:   connect_timeout: 10
[0m23:17:00.854636 [info ] [MainThread]:   role: None
[0m23:17:00.854768 [info ] [MainThread]:   search_path: None
[0m23:17:00.854905 [info ] [MainThread]:   keepalives_idle: 0
[0m23:17:00.855035 [info ] [MainThread]:   sslmode: None
[0m23:17:00.855166 [info ] [MainThread]:   sslcert: None
[0m23:17:00.855295 [info ] [MainThread]:   sslkey: None
[0m23:17:00.855423 [info ] [MainThread]:   sslrootcert: None
[0m23:17:00.855549 [info ] [MainThread]:   application_name: dbt
[0m23:17:00.855677 [info ] [MainThread]:   retries: 1
[0m23:17:00.855875 [info ] [MainThread]: Registered adapter: postgres=1.10.0
[0m23:17:00.877590 [debug] [MainThread]: Acquiring new postgres connection 'debug'
[0m23:17:00.885386 [debug] [MainThread]: Using postgres connection "debug"
[0m23:17:00.885587 [debug] [MainThread]: On debug: select 1 as id
[0m23:17:00.885745 [debug] [MainThread]: Opening a new connection, currently in state init
[0m23:17:00.890157 [debug] [MainThread]: SQL status: SELECT 1 in 0.004 seconds
[0m23:17:00.890608 [debug] [MainThread]: On debug: Close
[0m23:17:00.890834 [info ] [MainThread]:   Connection test: [[32mOK connection ok[0m]

[0m23:17:00.891006 [info ] [MainThread]: [32mAll checks passed![0m
[0m23:17:00.891429 [debug] [MainThread]: Resource report: {"command_name": "debug", "command_success": true, "command_wall_clock_time": 0.16431384, "process_in_blocks": "24", "process_kernel_time": 0.083471, "process_mem_max_rss": "119168", "process_out_blocks": "32", "process_user_time": 0.798943}
[0m23:17:00.891674 [debug] [MainThread]: Command `dbt debug` succeeded at 23:17:00.891629 after 0.16 seconds
[0m23:17:00.891844 [debug] [MainThread]: Connection 'debug' was properly closed.
[0m23:17:00.892026 [debug] [MainThread]: Sending event: {'category': 'dbt', 'action': 'invocation', 'label': 'end', 'context': [<snowplow_tracker.self_describing_json.SelfDescribingJson object at 0x7277ad460830>, <snowplow_tracker.self_describing_json.SelfDescribingJson object at 0x7277aa6b3890>, <snowplow_tracker.self_describing_json.SelfDescribingJson object at 0x7277acc160c0>]}
[0m23:17:00.892231 [debug] [MainThread]: Flushing usage events
[0m23:17:03.231434 [debug] [MainThread]: An error was encountered while trying to flush usage events
[0m23:17:04.102398 [debug] [MainThread]: Sending event: {'category': 'dbt', 'action': 'invocation', 'label': 'start', 'context': [<snowplow_tracker.self_describing_json.SelfDescribingJson object at 0x7445722afec0>, <snowplow_tracker.self_describing_json.SelfDescribingJson object at 0x744573159580>, <snowplow_tracker.self_describing_json.SelfDescribingJson object at 0x744573158b30>]}


============================== 23:17:04.104000 | d6d6fb6f-d265-4601-80ce-0d199d77b3aa ==============================
[0m23:17:04.104000 [info ] [MainThread]: Running with dbt=1.11.7
[0m23:17:04.104300 [debug] [MainThread]: running dbt with arguments {'send_anonymous_usage_stats': 'True', 'introspect': 'True', 'debug': 'False', 'printer_width': '80', 'indirect_selection': 'eager', 'partial_parse': 'True', 'write_json': 'True', 'version_check': 'True', 'target_path': 'None', 'warn_error_options': 'WarnErrorOptionsV2(error=[], warn=[], silence=[])', 'log_format': 'default', 'cache_selected_only': 'False', 'use_colors': 'True', 'profiles_dir': '/home/zp/work/guoji-agent/dbt_liuxue', 'use_experimental_parser': 'False', 'invocation_command': 'dbt run', 'static_parser': 'True', 'log_path': '/home/zp/work/guoji-agent/dbt_liuxue/logs', 'warn_error': 'None', 'log_cache_events': 'False', 'fail_fast': 'False', 'empty': 'False', 'quiet': 'False', 'no_print': 'None'}
[0m23:17:04.215538 [debug] [MainThread]: Sending event: {'category': 'dbt', 'action': 'project_id', 'label': 'd6d6fb6f-d265-4601-80ce-0d199d77b3aa', 'context': [<snowplow_tracker.self_describing_json.SelfDescribingJson object at 0x7445728a3d40>]}
[0m23:17:04.256269 [debug] [MainThread]: Sending event: {'category': 'dbt', 'action': 'adapter_info', 'label': 'd6d6fb6f-d265-4601-80ce-0d199d77b3aa', 'context': [<snowplow_tracker.self_describing_json.SelfDescribingJson object at 0x7445721dafc0>]}
[0m23:17:04.256718 [info ] [MainThread]: Registered adapter: postgres=1.10.0
[0m23:17:04.282298 [debug] [MainThread]: checksum: b80718358155fc17c3559352095564dd56ada1cc1a1c0ef2e62c857e71583775, vars: {}, profile: , target: , version: 1.11.7
[0m23:17:04.324903 [debug] [MainThread]: Partial parsing enabled: 0 files deleted, 0 files added, 0 files changed.
[0m23:17:04.325129 [debug] [MainThread]: Nothing changed, skipping partial parsing.
[0m23:17:04.325280 [debug] [MainThread]: Partial parsing enabled, no changes found, skipping parsing
[0m23:17:04.341052 [debug] [MainThread]: Sending event: {'category': 'dbt', 'action': 'load_project', 'label': 'd6d6fb6f-d265-4601-80ce-0d199d77b3aa', 'context': [<snowplow_tracker.self_describing_json.SelfDescribingJson object at 0x744571572e70>]}
[0m23:17:04.372418 [debug] [MainThread]: Wrote artifact WritableManifest to /home/zp/work/guoji-agent/dbt_liuxue/target/manifest.json
[0m23:17:04.374719 [debug] [MainThread]: Wrote artifact SemanticManifest to /home/zp/work/guoji-agent/dbt_liuxue/target/semantic_manifest.json
[0m23:17:04.380329 [debug] [MainThread]: Sending event: {'category': 'dbt', 'action': 'resource_counts', 'label': 'd6d6fb6f-d265-4601-80ce-0d199d77b3aa', 'context': [<snowplow_tracker.self_describing_json.SelfDescribingJson object at 0x74457051d040>]}
[0m23:17:04.380579 [info ] [MainThread]: Found 11 models, 1 source, 465 macros
[0m23:17:04.380762 [debug] [MainThread]: Sending event: {'category': 'dbt', 'action': 'runnable_timing', 'label': 'd6d6fb6f-d265-4601-80ce-0d199d77b3aa', 'context': [<snowplow_tracker.self_describing_json.SelfDescribingJson object at 0x7445711d84d0>]}
[0m23:17:04.381713 [info ] [MainThread]: 
[0m23:17:04.381919 [info ] [MainThread]: Concurrency: 2 threads (target='local')
[0m23:17:04.382081 [info ] [MainThread]: 
[0m23:17:04.382327 [debug] [MainThread]: Acquiring new postgres connection 'master'
[0m23:17:04.384265 [debug] [ThreadPool]: Acquiring new postgres connection 'list_warehouse'
[0m23:17:04.396955 [debug] [ThreadPool]: Using postgres connection "list_warehouse"
[0m23:17:04.397160 [debug] [ThreadPool]: On list_warehouse: /* {"app": "dbt", "dbt_version": "1.11.7", "profile_name": "liuxue", "target_name": "local", "connection_name": "list_warehouse"} */

    select distinct nspname from pg_namespace
  
[0m23:17:04.397322 [debug] [ThreadPool]: Opening a new connection, currently in state init
[0m23:17:04.401678 [debug] [ThreadPool]: SQL status: SELECT 5 in 0.004 seconds
[0m23:17:04.402323 [debug] [ThreadPool]: On list_warehouse: Close
[0m23:17:04.403391 [debug] [ThreadPool]: Re-using an available connection from the pool (formerly list_warehouse, now list_warehouse_public)
[0m23:17:04.406046 [debug] [ThreadPool]: Using postgres connection "list_warehouse_public"
[0m23:17:04.406267 [debug] [ThreadPool]: On list_warehouse_public: /* {"app": "dbt", "dbt_version": "1.11.7", "profile_name": "liuxue", "target_name": "local", "connection_name": "list_warehouse_public"} */
select
      'warehouse' as database,
      tablename as name,
      schemaname as schema,
      'table' as type
    from pg_tables
    where schemaname ilike 'public'
    union all
    select
      'warehouse' as database,
      viewname as name,
      schemaname as schema,
      'view' as type
    from pg_views
    where schemaname ilike 'public'
    union all
    select
      'warehouse' as database,
      matviewname as name,
      schemaname as schema,
      'materialized_view' as type
    from pg_matviews
    where schemaname ilike 'public'
  
[0m23:17:04.406451 [debug] [ThreadPool]: Opening a new connection, currently in state closed
[0m23:17:04.410448 [debug] [ThreadPool]: SQL status: SELECT 11 in 0.004 seconds
[0m23:17:04.411123 [debug] [ThreadPool]: On list_warehouse_public: ROLLBACK
[0m23:17:04.411346 [debug] [ThreadPool]: On list_warehouse_public: Close
[0m23:17:04.414193 [debug] [MainThread]: Using postgres connection "master"
[0m23:17:04.414430 [debug] [MainThread]: On master: /* {"app": "dbt", "dbt_version": "1.11.7", "profile_name": "liuxue", "target_name": "local", "connection_name": "master"} */
select distinct
        dependent_namespace.nspname as dependent_schema,
        dependent_class.relname as dependent_name,
        referenced_namespace.nspname as referenced_schema,
        referenced_class.relname as referenced_name

    -- Query for views: views are entries in pg_class with an entry in pg_rewrite, but we avoid
    -- a seq scan on pg_rewrite by leveraging the fact there is an "internal" row in pg_depend for
    -- the view...
    from pg_class as dependent_class
    join pg_namespace as dependent_namespace on dependent_namespace.oid = dependent_class.relnamespace
    join pg_depend as dependent_depend on dependent_depend.refobjid = dependent_class.oid
        and dependent_depend.classid = 'pg_rewrite'::regclass
        and dependent_depend.refclassid = 'pg_class'::regclass
        and dependent_depend.deptype = 'i'

    -- ... and via pg_depend (that has a row per column, hence the need for "distinct" above, and
    -- making sure to exclude the internal row to avoid a view appearing to depend on itself)...
    join pg_depend as joining_depend on joining_depend.objid = dependent_depend.objid
        and joining_depend.classid = 'pg_rewrite'::regclass
        and joining_depend.refclassid = 'pg_class'::regclass
        and joining_depend.refobjid != dependent_depend.refobjid

    -- ... we can find the tables they query from in pg_class, but excluding system tables. Note we
    -- don't need need to exclude _dependent_ system tables, because they only query from other
    -- system tables, and so are automatically excluded by excluding _referenced_ system tables
    join pg_class as referenced_class on referenced_class.oid = joining_depend.refobjid
    join pg_namespace as referenced_namespace on referenced_namespace.oid = referenced_class.relnamespace
        and referenced_namespace.nspname != 'information_schema'
        and referenced_namespace.nspname not like 'pg\_%'

    order by
        dependent_schema, dependent_name, referenced_schema, referenced_name;
[0m23:17:04.414622 [debug] [MainThread]: Opening a new connection, currently in state init
[0m23:17:04.419252 [debug] [MainThread]: SQL status: SELECT 2 in 0.005 seconds
[0m23:17:04.420289 [debug] [MainThread]: Sending event: {'category': 'dbt', 'action': 'runnable_timing', 'label': 'd6d6fb6f-d265-4601-80ce-0d199d77b3aa', 'context': [<snowplow_tracker.self_describing_json.SelfDescribingJson object at 0x744574ce7860>]}
[0m23:17:04.420857 [debug] [MainThread]: On master: ROLLBACK
[0m23:17:04.421379 [debug] [MainThread]: On master: COMMIT
[0m23:17:04.421793 [debug] [MainThread]: Using postgres connection "master"
[0m23:17:04.422142 [debug] [MainThread]: On master: COMMIT
[0m23:17:04.422559 [debug] [MainThread]: SQL status: COMMIT in 0.000 seconds
[0m23:17:04.422982 [debug] [MainThread]: On master: Close
[0m23:17:04.424756 [debug] [Thread-1 (]: Began running node model.liuxue_warehouse.stg_gradcafe_admissions
[0m23:17:04.425101 [info ] [Thread-1 (]: 1 of 11 START sql view model public.stg_gradcafe_admissions .................... [RUN]
[0m23:17:04.425361 [debug] [Thread-1 (]: Re-using an available connection from the pool (formerly list_warehouse_public, now model.liuxue_warehouse.stg_gradcafe_admissions)
[0m23:17:04.425613 [debug] [Thread-2 (]: Began running node model.liuxue_warehouse.stg_school_info
[0m23:17:04.425845 [debug] [Thread-1 (]: Began compiling node model.liuxue_warehouse.stg_gradcafe_admissions
[0m23:17:04.426204 [info ] [Thread-2 (]: 2 of 11 START sql view model public.stg_school_info ............................ [RUN]
[0m23:17:04.429645 [debug] [Thread-1 (]: Writing injected SQL for node "model.liuxue_warehouse.stg_gradcafe_admissions"
[0m23:17:04.430061 [debug] [Thread-2 (]: Acquiring new postgres connection 'model.liuxue_warehouse.stg_school_info'
[0m23:17:04.430420 [debug] [Thread-2 (]: Began compiling node model.liuxue_warehouse.stg_school_info
[0m23:17:04.431488 [debug] [Thread-2 (]: Writing injected SQL for node "model.liuxue_warehouse.stg_school_info"
[0m23:17:04.431897 [debug] [Thread-1 (]: Began executing node model.liuxue_warehouse.stg_gradcafe_admissions
[0m23:17:04.432208 [debug] [Thread-2 (]: Began executing node model.liuxue_warehouse.stg_school_info
[0m23:17:04.480686 [debug] [Thread-2 (]: Writing runtime sql for node "model.liuxue_warehouse.stg_school_info"
[0m23:17:04.481098 [debug] [Thread-2 (]: Using postgres connection "model.liuxue_warehouse.stg_school_info"
[0m23:17:04.481319 [debug] [Thread-2 (]: On model.liuxue_warehouse.stg_school_info: /* {"app": "dbt", "dbt_version": "1.11.7", "profile_name": "liuxue", "target_name": "local", "node_id": "model.liuxue_warehouse.stg_school_info"} */

  create view "warehouse"."public"."stg_school_info__dbt_tmp"
    
    
  as (
    -- 从录取数据中提取学校标准化名称
-- 注：完整的大学信息（排名/国家/官网）通过 sync_rankings.py 单独采集
WITH distinct_schools AS (
    SELECT DISTINCT
        school,
        '' AS country,
        NULL::integer AS qs_rank,
        NULL::integer AS usnews_rank
    FROM raw.gradcafe_admissions
    WHERE school IS NOT NULL
)
SELECT
    ROW_NUMBER() OVER () AS school_id,
    school,
    country,
    qs_rank,
    usnews_rank
FROM distinct_schools
  );
[0m23:17:04.481516 [debug] [Thread-2 (]: Opening a new connection, currently in state init
[0m23:17:04.482865 [debug] [Thread-1 (]: Writing runtime sql for node "model.liuxue_warehouse.stg_gradcafe_admissions"
[0m23:17:04.483197 [debug] [Thread-1 (]: Using postgres connection "model.liuxue_warehouse.stg_gradcafe_admissions"
[0m23:17:04.483432 [debug] [Thread-1 (]: On model.liuxue_warehouse.stg_gradcafe_admissions: /* {"app": "dbt", "dbt_version": "1.11.7", "profile_name": "liuxue", "target_name": "local", "node_id": "model.liuxue_warehouse.stg_gradcafe_admissions"} */

  create view "warehouse"."public"."stg_gradcafe_admissions__dbt_tmp"
    
    
  as (
    -- 清洗 GradCafe 原始数据：类型转换、过滤无效记录
WITH cleaned AS (
    SELECT
        id,
        school,
        program,
        -- 推断学位层级
        CASE
            WHEN program ILIKE '%phd%' OR program ILIKE '%doctor%' THEN 'PhD'
            WHEN program ILIKE '%master%' OR program ILIKE '%ms %' OR program ILIKE '%m.eng%'
                OR program ILIKE '%mba%' OR program ILIKE '%m.a.%' THEN 'Masters'
            WHEN program ILIKE '%bachelor%' OR program ILIKE '%b.s.%' OR program ILIKE '%undergrad%' THEN 'Bachelors'
            ELSE 'Other'
        END AS degree,
        season,
        year,
        nationality,
        CASE
            WHEN decision ILIKE '%accept%' THEN 'Accepted'
            WHEN decision ILIKE '%reject%' THEN 'Rejected'
            WHEN decision ILIKE '%wait%' THEN 'Waitlisted'
            WHEN decision ILIKE '%interview%' THEN 'Interview'
            ELSE 'Other'
        END AS decision,
        decision_date,
        -- GPA 范围校验
        CASE WHEN gpa > 0 AND gpa <= 4.0 THEN gpa ELSE NULL END AS gpa,
        CASE WHEN gre_q >= 130 AND gre_q <= 170 THEN gre_q ELSE NULL END AS gre_q,
        CASE WHEN gre_v >= 130 AND gre_v <= 170 THEN gre_v ELSE NULL END AS gre_v,
        CASE WHEN gre_aw >= 0 AND gre_aw <= 6.0 THEN gre_aw ELSE NULL END AS gre_aw,
        CASE WHEN toefl >= 0 AND toefl <= 120 THEN toefl ELSE NULL END AS toefl,
        comment,
        source_url,
        major_category,
        crawled_at
    FROM raw.gradcafe_admissions
    WHERE school IS NOT NULL
      AND school != ''
)
SELECT * FROM cleaned
  );
[0m23:17:04.483653 [debug] [Thread-1 (]: Opening a new connection, currently in state closed
[0m23:17:04.485286 [debug] [Thread-2 (]: SQL status: CREATE VIEW in 0.004 seconds
[0m23:17:04.488644 [debug] [Thread-2 (]: Using postgres connection "model.liuxue_warehouse.stg_school_info"
[0m23:17:04.488992 [debug] [Thread-2 (]: On model.liuxue_warehouse.stg_school_info: /* {"app": "dbt", "dbt_version": "1.11.7", "profile_name": "liuxue", "target_name": "local", "node_id": "model.liuxue_warehouse.stg_school_info"} */
alter table "warehouse"."public"."stg_school_info" rename to "stg_school_info__dbt_backup"
[0m23:17:04.489491 [debug] [Thread-2 (]: SQL status: ALTER TABLE in 0.000 seconds
[0m23:17:04.491421 [debug] [Thread-2 (]: Using postgres connection "model.liuxue_warehouse.stg_school_info"
[0m23:17:04.491674 [debug] [Thread-1 (]: SQL status: CREATE VIEW in 0.008 seconds
[0m23:17:04.491980 [debug] [Thread-2 (]: On model.liuxue_warehouse.stg_school_info: /* {"app": "dbt", "dbt_version": "1.11.7", "profile_name": "liuxue", "target_name": "local", "node_id": "model.liuxue_warehouse.stg_school_info"} */
alter table "warehouse"."public"."stg_school_info__dbt_tmp" rename to "stg_school_info"
[0m23:17:04.493462 [debug] [Thread-1 (]: Using postgres connection "model.liuxue_warehouse.stg_gradcafe_admissions"
[0m23:17:04.493751 [debug] [Thread-1 (]: On model.liuxue_warehouse.stg_gradcafe_admissions: /* {"app": "dbt", "dbt_version": "1.11.7", "profile_name": "liuxue", "target_name": "local", "node_id": "model.liuxue_warehouse.stg_gradcafe_admissions"} */
alter table "warehouse"."public"."stg_gradcafe_admissions" rename to "stg_gradcafe_admissions__dbt_backup"
[0m23:17:04.493997 [debug] [Thread-2 (]: SQL status: ALTER TABLE in 0.000 seconds
[0m23:17:04.499310 [debug] [Thread-1 (]: SQL status: ALTER TABLE in 0.005 seconds
[0m23:17:04.502167 [debug] [Thread-2 (]: On model.liuxue_warehouse.stg_school_info: COMMIT
[0m23:17:04.503473 [debug] [Thread-1 (]: Using postgres connection "model.liuxue_warehouse.stg_gradcafe_admissions"
[0m23:17:04.503688 [debug] [Thread-2 (]: Using postgres connection "model.liuxue_warehouse.stg_school_info"
[0m23:17:04.503901 [debug] [Thread-1 (]: On model.liuxue_warehouse.stg_gradcafe_admissions: /* {"app": "dbt", "dbt_version": "1.11.7", "profile_name": "liuxue", "target_name": "local", "node_id": "model.liuxue_warehouse.stg_gradcafe_admissions"} */
alter table "warehouse"."public"."stg_gradcafe_admissions__dbt_tmp" rename to "stg_gradcafe_admissions"
[0m23:17:04.504159 [debug] [Thread-2 (]: On model.liuxue_warehouse.stg_school_info: COMMIT
[0m23:17:04.504662 [debug] [Thread-1 (]: SQL status: ALTER TABLE in 0.000 seconds
[0m23:17:04.505441 [debug] [Thread-1 (]: On model.liuxue_warehouse.stg_gradcafe_admissions: COMMIT
[0m23:17:04.505637 [debug] [Thread-1 (]: Using postgres connection "model.liuxue_warehouse.stg_gradcafe_admissions"
[0m23:17:04.505812 [debug] [Thread-1 (]: On model.liuxue_warehouse.stg_gradcafe_admissions: COMMIT
[0m23:17:04.506011 [debug] [Thread-2 (]: SQL status: COMMIT in 0.002 seconds
[0m23:17:04.508820 [debug] [Thread-2 (]: Applying DROP to: "warehouse"."public"."stg_school_info__dbt_backup"
[0m23:17:04.509040 [debug] [Thread-1 (]: SQL status: COMMIT in 0.003 seconds
[0m23:17:04.511337 [debug] [Thread-2 (]: Using postgres connection "model.liuxue_warehouse.stg_school_info"
[0m23:17:04.512409 [debug] [Thread-1 (]: Applying DROP to: "warehouse"."public"."stg_gradcafe_admissions__dbt_backup"
[0m23:17:04.512627 [debug] [Thread-2 (]: On model.liuxue_warehouse.stg_school_info: /* {"app": "dbt", "dbt_version": "1.11.7", "profile_name": "liuxue", "target_name": "local", "node_id": "model.liuxue_warehouse.stg_school_info"} */
drop view if exists "warehouse"."public"."stg_school_info__dbt_backup" cascade
[0m23:17:04.513038 [debug] [Thread-1 (]: Using postgres connection "model.liuxue_warehouse.stg_gradcafe_admissions"
[0m23:17:04.513256 [debug] [Thread-1 (]: On model.liuxue_warehouse.stg_gradcafe_admissions: /* {"app": "dbt", "dbt_version": "1.11.7", "profile_name": "liuxue", "target_name": "local", "node_id": "model.liuxue_warehouse.stg_gradcafe_admissions"} */
drop view if exists "warehouse"."public"."stg_gradcafe_admissions__dbt_backup" cascade
[0m23:17:04.514035 [debug] [Thread-2 (]: SQL status: DROP VIEW in 0.001 seconds
[0m23:17:04.515098 [debug] [Thread-2 (]: On model.liuxue_warehouse.stg_school_info: Close
[0m23:17:04.515305 [debug] [Thread-1 (]: SQL status: DROP VIEW in 0.002 seconds
[0m23:17:04.515913 [debug] [Thread-1 (]: On model.liuxue_warehouse.stg_gradcafe_admissions: Close
[0m23:17:04.516732 [debug] [Thread-2 (]: Sending event: {'category': 'dbt', 'action': 'run_model', 'label': 'd6d6fb6f-d265-4601-80ce-0d199d77b3aa', 'context': [<snowplow_tracker.self_describing_json.SelfDescribingJson object at 0x7445705b7350>]}
[0m23:17:04.517024 [debug] [Thread-1 (]: Sending event: {'category': 'dbt', 'action': 'run_model', 'label': 'd6d6fb6f-d265-4601-80ce-0d199d77b3aa', 'context': [<snowplow_tracker.self_describing_json.SelfDescribingJson object at 0x744572867cb0>]}
[0m23:17:04.517353 [info ] [Thread-2 (]: 2 of 11 OK created sql view model public.stg_school_info ....................... [[32mCREATE VIEW[0m in 0.09s]
[0m23:17:04.517688 [info ] [Thread-1 (]: 1 of 11 OK created sql view model public.stg_gradcafe_admissions ............... [[32mCREATE VIEW[0m in 0.09s]
[0m23:17:04.517987 [debug] [Thread-2 (]: Finished running node model.liuxue_warehouse.stg_school_info
[0m23:17:04.518250 [debug] [Thread-1 (]: Finished running node model.liuxue_warehouse.stg_gradcafe_admissions
[0m23:17:04.518694 [debug] [Thread-2 (]: Began running node model.liuxue_warehouse.feat_gre_impact
[0m23:17:04.518895 [debug] [Thread-1 (]: Began running node model.liuxue_warehouse.int_admissions_cleaned
[0m23:17:04.519126 [info ] [Thread-2 (]: 3 of 11 START sql table model public.feat_gre_impact ........................... [RUN]
[0m23:17:04.519382 [info ] [Thread-1 (]: 4 of 11 START sql table model public.int_admissions_cleaned .................... [RUN]
[0m23:17:04.519601 [debug] [Thread-2 (]: Re-using an available connection from the pool (formerly model.liuxue_warehouse.stg_school_info, now model.liuxue_warehouse.feat_gre_impact)
[0m23:17:04.519821 [debug] [Thread-1 (]: Re-using an available connection from the pool (formerly model.liuxue_warehouse.stg_gradcafe_admissions, now model.liuxue_warehouse.int_admissions_cleaned)
[0m23:17:04.520013 [debug] [Thread-2 (]: Began compiling node model.liuxue_warehouse.feat_gre_impact
[0m23:17:04.520201 [debug] [Thread-1 (]: Began compiling node model.liuxue_warehouse.int_admissions_cleaned
[0m23:17:04.521412 [debug] [Thread-2 (]: Writing injected SQL for node "model.liuxue_warehouse.feat_gre_impact"
[0m23:17:04.523169 [debug] [Thread-1 (]: Writing injected SQL for node "model.liuxue_warehouse.int_admissions_cleaned"
[0m23:17:04.523502 [debug] [Thread-2 (]: Began executing node model.liuxue_warehouse.feat_gre_impact
[0m23:17:04.523711 [debug] [Thread-1 (]: Began executing node model.liuxue_warehouse.int_admissions_cleaned
[0m23:17:04.532883 [debug] [Thread-2 (]: Writing runtime sql for node "model.liuxue_warehouse.feat_gre_impact"
[0m23:17:04.534511 [debug] [Thread-1 (]: Writing runtime sql for node "model.liuxue_warehouse.int_admissions_cleaned"
[0m23:17:04.534854 [debug] [Thread-2 (]: Using postgres connection "model.liuxue_warehouse.feat_gre_impact"
[0m23:17:04.535077 [debug] [Thread-2 (]: On model.liuxue_warehouse.feat_gre_impact: /* {"app": "dbt", "dbt_version": "1.11.7", "profile_name": "liuxue", "target_name": "local", "node_id": "model.liuxue_warehouse.feat_gre_impact"} */

  
    

  create  table "warehouse"."public"."feat_gre_impact__dbt_tmp"
  
  
    as
  
  (
    -- GRE 成绩对录取的影响分析
SELECT
    school, program, degree,
    ROUND(AVG(gre_q)::numeric, 1) AS gre_q_mean,
    ROUND(AVG(gre_v)::numeric, 1) AS gre_v_mean,
    -- 国际生录取中 GRE Q 的关键度
    ROUND(
        AVG(CASE WHEN gre_q >= 165 THEN 1.0 ELSE 0.0 END)::numeric, 2
    ) AS gre_q_high_ratio,
    -- GRE 对录取的区分度
    ROUND(
        (
            AVG(CASE WHEN decision = 'Accepted' AND gre_q IS NOT NULL THEN gre_q END) -
            AVG(CASE WHEN decision = 'Rejected' AND gre_q IS NOT NULL THEN gre_q END)
        )::numeric, 1
    ) AS gre_q_acceptance_delta,
    COUNT(*) FILTER (WHERE gre_q IS NOT NULL) AS gre_samples
FROM "warehouse"."public"."stg_gradcafe_admissions"
WHERE degree IN ('Masters', 'PhD')
  AND gre_q IS NOT NULL
GROUP BY school, program, degree
HAVING COUNT(*) FILTER (WHERE gre_q IS NOT NULL) >= 5
  );
  
[0m23:17:04.535292 [debug] [Thread-2 (]: Opening a new connection, currently in state closed
[0m23:17:04.535537 [debug] [Thread-1 (]: Using postgres connection "model.liuxue_warehouse.int_admissions_cleaned"
[0m23:17:04.535760 [debug] [Thread-1 (]: On model.liuxue_warehouse.int_admissions_cleaned: /* {"app": "dbt", "dbt_version": "1.11.7", "profile_name": "liuxue", "target_name": "local", "node_id": "model.liuxue_warehouse.int_admissions_cleaned"} */

  
    

  create  table "warehouse"."public"."int_admissions_cleaned__dbt_tmp"
  
  
    as
  
  (
    -- 中间层：录取数据按校/专业聚合，计算竞争度
WITH base AS (
    SELECT
        school, program, degree, season, year,
        nationality, decision, gpa, gre_q, gre_v, gre_aw, toefl,
        major_category
    FROM "warehouse"."public"."stg_gradcafe_admissions"
    WHERE gpa IS NOT NULL
      AND degree IN ('Masters', 'PhD', 'Bachelors')
)
SELECT
    school,
    program,
    degree,
    season,
    year,
    -- 录取统计
    COUNT(*) AS total_cases,
    SUM(CASE WHEN decision = 'Accepted' THEN 1 ELSE 0 END) AS accepted_count,
    SUM(CASE WHEN decision = 'Rejected' THEN 1 ELSE 0 END) AS rejected_count,
    ROUND(
        SUM(CASE WHEN decision = 'Accepted' THEN 1.0 ELSE 0 END) / NULLIF(COUNT(*), 0), 3
    ) AS acceptance_rate,
    -- GPA 分位数
    ROUND(AVG(gpa)::numeric, 2) AS gpa_mean,
    ROUND(PERCENTILE_CONT(0.25) WITHIN GROUP (ORDER BY gpa)::numeric, 2) AS gpa_p25,
    ROUND(PERCENTILE_CONT(0.50) WITHIN GROUP (ORDER BY gpa)::numeric, 2) AS gpa_p50,
    ROUND(PERCENTILE_CONT(0.75) WITHIN GROUP (ORDER BY gpa)::numeric, 2) AS gpa_p75,
    -- GRE 统计
    ROUND(AVG(gre_q)::numeric, 1) AS gre_q_mean,
    ROUND(AVG(gre_v)::numeric, 1) AS gre_v_mean,
    -- 国际生占比
    ROUND(
        SUM(CASE WHEN nationality = 'International' THEN 1.0 ELSE 0 END) / NULLIF(COUNT(*), 0), 3
    ) AS international_ratio,
    -- 样本量
    COUNT(*) FILTER (WHERE gpa IS NOT NULL) AS gpa_samples
FROM base
GROUP BY school, program, degree, season, year
HAVING COUNT(*) >= 5  -- 至少 5 条案例才纳入统计
  );
  
[0m23:17:04.535973 [debug] [Thread-1 (]: Opening a new connection, currently in state closed
[0m23:17:04.540111 [debug] [Thread-2 (]: SQL status: SELECT 0 in 0.005 seconds
[0m23:17:04.543079 [debug] [Thread-2 (]: Using postgres connection "model.liuxue_warehouse.feat_gre_impact"
[0m23:17:04.543312 [debug] [Thread-1 (]: SQL status: SELECT 0 in 0.007 seconds
[0m23:17:04.543524 [debug] [Thread-2 (]: On model.liuxue_warehouse.feat_gre_impact: /* {"app": "dbt", "dbt_version": "1.11.7", "profile_name": "liuxue", "target_name": "local", "node_id": "model.liuxue_warehouse.feat_gre_impact"} */
alter table "warehouse"."public"."feat_gre_impact" rename to "feat_gre_impact__dbt_backup"
[0m23:17:04.544970 [debug] [Thread-1 (]: Using postgres connection "model.liuxue_warehouse.int_admissions_cleaned"
[0m23:17:04.545205 [debug] [Thread-1 (]: On model.liuxue_warehouse.int_admissions_cleaned: /* {"app": "dbt", "dbt_version": "1.11.7", "profile_name": "liuxue", "target_name": "local", "node_id": "model.liuxue_warehouse.int_admissions_cleaned"} */
alter table "warehouse"."public"."int_admissions_cleaned" rename to "int_admissions_cleaned__dbt_backup"
[0m23:17:04.545402 [debug] [Thread-2 (]: SQL status: ALTER TABLE in 0.000 seconds
[0m23:17:04.546666 [debug] [Thread-2 (]: Using postgres connection "model.liuxue_warehouse.feat_gre_impact"
[0m23:17:04.546868 [debug] [Thread-1 (]: SQL status: ALTER TABLE in 0.001 seconds
[0m23:17:04.547060 [debug] [Thread-2 (]: On model.liuxue_warehouse.feat_gre_impact: /* {"app": "dbt", "dbt_version": "1.11.7", "profile_name": "liuxue", "target_name": "local", "node_id": "model.liuxue_warehouse.feat_gre_impact"} */
alter table "warehouse"."public"."feat_gre_impact__dbt_tmp" rename to "feat_gre_impact"
[0m23:17:04.548313 [debug] [Thread-1 (]: Using postgres connection "model.liuxue_warehouse.int_admissions_cleaned"
[0m23:17:04.548546 [debug] [Thread-1 (]: On model.liuxue_warehouse.int_admissions_cleaned: /* {"app": "dbt", "dbt_version": "1.11.7", "profile_name": "liuxue", "target_name": "local", "node_id": "model.liuxue_warehouse.int_admissions_cleaned"} */
alter table "warehouse"."public"."int_admissions_cleaned__dbt_tmp" rename to "int_admissions_cleaned"
[0m23:17:04.548742 [debug] [Thread-2 (]: SQL status: ALTER TABLE in 0.000 seconds
[0m23:17:04.549568 [debug] [Thread-2 (]: On model.liuxue_warehouse.feat_gre_impact: COMMIT
[0m23:17:04.549765 [debug] [Thread-1 (]: SQL status: ALTER TABLE in 0.001 seconds
[0m23:17:04.549953 [debug] [Thread-2 (]: Using postgres connection "model.liuxue_warehouse.feat_gre_impact"
[0m23:17:04.550786 [debug] [Thread-1 (]: On model.liuxue_warehouse.int_admissions_cleaned: COMMIT
[0m23:17:04.550986 [debug] [Thread-2 (]: On model.liuxue_warehouse.feat_gre_impact: COMMIT
[0m23:17:04.551171 [debug] [Thread-1 (]: Using postgres connection "model.liuxue_warehouse.int_admissions_cleaned"
[0m23:17:04.551367 [debug] [Thread-1 (]: On model.liuxue_warehouse.int_admissions_cleaned: COMMIT
[0m23:17:04.551872 [debug] [Thread-2 (]: SQL status: COMMIT in 0.001 seconds
[0m23:17:04.552847 [debug] [Thread-2 (]: Applying DROP to: "warehouse"."public"."feat_gre_impact__dbt_backup"
[0m23:17:04.553056 [debug] [Thread-1 (]: SQL status: COMMIT in 0.002 seconds
[0m23:17:04.554456 [debug] [Thread-2 (]: Using postgres connection "model.liuxue_warehouse.feat_gre_impact"
[0m23:17:04.555489 [debug] [Thread-1 (]: Applying DROP to: "warehouse"."public"."int_admissions_cleaned__dbt_backup"
[0m23:17:04.555704 [debug] [Thread-2 (]: On model.liuxue_warehouse.feat_gre_impact: /* {"app": "dbt", "dbt_version": "1.11.7", "profile_name": "liuxue", "target_name": "local", "node_id": "model.liuxue_warehouse.feat_gre_impact"} */
drop table if exists "warehouse"."public"."feat_gre_impact__dbt_backup" cascade
[0m23:17:04.556133 [debug] [Thread-1 (]: Using postgres connection "model.liuxue_warehouse.int_admissions_cleaned"
[0m23:17:04.556354 [debug] [Thread-1 (]: On model.liuxue_warehouse.int_admissions_cleaned: /* {"app": "dbt", "dbt_version": "1.11.7", "profile_name": "liuxue", "target_name": "local", "node_id": "model.liuxue_warehouse.int_admissions_cleaned"} */
drop table if exists "warehouse"."public"."int_admissions_cleaned__dbt_backup" cascade
[0m23:17:04.557282 [debug] [Thread-2 (]: SQL status: DROP TABLE in 0.001 seconds
[0m23:17:04.557863 [debug] [Thread-2 (]: On model.liuxue_warehouse.feat_gre_impact: Close
[0m23:17:04.558067 [debug] [Thread-1 (]: SQL status: DROP TABLE in 0.002 seconds
[0m23:17:04.558660 [debug] [Thread-1 (]: On model.liuxue_warehouse.int_admissions_cleaned: Close
[0m23:17:04.558937 [debug] [Thread-2 (]: Sending event: {'category': 'dbt', 'action': 'run_model', 'label': 'd6d6fb6f-d265-4601-80ce-0d199d77b3aa', 'context': [<snowplow_tracker.self_describing_json.SelfDescribingJson object at 0x7445705b4650>]}
[0m23:17:04.559492 [debug] [Thread-1 (]: Sending event: {'category': 'dbt', 'action': 'run_model', 'label': 'd6d6fb6f-d265-4601-80ce-0d199d77b3aa', 'context': [<snowplow_tracker.self_describing_json.SelfDescribingJson object at 0x7445715bf3e0>]}
[0m23:17:04.559274 [info ] [Thread-2 (]: 3 of 11 OK created sql table model public.feat_gre_impact ...................... [[32mSELECT 0[0m in 0.04s]
[0m23:17:04.559854 [info ] [Thread-1 (]: 4 of 11 OK created sql table model public.int_admissions_cleaned ............... [[32mSELECT 0[0m in 0.04s]
[0m23:17:04.560145 [debug] [Thread-2 (]: Finished running node model.liuxue_warehouse.feat_gre_impact
[0m23:17:04.560409 [debug] [Thread-1 (]: Finished running node model.liuxue_warehouse.int_admissions_cleaned
[0m23:17:04.560625 [debug] [Thread-2 (]: Began running node model.liuxue_warehouse.mart_major_trend
[0m23:17:04.560953 [info ] [Thread-2 (]: 5 of 11 START sql table model public.mart_major_trend .......................... [RUN]
[0m23:17:04.561173 [debug] [Thread-1 (]: Began running node model.liuxue_warehouse.feat_competition_index
[0m23:17:04.561376 [debug] [Thread-2 (]: Re-using an available connection from the pool (formerly model.liuxue_warehouse.feat_gre_impact, now model.liuxue_warehouse.mart_major_trend)
[0m23:17:04.561618 [info ] [Thread-1 (]: 6 of 11 START sql table model public.feat_competition_index .................... [RUN]
[0m23:17:04.561821 [debug] [Thread-2 (]: Began compiling node model.liuxue_warehouse.mart_major_trend
[0m23:17:04.562026 [debug] [Thread-1 (]: Re-using an available connection from the pool (formerly model.liuxue_warehouse.int_admissions_cleaned, now model.liuxue_warehouse.feat_competition_index)
[0m23:17:04.563729 [debug] [Thread-2 (]: Writing injected SQL for node "model.liuxue_warehouse.mart_major_trend"
[0m23:17:04.563983 [debug] [Thread-1 (]: Began compiling node model.liuxue_warehouse.feat_competition_index
[0m23:17:04.565134 [debug] [Thread-1 (]: Writing injected SQL for node "model.liuxue_warehouse.feat_competition_index"
[0m23:17:04.565418 [debug] [Thread-2 (]: Began executing node model.liuxue_warehouse.mart_major_trend
[0m23:17:04.566972 [debug] [Thread-2 (]: Writing runtime sql for node "model.liuxue_warehouse.mart_major_trend"
[0m23:17:04.567191 [debug] [Thread-1 (]: Began executing node model.liuxue_warehouse.feat_competition_index
[0m23:17:04.568824 [debug] [Thread-1 (]: Writing runtime sql for node "model.liuxue_warehouse.feat_competition_index"
[0m23:17:04.569093 [debug] [Thread-2 (]: Using postgres connection "model.liuxue_warehouse.mart_major_trend"
[0m23:17:04.569308 [debug] [Thread-2 (]: On model.liuxue_warehouse.mart_major_trend: /* {"app": "dbt", "dbt_version": "1.11.7", "profile_name": "liuxue", "target_name": "local", "node_id": "model.liuxue_warehouse.mart_major_trend"} */

  
    

  create  table "warehouse"."public"."mart_major_trend__dbt_tmp"
  
  
    as
  
  (
    -- 各专业大类的录取趋势
SELECT
    major_category,
    degree,
    year,
    COUNT(*) AS total_applications,
    ROUND(AVG(gpa)::numeric, 2) AS avg_gpa,
    ROUND(AVG(gre_q)::numeric, 1) AS avg_gre_q,
    ROUND(
        SUM(CASE WHEN decision = 'Accepted' THEN 1.0 ELSE 0 END) / NULLIF(COUNT(*), 0), 3
    ) AS acceptance_rate
FROM "warehouse"."public"."stg_gradcafe_admissions"
WHERE year IS NOT NULL
  AND gpa IS NOT NULL
  AND degree IN ('Masters', 'PhD')
GROUP BY major_category, degree, year
HAVING COUNT(*) >= 20
ORDER BY major_category, degree, year DESC
  );
  
[0m23:17:04.569501 [debug] [Thread-2 (]: Opening a new connection, currently in state closed
[0m23:17:04.569700 [debug] [Thread-1 (]: Using postgres connection "model.liuxue_warehouse.feat_competition_index"
[0m23:17:04.569948 [debug] [Thread-1 (]: On model.liuxue_warehouse.feat_competition_index: /* {"app": "dbt", "dbt_version": "1.11.7", "profile_name": "liuxue", "target_name": "local", "node_id": "model.liuxue_warehouse.feat_competition_index"} */

  
    

  create  table "warehouse"."public"."feat_competition_index__dbt_tmp"
  
  
    as
  
  (
    -- 专业竞争指数：综合录取率和申请者 GPA 水平
SELECT
    school, program, degree,
    acceptance_rate,
    gpa_p50,
    international_ratio,
    total_cases,
    -- 竞争指数 (0-100): GPA 门槛越高 + 录取率越低 = 越难进
    ROUND(
        (gpa_p50 * 25 - 50) + ((1 - acceptance_rate) * 100)
    )::integer AS competition_score,
    CASE
        WHEN acceptance_rate < 0.2 AND gpa_p50 > 3.7 THEN 'S-Tier (Extremely Selective)'
        WHEN acceptance_rate < 0.35 AND gpa_p50 > 3.5 THEN 'A-Tier (Very Selective)'
        WHEN acceptance_rate < 0.5 THEN 'B-Tier (Selective)'
        ELSE 'C-Tier (Accessible)'
    END AS tier
FROM "warehouse"."public"."int_admissions_cleaned"
WHERE total_cases >= 10
  );
  
[0m23:17:04.570135 [debug] [Thread-1 (]: Opening a new connection, currently in state closed
[0m23:17:04.573410 [debug] [Thread-1 (]: SQL status: SELECT 0 in 0.003 seconds
[0m23:17:04.574972 [debug] [Thread-1 (]: Using postgres connection "model.liuxue_warehouse.feat_competition_index"
[0m23:17:04.575183 [debug] [Thread-1 (]: On model.liuxue_warehouse.feat_competition_index: /* {"app": "dbt", "dbt_version": "1.11.7", "profile_name": "liuxue", "target_name": "local", "node_id": "model.liuxue_warehouse.feat_competition_index"} */
alter table "warehouse"."public"."feat_competition_index" rename to "feat_competition_index__dbt_backup"
[0m23:17:04.575467 [debug] [Thread-1 (]: SQL status: ALTER TABLE in 0.000 seconds
[0m23:17:04.576757 [debug] [Thread-1 (]: Using postgres connection "model.liuxue_warehouse.feat_competition_index"
[0m23:17:04.576981 [debug] [Thread-2 (]: SQL status: SELECT 16 in 0.007 seconds
[0m23:17:04.577204 [debug] [Thread-1 (]: On model.liuxue_warehouse.feat_competition_index: /* {"app": "dbt", "dbt_version": "1.11.7", "profile_name": "liuxue", "target_name": "local", "node_id": "model.liuxue_warehouse.feat_competition_index"} */
alter table "warehouse"."public"."feat_competition_index__dbt_tmp" rename to "feat_competition_index"
[0m23:17:04.578645 [debug] [Thread-2 (]: Using postgres connection "model.liuxue_warehouse.mart_major_trend"
[0m23:17:04.578870 [debug] [Thread-2 (]: On model.liuxue_warehouse.mart_major_trend: /* {"app": "dbt", "dbt_version": "1.11.7", "profile_name": "liuxue", "target_name": "local", "node_id": "model.liuxue_warehouse.mart_major_trend"} */
alter table "warehouse"."public"."mart_major_trend" rename to "mart_major_trend__dbt_backup"
[0m23:17:04.579066 [debug] [Thread-1 (]: SQL status: ALTER TABLE in 0.000 seconds
[0m23:17:04.579908 [debug] [Thread-1 (]: On model.liuxue_warehouse.feat_competition_index: COMMIT
[0m23:17:04.580111 [debug] [Thread-2 (]: SQL status: ALTER TABLE in 0.001 seconds
[0m23:17:04.580304 [debug] [Thread-1 (]: Using postgres connection "model.liuxue_warehouse.feat_competition_index"
[0m23:17:04.581559 [debug] [Thread-2 (]: Using postgres connection "model.liuxue_warehouse.mart_major_trend"
[0m23:17:04.581760 [debug] [Thread-1 (]: On model.liuxue_warehouse.feat_competition_index: COMMIT
[0m23:17:04.581955 [debug] [Thread-2 (]: On model.liuxue_warehouse.mart_major_trend: /* {"app": "dbt", "dbt_version": "1.11.7", "profile_name": "liuxue", "target_name": "local", "node_id": "model.liuxue_warehouse.mart_major_trend"} */
alter table "warehouse"."public"."mart_major_trend__dbt_tmp" rename to "mart_major_trend"
[0m23:17:04.582302 [debug] [Thread-2 (]: SQL status: ALTER TABLE in 0.000 seconds
[0m23:17:04.582489 [debug] [Thread-1 (]: SQL status: COMMIT in 0.000 seconds
[0m23:17:04.583264 [debug] [Thread-2 (]: On model.liuxue_warehouse.mart_major_trend: COMMIT
[0m23:17:04.584298 [debug] [Thread-1 (]: Applying DROP to: "warehouse"."public"."feat_competition_index__dbt_backup"
[0m23:17:04.584509 [debug] [Thread-2 (]: Using postgres connection "model.liuxue_warehouse.mart_major_trend"
[0m23:17:04.584906 [debug] [Thread-1 (]: Using postgres connection "model.liuxue_warehouse.feat_competition_index"
[0m23:17:04.585099 [debug] [Thread-2 (]: On model.liuxue_warehouse.mart_major_trend: COMMIT
[0m23:17:04.585289 [debug] [Thread-1 (]: On model.liuxue_warehouse.feat_competition_index: /* {"app": "dbt", "dbt_version": "1.11.7", "profile_name": "liuxue", "target_name": "local", "node_id": "model.liuxue_warehouse.feat_competition_index"} */
drop table if exists "warehouse"."public"."feat_competition_index__dbt_backup" cascade
[0m23:17:04.586098 [debug] [Thread-2 (]: SQL status: COMMIT in 0.001 seconds
[0m23:17:04.587128 [debug] [Thread-2 (]: Applying DROP to: "warehouse"."public"."mart_major_trend__dbt_backup"
[0m23:17:04.587332 [debug] [Thread-1 (]: SQL status: DROP TABLE in 0.002 seconds
[0m23:17:04.587720 [debug] [Thread-2 (]: Using postgres connection "model.liuxue_warehouse.mart_major_trend"
[0m23:17:04.588369 [debug] [Thread-1 (]: On model.liuxue_warehouse.feat_competition_index: Close
[0m23:17:04.588575 [debug] [Thread-2 (]: On model.liuxue_warehouse.mart_major_trend: /* {"app": "dbt", "dbt_version": "1.11.7", "profile_name": "liuxue", "target_name": "local", "node_id": "model.liuxue_warehouse.mart_major_trend"} */
drop table if exists "warehouse"."public"."mart_major_trend__dbt_backup" cascade
[0m23:17:04.588952 [debug] [Thread-1 (]: Sending event: {'category': 'dbt', 'action': 'run_model', 'label': 'd6d6fb6f-d265-4601-80ce-0d199d77b3aa', 'context': [<snowplow_tracker.self_describing_json.SelfDescribingJson object at 0x74456fdd5e20>]}
[0m23:17:04.589275 [info ] [Thread-1 (]: 6 of 11 OK created sql table model public.feat_competition_index ............... [[32mSELECT 0[0m in 0.03s]
[0m23:17:04.589560 [debug] [Thread-1 (]: Finished running node model.liuxue_warehouse.feat_competition_index
[0m23:17:04.589761 [debug] [Thread-2 (]: SQL status: DROP TABLE in 0.001 seconds
[0m23:17:04.589980 [debug] [Thread-1 (]: Began running node model.liuxue_warehouse.feat_gpa_threshold
[0m23:17:04.590637 [debug] [Thread-2 (]: On model.liuxue_warehouse.mart_major_trend: Close
[0m23:17:04.590884 [info ] [Thread-1 (]: 7 of 11 START sql table model public.feat_gpa_threshold ........................ [RUN]
[0m23:17:04.591128 [debug] [Thread-1 (]: Re-using an available connection from the pool (formerly model.liuxue_warehouse.feat_competition_index, now model.liuxue_warehouse.feat_gpa_threshold)
[0m23:17:04.591403 [debug] [Thread-2 (]: Sending event: {'category': 'dbt', 'action': 'run_model', 'label': 'd6d6fb6f-d265-4601-80ce-0d199d77b3aa', 'context': [<snowplow_tracker.self_describing_json.SelfDescribingJson object at 0x74456f1b6810>]}
[0m23:17:04.591615 [debug] [Thread-1 (]: Began compiling node model.liuxue_warehouse.feat_gpa_threshold
[0m23:17:04.591920 [info ] [Thread-2 (]: 5 of 11 OK created sql table model public.mart_major_trend ..................... [[32mSELECT 16[0m in 0.03s]
[0m23:17:04.593134 [debug] [Thread-1 (]: Writing injected SQL for node "model.liuxue_warehouse.feat_gpa_threshold"
[0m23:17:04.594197 [debug] [Thread-2 (]: Finished running node model.liuxue_warehouse.mart_major_trend
[0m23:17:04.594533 [debug] [Thread-1 (]: Began executing node model.liuxue_warehouse.feat_gpa_threshold
[0m23:17:04.596278 [debug] [Thread-1 (]: Writing runtime sql for node "model.liuxue_warehouse.feat_gpa_threshold"
[0m23:17:04.596567 [debug] [Thread-1 (]: Using postgres connection "model.liuxue_warehouse.feat_gpa_threshold"
[0m23:17:04.596776 [debug] [Thread-1 (]: On model.liuxue_warehouse.feat_gpa_threshold: /* {"app": "dbt", "dbt_version": "1.11.7", "profile_name": "liuxue", "target_name": "local", "node_id": "model.liuxue_warehouse.feat_gpa_threshold"} */

  
    

  create  table "warehouse"."public"."feat_gpa_threshold__dbt_tmp"
  
  
    as
  
  (
    -- 各校各专业的 GPA 录取阈值（按学位分层）
SELECT
    school, program, degree,
    gpa_p25, gpa_p50, gpa_p75,
    acceptance_rate,
    total_cases AS sample_size,
    CASE
        WHEN acceptance_rate >= 0.7 THEN 'Low Competition'
        WHEN acceptance_rate >= 0.4 THEN 'Moderate'
        ELSE 'High Competition'
    END AS competition_level,
    -- GPA 分级建议
    CASE
        WHEN gpa_p75 >= 3.8 THEN 'Ultra Competitive'
        WHEN gpa_p50 >= 3.5 THEN 'Competitive'
        WHEN gpa_p50 >= 3.2 THEN 'Moderate'
        ELSE 'Accessible'
    END AS gpa_requirement_level
FROM "warehouse"."public"."int_admissions_cleaned"
WHERE gpa_samples >= 10  -- 至少 10 个 GPA 样本
  );
  
[0m23:17:04.596963 [debug] [Thread-1 (]: Opening a new connection, currently in state closed
[0m23:17:04.600296 [debug] [Thread-1 (]: SQL status: SELECT 0 in 0.003 seconds
[0m23:17:04.601711 [debug] [Thread-1 (]: Using postgres connection "model.liuxue_warehouse.feat_gpa_threshold"
[0m23:17:04.601911 [debug] [Thread-1 (]: On model.liuxue_warehouse.feat_gpa_threshold: /* {"app": "dbt", "dbt_version": "1.11.7", "profile_name": "liuxue", "target_name": "local", "node_id": "model.liuxue_warehouse.feat_gpa_threshold"} */
alter table "warehouse"."public"."feat_gpa_threshold" rename to "feat_gpa_threshold__dbt_backup"
[0m23:17:04.602217 [debug] [Thread-1 (]: SQL status: ALTER TABLE in 0.000 seconds
[0m23:17:04.603426 [debug] [Thread-1 (]: Using postgres connection "model.liuxue_warehouse.feat_gpa_threshold"
[0m23:17:04.603633 [debug] [Thread-1 (]: On model.liuxue_warehouse.feat_gpa_threshold: /* {"app": "dbt", "dbt_version": "1.11.7", "profile_name": "liuxue", "target_name": "local", "node_id": "model.liuxue_warehouse.feat_gpa_threshold"} */
alter table "warehouse"."public"."feat_gpa_threshold__dbt_tmp" rename to "feat_gpa_threshold"
[0m23:17:04.603915 [debug] [Thread-1 (]: SQL status: ALTER TABLE in 0.000 seconds
[0m23:17:04.604686 [debug] [Thread-1 (]: On model.liuxue_warehouse.feat_gpa_threshold: COMMIT
[0m23:17:04.604880 [debug] [Thread-1 (]: Using postgres connection "model.liuxue_warehouse.feat_gpa_threshold"
[0m23:17:04.605054 [debug] [Thread-1 (]: On model.liuxue_warehouse.feat_gpa_threshold: COMMIT
[0m23:17:04.605738 [debug] [Thread-1 (]: SQL status: COMMIT in 0.001 seconds
[0m23:17:04.606732 [debug] [Thread-1 (]: Applying DROP to: "warehouse"."public"."feat_gpa_threshold__dbt_backup"
[0m23:17:04.607112 [debug] [Thread-1 (]: Using postgres connection "model.liuxue_warehouse.feat_gpa_threshold"
[0m23:17:04.607287 [debug] [Thread-1 (]: On model.liuxue_warehouse.feat_gpa_threshold: /* {"app": "dbt", "dbt_version": "1.11.7", "profile_name": "liuxue", "target_name": "local", "node_id": "model.liuxue_warehouse.feat_gpa_threshold"} */
drop table if exists "warehouse"."public"."feat_gpa_threshold__dbt_backup" cascade
[0m23:17:04.608279 [debug] [Thread-1 (]: SQL status: DROP TABLE in 0.001 seconds
[0m23:17:04.608854 [debug] [Thread-1 (]: On model.liuxue_warehouse.feat_gpa_threshold: Close
[0m23:17:04.609154 [debug] [Thread-1 (]: Sending event: {'category': 'dbt', 'action': 'run_model', 'label': 'd6d6fb6f-d265-4601-80ce-0d199d77b3aa', 'context': [<snowplow_tracker.self_describing_json.SelfDescribingJson object at 0x74456f1ce660>]}
[0m23:17:04.609456 [info ] [Thread-1 (]: 7 of 11 OK created sql table model public.feat_gpa_threshold ................... [[32mSELECT 0[0m in 0.02s]
[0m23:17:04.609728 [debug] [Thread-1 (]: Finished running node model.liuxue_warehouse.feat_gpa_threshold
[0m23:17:04.610089 [debug] [Thread-2 (]: Began running node model.liuxue_warehouse.mart_school_admission_stats
[0m23:17:04.610351 [info ] [Thread-2 (]: 8 of 11 START sql table model public.mart_school_admission_stats ............... [RUN]
[0m23:17:04.610570 [debug] [Thread-2 (]: Re-using an available connection from the pool (formerly model.liuxue_warehouse.mart_major_trend, now model.liuxue_warehouse.mart_school_admission_stats)
[0m23:17:04.610757 [debug] [Thread-2 (]: Began compiling node model.liuxue_warehouse.mart_school_admission_stats
[0m23:17:04.612116 [debug] [Thread-2 (]: Writing injected SQL for node "model.liuxue_warehouse.mart_school_admission_stats"
[0m23:17:04.612387 [debug] [Thread-2 (]: Began executing node model.liuxue_warehouse.mart_school_admission_stats
[0m23:17:04.613950 [debug] [Thread-2 (]: Writing runtime sql for node "model.liuxue_warehouse.mart_school_admission_stats"
[0m23:17:04.614228 [debug] [Thread-2 (]: Using postgres connection "model.liuxue_warehouse.mart_school_admission_stats"
[0m23:17:04.614442 [debug] [Thread-2 (]: On model.liuxue_warehouse.mart_school_admission_stats: /* {"app": "dbt", "dbt_version": "1.11.7", "profile_name": "liuxue", "target_name": "local", "node_id": "model.liuxue_warehouse.mart_school_admission_stats"} */

  
    

  create  table "warehouse"."public"."mart_school_admission_stats__dbt_tmp"
  
  
    as
  
  (
    -- 学校-专业录取统计（Mart层汇总，给API和Dashboard用）
SELECT
    f.school,
    f.program,
    f.degree,
    f.gpa_p25, f.gpa_p50, f.gpa_p75,
    f.acceptance_rate,
    f.competition_level,
    f.gpa_requirement_level,
    f.sample_size,
    c.competition_score,
    c.tier,
    g.gre_q_mean, g.gre_v_mean,
    g.gre_q_acceptance_delta,
    c.international_ratio
FROM "warehouse"."public"."feat_gpa_threshold" f
LEFT JOIN "warehouse"."public"."feat_competition_index" c
    ON f.school = c.school AND f.program = c.program AND f.degree = c.degree
LEFT JOIN "warehouse"."public"."feat_gre_impact" g
    ON f.school = g.school AND f.program = g.program AND f.degree = g.degree
WHERE f.sample_size >= 10
ORDER BY c.competition_score DESC NULLS LAST
  );
  
[0m23:17:04.614638 [debug] [Thread-2 (]: Opening a new connection, currently in state closed
[0m23:17:04.618036 [debug] [Thread-2 (]: SQL status: SELECT 0 in 0.003 seconds
[0m23:17:04.619604 [debug] [Thread-2 (]: Using postgres connection "model.liuxue_warehouse.mart_school_admission_stats"
[0m23:17:04.619853 [debug] [Thread-2 (]: On model.liuxue_warehouse.mart_school_admission_stats: /* {"app": "dbt", "dbt_version": "1.11.7", "profile_name": "liuxue", "target_name": "local", "node_id": "model.liuxue_warehouse.mart_school_admission_stats"} */
alter table "warehouse"."public"."mart_school_admission_stats" rename to "mart_school_admission_stats__dbt_backup"
[0m23:17:04.620220 [debug] [Thread-2 (]: SQL status: ALTER TABLE in 0.000 seconds
[0m23:17:04.621742 [debug] [Thread-2 (]: Using postgres connection "model.liuxue_warehouse.mart_school_admission_stats"
[0m23:17:04.622001 [debug] [Thread-2 (]: On model.liuxue_warehouse.mart_school_admission_stats: /* {"app": "dbt", "dbt_version": "1.11.7", "profile_name": "liuxue", "target_name": "local", "node_id": "model.liuxue_warehouse.mart_school_admission_stats"} */
alter table "warehouse"."public"."mart_school_admission_stats__dbt_tmp" rename to "mart_school_admission_stats"
[0m23:17:04.622383 [debug] [Thread-2 (]: SQL status: ALTER TABLE in 0.000 seconds
[0m23:17:04.623197 [debug] [Thread-2 (]: On model.liuxue_warehouse.mart_school_admission_stats: COMMIT
[0m23:17:04.623398 [debug] [Thread-2 (]: Using postgres connection "model.liuxue_warehouse.mart_school_admission_stats"
[0m23:17:04.623571 [debug] [Thread-2 (]: On model.liuxue_warehouse.mart_school_admission_stats: COMMIT
[0m23:17:04.624089 [debug] [Thread-2 (]: SQL status: COMMIT in 0.000 seconds
[0m23:17:04.625034 [debug] [Thread-2 (]: Applying DROP to: "warehouse"."public"."mart_school_admission_stats__dbt_backup"
[0m23:17:04.625434 [debug] [Thread-2 (]: Using postgres connection "model.liuxue_warehouse.mart_school_admission_stats"
[0m23:17:04.625616 [debug] [Thread-2 (]: On model.liuxue_warehouse.mart_school_admission_stats: /* {"app": "dbt", "dbt_version": "1.11.7", "profile_name": "liuxue", "target_name": "local", "node_id": "model.liuxue_warehouse.mart_school_admission_stats"} */
drop table if exists "warehouse"."public"."mart_school_admission_stats__dbt_backup" cascade
[0m23:17:04.626633 [debug] [Thread-2 (]: SQL status: DROP TABLE in 0.001 seconds
[0m23:17:04.627193 [debug] [Thread-2 (]: On model.liuxue_warehouse.mart_school_admission_stats: Close
[0m23:17:04.627510 [debug] [Thread-2 (]: Sending event: {'category': 'dbt', 'action': 'run_model', 'label': 'd6d6fb6f-d265-4601-80ce-0d199d77b3aa', 'context': [<snowplow_tracker.self_describing_json.SelfDescribingJson object at 0x7445742a4890>]}
[0m23:17:04.627826 [info ] [Thread-2 (]: 8 of 11 OK created sql table model public.mart_school_admission_stats .......... [[32mSELECT 0[0m in 0.02s]
[0m23:17:04.628108 [debug] [Thread-2 (]: Finished running node model.liuxue_warehouse.mart_school_admission_stats
[0m23:17:04.628488 [debug] [Thread-1 (]: Began running node model.liuxue_warehouse.dash_admission_overview
[0m23:17:04.628701 [debug] [Thread-2 (]: Began running node model.liuxue_warehouse.dash_competition_heatmap
[0m23:17:04.628939 [info ] [Thread-1 (]: 9 of 11 START sql table model public.dash_admission_overview ................... [RUN]
[0m23:17:04.629201 [info ] [Thread-2 (]: 10 of 11 START sql table model public.dash_competition_heatmap ................. [RUN]
[0m23:17:04.629428 [debug] [Thread-1 (]: Re-using an available connection from the pool (formerly model.liuxue_warehouse.feat_gpa_threshold, now model.liuxue_warehouse.dash_admission_overview)
[0m23:17:04.629641 [debug] [Thread-2 (]: Re-using an available connection from the pool (formerly model.liuxue_warehouse.mart_school_admission_stats, now model.liuxue_warehouse.dash_competition_heatmap)
[0m23:17:04.629838 [debug] [Thread-1 (]: Began compiling node model.liuxue_warehouse.dash_admission_overview
[0m23:17:04.630023 [debug] [Thread-2 (]: Began compiling node model.liuxue_warehouse.dash_competition_heatmap
[0m23:17:04.631184 [debug] [Thread-1 (]: Writing injected SQL for node "model.liuxue_warehouse.dash_admission_overview"
[0m23:17:04.632959 [debug] [Thread-2 (]: Writing injected SQL for node "model.liuxue_warehouse.dash_competition_heatmap"
[0m23:17:04.633275 [debug] [Thread-1 (]: Began executing node model.liuxue_warehouse.dash_admission_overview
[0m23:17:04.634820 [debug] [Thread-1 (]: Writing runtime sql for node "model.liuxue_warehouse.dash_admission_overview"
[0m23:17:04.635036 [debug] [Thread-2 (]: Began executing node model.liuxue_warehouse.dash_competition_heatmap
[0m23:17:04.636658 [debug] [Thread-2 (]: Writing runtime sql for node "model.liuxue_warehouse.dash_competition_heatmap"
[0m23:17:04.636930 [debug] [Thread-1 (]: Using postgres connection "model.liuxue_warehouse.dash_admission_overview"
[0m23:17:04.637159 [debug] [Thread-1 (]: On model.liuxue_warehouse.dash_admission_overview: /* {"app": "dbt", "dbt_version": "1.11.7", "profile_name": "liuxue", "target_name": "local", "node_id": "model.liuxue_warehouse.dash_admission_overview"} */

  
    

  create  table "warehouse"."public"."dash_admission_overview__dbt_tmp"
  
  
    as
  
  (
    -- BI看板：录取全景
SELECT
    competition_level,
    degree,
    COUNT(DISTINCT school) AS school_count,
    COUNT(DISTINCT program) AS program_count,
    ROUND(AVG(acceptance_rate)::numeric, 3) AS avg_acceptance_rate,
    ROUND(AVG(gpa_p50)::numeric, 2) AS avg_gpa_median,
    SUM(sample_size) AS total_samples
FROM "warehouse"."public"."mart_school_admission_stats"
GROUP BY competition_level, degree
ORDER BY degree, avg_acceptance_rate
  );
  
[0m23:17:04.637357 [debug] [Thread-1 (]: Opening a new connection, currently in state closed
[0m23:17:04.637557 [debug] [Thread-2 (]: Using postgres connection "model.liuxue_warehouse.dash_competition_heatmap"
[0m23:17:04.637823 [debug] [Thread-2 (]: On model.liuxue_warehouse.dash_competition_heatmap: /* {"app": "dbt", "dbt_version": "1.11.7", "profile_name": "liuxue", "target_name": "local", "node_id": "model.liuxue_warehouse.dash_competition_heatmap"} */

  
    

  create  table "warehouse"."public"."dash_competition_heatmap__dbt_tmp"
  
  
    as
  
  (
    -- BI看板：竞争烈度热力图（专业名称关键词分类）
SELECT
    CASE
        WHEN program ILIKE '%computer sci%' THEN 'CS'
        WHEN program ILIKE '%data sci%' THEN 'DS'
        WHEN program ILIKE '%electrical%' THEN 'EE'
        WHEN program ILIKE '%statistic%' THEN 'Stats'
        WHEN program ILIKE '%economics%' THEN 'Econ'
        WHEN program ILIKE '%finance%' THEN 'Finance'
        ELSE 'Other'
    END AS major_group,
    degree,
    ROUND(AVG(acceptance_rate)::numeric, 3) AS avg_acceptance_rate,
    ROUND(AVG(gpa_p50)::numeric, 2) AS avg_gpa_median,
    ROUND(AVG(competition_score)::numeric, 0) AS avg_competition_score,
    MAX(tier) AS top_tier,
    COUNT(*) AS program_count
FROM "warehouse"."public"."mart_school_admission_stats"
GROUP BY 1, degree
HAVING COUNT(*) >= 3
ORDER BY avg_competition_score DESC
  );
  
[0m23:17:04.638024 [debug] [Thread-2 (]: Opening a new connection, currently in state closed
[0m23:17:04.640995 [debug] [Thread-1 (]: SQL status: SELECT 0 in 0.004 seconds
[0m23:17:04.642493 [debug] [Thread-1 (]: Using postgres connection "model.liuxue_warehouse.dash_admission_overview"
[0m23:17:04.642714 [debug] [Thread-2 (]: SQL status: SELECT 0 in 0.005 seconds
[0m23:17:04.642923 [debug] [Thread-1 (]: On model.liuxue_warehouse.dash_admission_overview: /* {"app": "dbt", "dbt_version": "1.11.7", "profile_name": "liuxue", "target_name": "local", "node_id": "model.liuxue_warehouse.dash_admission_overview"} */
alter table "warehouse"."public"."dash_admission_overview" rename to "dash_admission_overview__dbt_backup"
[0m23:17:04.644331 [debug] [Thread-2 (]: Using postgres connection "model.liuxue_warehouse.dash_competition_heatmap"
[0m23:17:04.644558 [debug] [Thread-2 (]: On model.liuxue_warehouse.dash_competition_heatmap: /* {"app": "dbt", "dbt_version": "1.11.7", "profile_name": "liuxue", "target_name": "local", "node_id": "model.liuxue_warehouse.dash_competition_heatmap"} */
alter table "warehouse"."public"."dash_competition_heatmap" rename to "dash_competition_heatmap__dbt_backup"
[0m23:17:04.644748 [debug] [Thread-1 (]: SQL status: ALTER TABLE in 0.000 seconds
[0m23:17:04.645991 [debug] [Thread-1 (]: Using postgres connection "model.liuxue_warehouse.dash_admission_overview"
[0m23:17:04.646196 [debug] [Thread-2 (]: SQL status: ALTER TABLE in 0.001 seconds
[0m23:17:04.646383 [debug] [Thread-1 (]: On model.liuxue_warehouse.dash_admission_overview: /* {"app": "dbt", "dbt_version": "1.11.7", "profile_name": "liuxue", "target_name": "local", "node_id": "model.liuxue_warehouse.dash_admission_overview"} */
alter table "warehouse"."public"."dash_admission_overview__dbt_tmp" rename to "dash_admission_overview"
[0m23:17:04.647620 [debug] [Thread-2 (]: Using postgres connection "model.liuxue_warehouse.dash_competition_heatmap"
[0m23:17:04.647847 [debug] [Thread-2 (]: On model.liuxue_warehouse.dash_competition_heatmap: /* {"app": "dbt", "dbt_version": "1.11.7", "profile_name": "liuxue", "target_name": "local", "node_id": "model.liuxue_warehouse.dash_competition_heatmap"} */
alter table "warehouse"."public"."dash_competition_heatmap__dbt_tmp" rename to "dash_competition_heatmap"
[0m23:17:04.648036 [debug] [Thread-1 (]: SQL status: ALTER TABLE in 0.000 seconds
[0m23:17:04.648837 [debug] [Thread-1 (]: On model.liuxue_warehouse.dash_admission_overview: COMMIT
[0m23:17:04.649039 [debug] [Thread-2 (]: SQL status: ALTER TABLE in 0.001 seconds
[0m23:17:04.649224 [debug] [Thread-1 (]: Using postgres connection "model.liuxue_warehouse.dash_admission_overview"
[0m23:17:04.650003 [debug] [Thread-2 (]: On model.liuxue_warehouse.dash_competition_heatmap: COMMIT
[0m23:17:04.650212 [debug] [Thread-1 (]: On model.liuxue_warehouse.dash_admission_overview: COMMIT
[0m23:17:04.650414 [debug] [Thread-2 (]: Using postgres connection "model.liuxue_warehouse.dash_competition_heatmap"
[0m23:17:04.650618 [debug] [Thread-2 (]: On model.liuxue_warehouse.dash_competition_heatmap: COMMIT
[0m23:17:04.650958 [debug] [Thread-1 (]: SQL status: COMMIT in 0.000 seconds
[0m23:17:04.652031 [debug] [Thread-1 (]: Applying DROP to: "warehouse"."public"."dash_admission_overview__dbt_backup"
[0m23:17:04.652241 [debug] [Thread-2 (]: SQL status: COMMIT in 0.001 seconds
[0m23:17:04.652686 [debug] [Thread-1 (]: Using postgres connection "model.liuxue_warehouse.dash_admission_overview"
[0m23:17:04.653678 [debug] [Thread-2 (]: Applying DROP to: "warehouse"."public"."dash_competition_heatmap__dbt_backup"
[0m23:17:04.653882 [debug] [Thread-1 (]: On model.liuxue_warehouse.dash_admission_overview: /* {"app": "dbt", "dbt_version": "1.11.7", "profile_name": "liuxue", "target_name": "local", "node_id": "model.liuxue_warehouse.dash_admission_overview"} */
drop table if exists "warehouse"."public"."dash_admission_overview__dbt_backup" cascade
[0m23:17:04.654284 [debug] [Thread-2 (]: Using postgres connection "model.liuxue_warehouse.dash_competition_heatmap"
[0m23:17:04.654495 [debug] [Thread-2 (]: On model.liuxue_warehouse.dash_competition_heatmap: /* {"app": "dbt", "dbt_version": "1.11.7", "profile_name": "liuxue", "target_name": "local", "node_id": "model.liuxue_warehouse.dash_competition_heatmap"} */
drop table if exists "warehouse"."public"."dash_competition_heatmap__dbt_backup" cascade
[0m23:17:04.655342 [debug] [Thread-1 (]: SQL status: DROP TABLE in 0.001 seconds
[0m23:17:04.655945 [debug] [Thread-1 (]: On model.liuxue_warehouse.dash_admission_overview: Close
[0m23:17:04.656150 [debug] [Thread-2 (]: SQL status: DROP TABLE in 0.001 seconds
[0m23:17:04.656744 [debug] [Thread-2 (]: On model.liuxue_warehouse.dash_competition_heatmap: Close
[0m23:17:04.657026 [debug] [Thread-1 (]: Sending event: {'category': 'dbt', 'action': 'run_model', 'label': 'd6d6fb6f-d265-4601-80ce-0d199d77b3aa', 'context': [<snowplow_tracker.self_describing_json.SelfDescribingJson object at 0x74456f1a1b50>]}
[0m23:17:04.657590 [debug] [Thread-2 (]: Sending event: {'category': 'dbt', 'action': 'run_model', 'label': 'd6d6fb6f-d265-4601-80ce-0d199d77b3aa', 'context': [<snowplow_tracker.self_describing_json.SelfDescribingJson object at 0x74456f1a2150>]}
[0m23:17:04.657374 [info ] [Thread-1 (]: 9 of 11 OK created sql table model public.dash_admission_overview .............. [[32mSELECT 0[0m in 0.03s]
[0m23:17:04.657951 [info ] [Thread-2 (]: 10 of 11 OK created sql table model public.dash_competition_heatmap ............ [[32mSELECT 0[0m in 0.03s]
[0m23:17:04.658241 [debug] [Thread-1 (]: Finished running node model.liuxue_warehouse.dash_admission_overview
[0m23:17:04.658498 [debug] [Thread-2 (]: Finished running node model.liuxue_warehouse.dash_competition_heatmap
[0m23:17:04.658706 [debug] [Thread-1 (]: Began running node model.liuxue_warehouse.dash_top_schools
[0m23:17:04.658985 [info ] [Thread-1 (]: 11 of 11 START sql table model public.dash_top_schools ......................... [RUN]
[0m23:17:04.659192 [debug] [Thread-1 (]: Re-using an available connection from the pool (formerly model.liuxue_warehouse.dash_admission_overview, now model.liuxue_warehouse.dash_top_schools)
[0m23:17:04.659373 [debug] [Thread-1 (]: Began compiling node model.liuxue_warehouse.dash_top_schools
[0m23:17:04.660503 [debug] [Thread-1 (]: Writing injected SQL for node "model.liuxue_warehouse.dash_top_schools"
[0m23:17:04.660788 [debug] [Thread-1 (]: Began executing node model.liuxue_warehouse.dash_top_schools
[0m23:17:04.663083 [debug] [Thread-1 (]: Writing runtime sql for node "model.liuxue_warehouse.dash_top_schools"
[0m23:17:04.663359 [debug] [Thread-1 (]: Using postgres connection "model.liuxue_warehouse.dash_top_schools"
[0m23:17:04.663566 [debug] [Thread-1 (]: On model.liuxue_warehouse.dash_top_schools: /* {"app": "dbt", "dbt_version": "1.11.7", "profile_name": "liuxue", "target_name": "local", "node_id": "model.liuxue_warehouse.dash_top_schools"} */

  
    

  create  table "warehouse"."public"."dash_top_schools__dbt_tmp"
  
  
    as
  
  (
    -- BI看板：Top 20 热门学校
SELECT
    school,
    degree,
    COUNT(DISTINCT program) AS program_diversity,
    SUM(sample_size) AS total_samples,
    ROUND(AVG(acceptance_rate)::numeric, 3) AS avg_acceptance_rate,
    ROUND(AVG(gpa_p50)::numeric, 2) AS avg_gpa_median,
    MAX(tier) AS top_tier
FROM "warehouse"."public"."mart_school_admission_stats"
GROUP BY school, degree
HAVING SUM(sample_size) >= 20
ORDER BY total_samples DESC
LIMIT 20
  );
  
[0m23:17:04.663756 [debug] [Thread-1 (]: Opening a new connection, currently in state closed
[0m23:17:04.667203 [debug] [Thread-1 (]: SQL status: SELECT 0 in 0.003 seconds
[0m23:17:04.668618 [debug] [Thread-1 (]: Using postgres connection "model.liuxue_warehouse.dash_top_schools"
[0m23:17:04.668832 [debug] [Thread-1 (]: On model.liuxue_warehouse.dash_top_schools: /* {"app": "dbt", "dbt_version": "1.11.7", "profile_name": "liuxue", "target_name": "local", "node_id": "model.liuxue_warehouse.dash_top_schools"} */
alter table "warehouse"."public"."dash_top_schools" rename to "dash_top_schools__dbt_backup"
[0m23:17:04.669169 [debug] [Thread-1 (]: SQL status: ALTER TABLE in 0.000 seconds
[0m23:17:04.670385 [debug] [Thread-1 (]: Using postgres connection "model.liuxue_warehouse.dash_top_schools"
[0m23:17:04.670582 [debug] [Thread-1 (]: On model.liuxue_warehouse.dash_top_schools: /* {"app": "dbt", "dbt_version": "1.11.7", "profile_name": "liuxue", "target_name": "local", "node_id": "model.liuxue_warehouse.dash_top_schools"} */
alter table "warehouse"."public"."dash_top_schools__dbt_tmp" rename to "dash_top_schools"
[0m23:17:04.670849 [debug] [Thread-1 (]: SQL status: ALTER TABLE in 0.000 seconds
[0m23:17:04.671620 [debug] [Thread-1 (]: On model.liuxue_warehouse.dash_top_schools: COMMIT
[0m23:17:04.671832 [debug] [Thread-1 (]: Using postgres connection "model.liuxue_warehouse.dash_top_schools"
[0m23:17:04.672013 [debug] [Thread-1 (]: On model.liuxue_warehouse.dash_top_schools: COMMIT
[0m23:17:04.672750 [debug] [Thread-1 (]: SQL status: COMMIT in 0.001 seconds
[0m23:17:04.673749 [debug] [Thread-1 (]: Applying DROP to: "warehouse"."public"."dash_top_schools__dbt_backup"
[0m23:17:04.674167 [debug] [Thread-1 (]: Using postgres connection "model.liuxue_warehouse.dash_top_schools"
[0m23:17:04.674361 [debug] [Thread-1 (]: On model.liuxue_warehouse.dash_top_schools: /* {"app": "dbt", "dbt_version": "1.11.7", "profile_name": "liuxue", "target_name": "local", "node_id": "model.liuxue_warehouse.dash_top_schools"} */
drop table if exists "warehouse"."public"."dash_top_schools__dbt_backup" cascade
[0m23:17:04.675683 [debug] [Thread-1 (]: SQL status: DROP TABLE in 0.001 seconds
[0m23:17:04.676308 [debug] [Thread-1 (]: On model.liuxue_warehouse.dash_top_schools: Close
[0m23:17:04.676637 [debug] [Thread-1 (]: Sending event: {'category': 'dbt', 'action': 'run_model', 'label': 'd6d6fb6f-d265-4601-80ce-0d199d77b3aa', 'context': [<snowplow_tracker.self_describing_json.SelfDescribingJson object at 0x74456f1cedb0>]}
[0m23:17:04.676948 [info ] [Thread-1 (]: 11 of 11 OK created sql table model public.dash_top_schools .................... [[32mSELECT 0[0m in 0.02s]
[0m23:17:04.677231 [debug] [Thread-1 (]: Finished running node model.liuxue_warehouse.dash_top_schools
[0m23:17:04.677771 [debug] [MainThread]: On master: COMMIT
[0m23:17:04.677951 [debug] [MainThread]: Using postgres connection "master"
[0m23:17:04.678123 [debug] [MainThread]: On master: COMMIT
[0m23:17:04.678276 [debug] [MainThread]: Opening a new connection, currently in state closed
[0m23:17:04.680891 [debug] [MainThread]: SQL status: COMMIT in 0.003 seconds
[0m23:17:04.681101 [debug] [MainThread]: On master: Close
[0m23:17:04.681362 [debug] [MainThread]: Connection 'master' was properly closed.
[0m23:17:04.681530 [debug] [MainThread]: Connection 'model.liuxue_warehouse.dash_top_schools' was properly closed.
[0m23:17:04.681672 [debug] [MainThread]: Connection 'model.liuxue_warehouse.dash_competition_heatmap' was properly closed.
[0m23:17:04.681866 [info ] [MainThread]: 
[0m23:17:04.682039 [info ] [MainThread]: Finished running 9 table models, 2 view models in 0 hours 0 minutes and 0.30 seconds (0.30s).
[0m23:17:04.682821 [debug] [MainThread]: Command end result
[0m23:17:04.690839 [debug] [MainThread]: Wrote artifact WritableManifest to /home/zp/work/guoji-agent/dbt_liuxue/target/manifest.json
[0m23:17:04.691589 [debug] [MainThread]: Wrote artifact SemanticManifest to /home/zp/work/guoji-agent/dbt_liuxue/target/semantic_manifest.json
[0m23:17:04.694235 [debug] [MainThread]: Wrote artifact RunExecutionResult to /home/zp/work/guoji-agent/dbt_liuxue/target/run_results.json
[0m23:17:04.694425 [info ] [MainThread]: 
[0m23:17:04.694612 [info ] [MainThread]: [32mCompleted successfully[0m
[0m23:17:04.694765 [info ] [MainThread]: 
[0m23:17:04.694929 [info ] [MainThread]: Done. PASS=11 WARN=0 ERROR=0 SKIP=0 NO-OP=0 TOTAL=11
[0m23:17:04.695371 [debug] [MainThread]: Resource report: {"command_name": "run", "command_success": true, "command_wall_clock_time": 0.62829804, "process_in_blocks": "952", "process_kernel_time": 0.124524, "process_mem_max_rss": "127868", "process_out_blocks": "2320", "process_user_time": 1.205076}
[0m23:17:04.695607 [debug] [MainThread]: Command `dbt run` succeeded at 23:17:04.695564 after 0.63 seconds
[0m23:17:04.695800 [debug] [MainThread]: Sending event: {'category': 'dbt', 'action': 'invocation', 'label': 'end', 'context': [<snowplow_tracker.self_describing_json.SelfDescribingJson object at 0x74457331e810>, <snowplow_tracker.self_describing_json.SelfDescribingJson object at 0x74456f185dc0>, <snowplow_tracker.self_describing_json.SelfDescribingJson object at 0x74456f1fac60>]}
[0m23:17:04.695988 [debug] [MainThread]: Flushing usage events
[0m23:17:07.666181 [debug] [MainThread]: An error was encountered while trying to flush usage events
[0m23:17:45.356810 [debug] [MainThread]: Sending event: {'category': 'dbt', 'action': 'invocation', 'label': 'start', 'context': [<snowplow_tracker.self_describing_json.SelfDescribingJson object at 0x7ee4a3723080>, <snowplow_tracker.self_describing_json.SelfDescribingJson object at 0x7ee4a5c9d130>, <snowplow_tracker.self_describing_json.SelfDescribingJson object at 0x7ee4a3aa2ab0>]}


============================== 23:17:45.358359 | 5ad23923-a040-494f-aef4-1d565f52057a ==============================
[0m23:17:45.358359 [info ] [MainThread]: Running with dbt=1.11.7
[0m23:17:45.358627 [debug] [MainThread]: running dbt with arguments {'warn_error': 'None', 'write_json': 'True', 'invocation_command': 'dbt run --full-refresh', 'profiles_dir': '/home/zp/work/guoji-agent/dbt_liuxue', 'use_experimental_parser': 'False', 'indirect_selection': 'eager', 'log_cache_events': 'False', 'no_print': 'None', 'empty': 'False', 'log_format': 'default', 'version_check': 'True', 'cache_selected_only': 'False', 'static_parser': 'True', 'send_anonymous_usage_stats': 'True', 'fail_fast': 'False', 'partial_parse': 'True', 'quiet': 'False', 'printer_width': '80', 'use_colors': 'True', 'introspect': 'True', 'warn_error_options': 'WarnErrorOptionsV2(error=[], warn=[], silence=[])', 'debug': 'False', 'target_path': 'None', 'log_path': '/home/zp/work/guoji-agent/dbt_liuxue/logs'}
[0m23:17:45.470922 [debug] [MainThread]: Sending event: {'category': 'dbt', 'action': 'project_id', 'label': '5ad23923-a040-494f-aef4-1d565f52057a', 'context': [<snowplow_tracker.self_describing_json.SelfDescribingJson object at 0x7ee4a2fa37d0>]}
[0m23:17:45.512960 [debug] [MainThread]: Sending event: {'category': 'dbt', 'action': 'adapter_info', 'label': '5ad23923-a040-494f-aef4-1d565f52057a', 'context': [<snowplow_tracker.self_describing_json.SelfDescribingJson object at 0x7ee4a5682d50>]}
[0m23:17:45.513391 [info ] [MainThread]: Registered adapter: postgres=1.10.0
[0m23:17:45.539794 [debug] [MainThread]: checksum: b80718358155fc17c3559352095564dd56ada1cc1a1c0ef2e62c857e71583775, vars: {}, profile: , target: , version: 1.11.7
[0m23:17:45.580760 [debug] [MainThread]: Partial parsing enabled: 0 files deleted, 0 files added, 0 files changed.
[0m23:17:45.580984 [debug] [MainThread]: Nothing changed, skipping partial parsing.
[0m23:17:45.581133 [debug] [MainThread]: Partial parsing enabled, no changes found, skipping parsing
[0m23:17:45.597077 [debug] [MainThread]: Sending event: {'category': 'dbt', 'action': 'load_project', 'label': '5ad23923-a040-494f-aef4-1d565f52057a', 'context': [<snowplow_tracker.self_describing_json.SelfDescribingJson object at 0x7ee4a213a330>]}
[0m23:17:45.628568 [debug] [MainThread]: Wrote artifact WritableManifest to /home/zp/work/guoji-agent/dbt_liuxue/target/manifest.json
[0m23:17:45.630881 [debug] [MainThread]: Wrote artifact SemanticManifest to /home/zp/work/guoji-agent/dbt_liuxue/target/semantic_manifest.json
[0m23:17:45.636590 [debug] [MainThread]: Sending event: {'category': 'dbt', 'action': 'resource_counts', 'label': '5ad23923-a040-494f-aef4-1d565f52057a', 'context': [<snowplow_tracker.self_describing_json.SelfDescribingJson object at 0x7ee4a110cdd0>]}
[0m23:17:45.636843 [info ] [MainThread]: Found 11 models, 1 source, 465 macros
[0m23:17:45.637025 [debug] [MainThread]: Sending event: {'category': 'dbt', 'action': 'runnable_timing', 'label': '5ad23923-a040-494f-aef4-1d565f52057a', 'context': [<snowplow_tracker.self_describing_json.SelfDescribingJson object at 0x7ee4a15ff7a0>]}
[0m23:17:45.637978 [info ] [MainThread]: 
[0m23:17:45.638182 [info ] [MainThread]: Concurrency: 2 threads (target='local')
[0m23:17:45.638341 [info ] [MainThread]: 
[0m23:17:45.638578 [debug] [MainThread]: Acquiring new postgres connection 'master'
[0m23:17:45.640504 [debug] [ThreadPool]: Acquiring new postgres connection 'list_warehouse'
[0m23:17:45.652990 [debug] [ThreadPool]: Using postgres connection "list_warehouse"
[0m23:17:45.653193 [debug] [ThreadPool]: On list_warehouse: /* {"app": "dbt", "dbt_version": "1.11.7", "profile_name": "liuxue", "target_name": "local", "connection_name": "list_warehouse"} */

    select distinct nspname from pg_namespace
  
[0m23:17:45.653359 [debug] [ThreadPool]: Opening a new connection, currently in state init
[0m23:17:45.658401 [debug] [ThreadPool]: SQL status: SELECT 5 in 0.005 seconds
[0m23:17:45.658991 [debug] [ThreadPool]: On list_warehouse: Close
[0m23:17:45.659881 [debug] [ThreadPool]: Re-using an available connection from the pool (formerly list_warehouse, now list_warehouse_public)
[0m23:17:45.662333 [debug] [ThreadPool]: Using postgres connection "list_warehouse_public"
[0m23:17:45.662531 [debug] [ThreadPool]: On list_warehouse_public: /* {"app": "dbt", "dbt_version": "1.11.7", "profile_name": "liuxue", "target_name": "local", "connection_name": "list_warehouse_public"} */
select
      'warehouse' as database,
      tablename as name,
      schemaname as schema,
      'table' as type
    from pg_tables
    where schemaname ilike 'public'
    union all
    select
      'warehouse' as database,
      viewname as name,
      schemaname as schema,
      'view' as type
    from pg_views
    where schemaname ilike 'public'
    union all
    select
      'warehouse' as database,
      matviewname as name,
      schemaname as schema,
      'materialized_view' as type
    from pg_matviews
    where schemaname ilike 'public'
  
[0m23:17:45.662696 [debug] [ThreadPool]: Opening a new connection, currently in state closed
[0m23:17:45.666010 [debug] [ThreadPool]: SQL status: SELECT 11 in 0.003 seconds
[0m23:17:45.666619 [debug] [ThreadPool]: On list_warehouse_public: ROLLBACK
[0m23:17:45.666838 [debug] [ThreadPool]: On list_warehouse_public: Close
[0m23:17:45.669403 [debug] [MainThread]: Using postgres connection "master"
[0m23:17:45.669632 [debug] [MainThread]: On master: /* {"app": "dbt", "dbt_version": "1.11.7", "profile_name": "liuxue", "target_name": "local", "connection_name": "master"} */
select distinct
        dependent_namespace.nspname as dependent_schema,
        dependent_class.relname as dependent_name,
        referenced_namespace.nspname as referenced_schema,
        referenced_class.relname as referenced_name

    -- Query for views: views are entries in pg_class with an entry in pg_rewrite, but we avoid
    -- a seq scan on pg_rewrite by leveraging the fact there is an "internal" row in pg_depend for
    -- the view...
    from pg_class as dependent_class
    join pg_namespace as dependent_namespace on dependent_namespace.oid = dependent_class.relnamespace
    join pg_depend as dependent_depend on dependent_depend.refobjid = dependent_class.oid
        and dependent_depend.classid = 'pg_rewrite'::regclass
        and dependent_depend.refclassid = 'pg_class'::regclass
        and dependent_depend.deptype = 'i'

    -- ... and via pg_depend (that has a row per column, hence the need for "distinct" above, and
    -- making sure to exclude the internal row to avoid a view appearing to depend on itself)...
    join pg_depend as joining_depend on joining_depend.objid = dependent_depend.objid
        and joining_depend.classid = 'pg_rewrite'::regclass
        and joining_depend.refclassid = 'pg_class'::regclass
        and joining_depend.refobjid != dependent_depend.refobjid

    -- ... we can find the tables they query from in pg_class, but excluding system tables. Note we
    -- don't need need to exclude _dependent_ system tables, because they only query from other
    -- system tables, and so are automatically excluded by excluding _referenced_ system tables
    join pg_class as referenced_class on referenced_class.oid = joining_depend.refobjid
    join pg_namespace as referenced_namespace on referenced_namespace.oid = referenced_class.relnamespace
        and referenced_namespace.nspname != 'information_schema'
        and referenced_namespace.nspname not like 'pg\_%'

    order by
        dependent_schema, dependent_name, referenced_schema, referenced_name;
[0m23:17:45.669822 [debug] [MainThread]: Opening a new connection, currently in state init
[0m23:17:45.673326 [debug] [MainThread]: SQL status: SELECT 2 in 0.003 seconds
[0m23:17:45.673989 [debug] [MainThread]: Sending event: {'category': 'dbt', 'action': 'runnable_timing', 'label': '5ad23923-a040-494f-aef4-1d565f52057a', 'context': [<snowplow_tracker.self_describing_json.SelfDescribingJson object at 0x7ee4a2eea600>]}
[0m23:17:45.674292 [debug] [MainThread]: On master: ROLLBACK
[0m23:17:45.674569 [debug] [MainThread]: On master: COMMIT
[0m23:17:45.674789 [debug] [MainThread]: Using postgres connection "master"
[0m23:17:45.674980 [debug] [MainThread]: On master: COMMIT
[0m23:17:45.675226 [debug] [MainThread]: SQL status: COMMIT in 0.000 seconds
[0m23:17:45.675434 [debug] [MainThread]: On master: Close
[0m23:17:45.676898 [debug] [Thread-1 (]: Began running node model.liuxue_warehouse.stg_gradcafe_admissions
[0m23:17:45.677248 [info ] [Thread-1 (]: 1 of 11 START sql view model public.stg_gradcafe_admissions .................... [RUN]
[0m23:17:45.677529 [debug] [Thread-1 (]: Re-using an available connection from the pool (formerly list_warehouse_public, now model.liuxue_warehouse.stg_gradcafe_admissions)
[0m23:17:45.677770 [debug] [Thread-1 (]: Began compiling node model.liuxue_warehouse.stg_gradcafe_admissions
[0m23:17:45.678039 [debug] [Thread-2 (]: Began running node model.liuxue_warehouse.stg_school_info
[0m23:17:45.681832 [debug] [Thread-1 (]: Writing injected SQL for node "model.liuxue_warehouse.stg_gradcafe_admissions"
[0m23:17:45.682161 [info ] [Thread-2 (]: 2 of 11 START sql view model public.stg_school_info ............................ [RUN]
[0m23:17:45.682514 [debug] [Thread-2 (]: Acquiring new postgres connection 'model.liuxue_warehouse.stg_school_info'
[0m23:17:45.682727 [debug] [Thread-2 (]: Began compiling node model.liuxue_warehouse.stg_school_info
[0m23:17:45.683531 [debug] [Thread-2 (]: Writing injected SQL for node "model.liuxue_warehouse.stg_school_info"
[0m23:17:45.683793 [debug] [Thread-1 (]: Began executing node model.liuxue_warehouse.stg_gradcafe_admissions
[0m23:17:45.723034 [debug] [Thread-1 (]: Writing runtime sql for node "model.liuxue_warehouse.stg_gradcafe_admissions"
[0m23:17:45.723318 [debug] [Thread-2 (]: Began executing node model.liuxue_warehouse.stg_school_info
[0m23:17:45.725040 [debug] [Thread-2 (]: Writing runtime sql for node "model.liuxue_warehouse.stg_school_info"
[0m23:17:45.725330 [debug] [Thread-1 (]: Using postgres connection "model.liuxue_warehouse.stg_gradcafe_admissions"
[0m23:17:45.725576 [debug] [Thread-1 (]: On model.liuxue_warehouse.stg_gradcafe_admissions: /* {"app": "dbt", "dbt_version": "1.11.7", "profile_name": "liuxue", "target_name": "local", "node_id": "model.liuxue_warehouse.stg_gradcafe_admissions"} */

  create view "warehouse"."public"."stg_gradcafe_admissions__dbt_tmp"
    
    
  as (
    -- 清洗 GradCafe 原始数据：类型转换、过滤无效记录
WITH cleaned AS (
    SELECT
        id,
        school,
        program,
        -- 推断学位层级
        CASE
            WHEN program ILIKE '%phd%' OR program ILIKE '%doctor%' THEN 'PhD'
            WHEN program ILIKE '%master%' OR program ILIKE '%ms %' OR program ILIKE '%m.eng%'
                OR program ILIKE '%mba%' OR program ILIKE '%m.a.%' THEN 'Masters'
            WHEN program ILIKE '%bachelor%' OR program ILIKE '%b.s.%' OR program ILIKE '%undergrad%' THEN 'Bachelors'
            ELSE 'Other'
        END AS degree,
        season,
        year,
        nationality,
        CASE
            WHEN decision ILIKE '%accept%' THEN 'Accepted'
            WHEN decision ILIKE '%reject%' THEN 'Rejected'
            WHEN decision ILIKE '%wait%' THEN 'Waitlisted'
            WHEN decision ILIKE '%interview%' THEN 'Interview'
            ELSE 'Other'
        END AS decision,
        decision_date,
        -- GPA 范围校验
        CASE WHEN gpa > 0 AND gpa <= 4.0 THEN gpa ELSE NULL END AS gpa,
        CASE WHEN gre_q >= 130 AND gre_q <= 170 THEN gre_q ELSE NULL END AS gre_q,
        CASE WHEN gre_v >= 130 AND gre_v <= 170 THEN gre_v ELSE NULL END AS gre_v,
        CASE WHEN gre_aw >= 0 AND gre_aw <= 6.0 THEN gre_aw ELSE NULL END AS gre_aw,
        CASE WHEN toefl >= 0 AND toefl <= 120 THEN toefl ELSE NULL END AS toefl,
        comment,
        source_url,
        major_category,
        crawled_at
    FROM raw.gradcafe_admissions
    WHERE school IS NOT NULL
      AND school != ''
)
SELECT * FROM cleaned
  );
[0m23:17:45.725801 [debug] [Thread-1 (]: Opening a new connection, currently in state closed
[0m23:17:45.726054 [debug] [Thread-2 (]: Using postgres connection "model.liuxue_warehouse.stg_school_info"
[0m23:17:45.726263 [debug] [Thread-2 (]: On model.liuxue_warehouse.stg_school_info: /* {"app": "dbt", "dbt_version": "1.11.7", "profile_name": "liuxue", "target_name": "local", "node_id": "model.liuxue_warehouse.stg_school_info"} */

  create view "warehouse"."public"."stg_school_info__dbt_tmp"
    
    
  as (
    -- 从录取数据中提取学校标准化名称
-- 注：完整的大学信息（排名/国家/官网）通过 sync_rankings.py 单独采集
WITH distinct_schools AS (
    SELECT DISTINCT
        school,
        '' AS country,
        NULL::integer AS qs_rank,
        NULL::integer AS usnews_rank
    FROM raw.gradcafe_admissions
    WHERE school IS NOT NULL
)
SELECT
    ROW_NUMBER() OVER () AS school_id,
    school,
    country,
    qs_rank,
    usnews_rank
FROM distinct_schools
  );
[0m23:17:45.726459 [debug] [Thread-2 (]: Opening a new connection, currently in state init
[0m23:17:45.729398 [debug] [Thread-2 (]: SQL status: CREATE VIEW in 0.003 seconds
[0m23:17:45.729627 [debug] [Thread-1 (]: SQL status: CREATE VIEW in 0.004 seconds
[0m23:17:45.732459 [debug] [Thread-2 (]: Using postgres connection "model.liuxue_warehouse.stg_school_info"
[0m23:17:45.733803 [debug] [Thread-1 (]: Using postgres connection "model.liuxue_warehouse.stg_gradcafe_admissions"
[0m23:17:45.734026 [debug] [Thread-2 (]: On model.liuxue_warehouse.stg_school_info: /* {"app": "dbt", "dbt_version": "1.11.7", "profile_name": "liuxue", "target_name": "local", "node_id": "model.liuxue_warehouse.stg_school_info"} */
alter table "warehouse"."public"."stg_school_info" rename to "stg_school_info__dbt_backup"
[0m23:17:45.734244 [debug] [Thread-1 (]: On model.liuxue_warehouse.stg_gradcafe_admissions: /* {"app": "dbt", "dbt_version": "1.11.7", "profile_name": "liuxue", "target_name": "local", "node_id": "model.liuxue_warehouse.stg_gradcafe_admissions"} */
alter table "warehouse"."public"."stg_gradcafe_admissions" rename to "stg_gradcafe_admissions__dbt_backup"
[0m23:17:45.734550 [debug] [Thread-2 (]: SQL status: ALTER TABLE in 0.000 seconds
[0m23:17:45.734741 [debug] [Thread-1 (]: SQL status: ALTER TABLE in 0.000 seconds
[0m23:17:45.735989 [debug] [Thread-2 (]: Using postgres connection "model.liuxue_warehouse.stg_school_info"
[0m23:17:45.737247 [debug] [Thread-1 (]: Using postgres connection "model.liuxue_warehouse.stg_gradcafe_admissions"
[0m23:17:45.737464 [debug] [Thread-2 (]: On model.liuxue_warehouse.stg_school_info: /* {"app": "dbt", "dbt_version": "1.11.7", "profile_name": "liuxue", "target_name": "local", "node_id": "model.liuxue_warehouse.stg_school_info"} */
alter table "warehouse"."public"."stg_school_info__dbt_tmp" rename to "stg_school_info"
[0m23:17:45.737678 [debug] [Thread-1 (]: On model.liuxue_warehouse.stg_gradcafe_admissions: /* {"app": "dbt", "dbt_version": "1.11.7", "profile_name": "liuxue", "target_name": "local", "node_id": "model.liuxue_warehouse.stg_gradcafe_admissions"} */
alter table "warehouse"."public"."stg_gradcafe_admissions__dbt_tmp" rename to "stg_gradcafe_admissions"
[0m23:17:45.737963 [debug] [Thread-2 (]: SQL status: ALTER TABLE in 0.000 seconds
[0m23:17:45.738148 [debug] [Thread-1 (]: SQL status: ALTER TABLE in 0.000 seconds
[0m23:17:45.746067 [debug] [Thread-2 (]: On model.liuxue_warehouse.stg_school_info: COMMIT
[0m23:17:45.746873 [debug] [Thread-1 (]: On model.liuxue_warehouse.stg_gradcafe_admissions: COMMIT
[0m23:17:45.747088 [debug] [Thread-2 (]: Using postgres connection "model.liuxue_warehouse.stg_school_info"
[0m23:17:45.747292 [debug] [Thread-1 (]: Using postgres connection "model.liuxue_warehouse.stg_gradcafe_admissions"
[0m23:17:45.747477 [debug] [Thread-2 (]: On model.liuxue_warehouse.stg_school_info: COMMIT
[0m23:17:45.747666 [debug] [Thread-1 (]: On model.liuxue_warehouse.stg_gradcafe_admissions: COMMIT
[0m23:17:45.748411 [debug] [Thread-2 (]: SQL status: COMMIT in 0.001 seconds
[0m23:17:45.751059 [debug] [Thread-2 (]: Applying DROP to: "warehouse"."public"."stg_school_info__dbt_backup"
[0m23:17:45.751271 [debug] [Thread-1 (]: SQL status: COMMIT in 0.003 seconds
[0m23:17:45.753615 [debug] [Thread-2 (]: Using postgres connection "model.liuxue_warehouse.stg_school_info"
[0m23:17:45.754653 [debug] [Thread-1 (]: Applying DROP to: "warehouse"."public"."stg_gradcafe_admissions__dbt_backup"
[0m23:17:45.754867 [debug] [Thread-2 (]: On model.liuxue_warehouse.stg_school_info: /* {"app": "dbt", "dbt_version": "1.11.7", "profile_name": "liuxue", "target_name": "local", "node_id": "model.liuxue_warehouse.stg_school_info"} */
drop view if exists "warehouse"."public"."stg_school_info__dbt_backup" cascade
[0m23:17:45.755275 [debug] [Thread-1 (]: Using postgres connection "model.liuxue_warehouse.stg_gradcafe_admissions"
[0m23:17:45.755489 [debug] [Thread-1 (]: On model.liuxue_warehouse.stg_gradcafe_admissions: /* {"app": "dbt", "dbt_version": "1.11.7", "profile_name": "liuxue", "target_name": "local", "node_id": "model.liuxue_warehouse.stg_gradcafe_admissions"} */
drop view if exists "warehouse"."public"."stg_gradcafe_admissions__dbt_backup" cascade
[0m23:17:45.756169 [debug] [Thread-2 (]: SQL status: DROP VIEW in 0.001 seconds
[0m23:17:45.757217 [debug] [Thread-2 (]: On model.liuxue_warehouse.stg_school_info: Close
[0m23:17:45.757423 [debug] [Thread-1 (]: SQL status: DROP VIEW in 0.002 seconds
[0m23:17:45.758027 [debug] [Thread-1 (]: On model.liuxue_warehouse.stg_gradcafe_admissions: Close
[0m23:17:45.758898 [debug] [Thread-2 (]: Sending event: {'category': 'dbt', 'action': 'run_model', 'label': '5ad23923-a040-494f-aef4-1d565f52057a', 'context': [<snowplow_tracker.self_describing_json.SelfDescribingJson object at 0x7ee4a5a7f620>]}
[0m23:17:45.759110 [debug] [Thread-1 (]: Sending event: {'category': 'dbt', 'action': 'run_model', 'label': '5ad23923-a040-494f-aef4-1d565f52057a', 'context': [<snowplow_tracker.self_describing_json.SelfDescribingJson object at 0x7ee4a09a90a0>]}
[0m23:17:45.759421 [info ] [Thread-2 (]: 2 of 11 OK created sql view model public.stg_school_info ....................... [[32mCREATE VIEW[0m in 0.08s]
[0m23:17:45.759750 [info ] [Thread-1 (]: 1 of 11 OK created sql view model public.stg_gradcafe_admissions ............... [[32mCREATE VIEW[0m in 0.08s]
[0m23:17:45.760049 [debug] [Thread-2 (]: Finished running node model.liuxue_warehouse.stg_school_info
[0m23:17:45.760318 [debug] [Thread-1 (]: Finished running node model.liuxue_warehouse.stg_gradcafe_admissions
[0m23:17:45.760825 [debug] [Thread-2 (]: Began running node model.liuxue_warehouse.feat_gre_impact
[0m23:17:45.761018 [debug] [Thread-1 (]: Began running node model.liuxue_warehouse.int_admissions_cleaned
[0m23:17:45.761236 [info ] [Thread-2 (]: 3 of 11 START sql table model public.feat_gre_impact ........................... [RUN]
[0m23:17:45.761485 [info ] [Thread-1 (]: 4 of 11 START sql table model public.int_admissions_cleaned .................... [RUN]
[0m23:17:45.761701 [debug] [Thread-2 (]: Re-using an available connection from the pool (formerly model.liuxue_warehouse.stg_school_info, now model.liuxue_warehouse.feat_gre_impact)
[0m23:17:45.761903 [debug] [Thread-1 (]: Re-using an available connection from the pool (formerly model.liuxue_warehouse.stg_gradcafe_admissions, now model.liuxue_warehouse.int_admissions_cleaned)
[0m23:17:45.762095 [debug] [Thread-2 (]: Began compiling node model.liuxue_warehouse.feat_gre_impact
[0m23:17:45.762286 [debug] [Thread-1 (]: Began compiling node model.liuxue_warehouse.int_admissions_cleaned
[0m23:17:45.763459 [debug] [Thread-2 (]: Writing injected SQL for node "model.liuxue_warehouse.feat_gre_impact"
[0m23:17:45.765169 [debug] [Thread-1 (]: Writing injected SQL for node "model.liuxue_warehouse.int_admissions_cleaned"
[0m23:17:45.765488 [debug] [Thread-2 (]: Began executing node model.liuxue_warehouse.feat_gre_impact
[0m23:17:45.765692 [debug] [Thread-1 (]: Began executing node model.liuxue_warehouse.int_admissions_cleaned
[0m23:17:45.774619 [debug] [Thread-2 (]: Writing runtime sql for node "model.liuxue_warehouse.feat_gre_impact"
[0m23:17:45.776217 [debug] [Thread-1 (]: Writing runtime sql for node "model.liuxue_warehouse.int_admissions_cleaned"
[0m23:17:45.776536 [debug] [Thread-2 (]: Using postgres connection "model.liuxue_warehouse.feat_gre_impact"
[0m23:17:45.776763 [debug] [Thread-2 (]: On model.liuxue_warehouse.feat_gre_impact: /* {"app": "dbt", "dbt_version": "1.11.7", "profile_name": "liuxue", "target_name": "local", "node_id": "model.liuxue_warehouse.feat_gre_impact"} */

  
    

  create  table "warehouse"."public"."feat_gre_impact__dbt_tmp"
  
  
    as
  
  (
    -- GRE 成绩对录取的影响分析
SELECT
    school, program, degree,
    ROUND(AVG(gre_q)::numeric, 1) AS gre_q_mean,
    ROUND(AVG(gre_v)::numeric, 1) AS gre_v_mean,
    -- 国际生录取中 GRE Q 的关键度
    ROUND(
        AVG(CASE WHEN gre_q >= 165 THEN 1.0 ELSE 0.0 END)::numeric, 2
    ) AS gre_q_high_ratio,
    -- GRE 对录取的区分度
    ROUND(
        (
            AVG(CASE WHEN decision = 'Accepted' AND gre_q IS NOT NULL THEN gre_q END) -
            AVG(CASE WHEN decision = 'Rejected' AND gre_q IS NOT NULL THEN gre_q END)
        )::numeric, 1
    ) AS gre_q_acceptance_delta,
    COUNT(*) FILTER (WHERE gre_q IS NOT NULL) AS gre_samples
FROM "warehouse"."public"."stg_gradcafe_admissions"
WHERE degree IN ('Masters', 'PhD')
  AND gre_q IS NOT NULL
GROUP BY school, program, degree
HAVING COUNT(*) FILTER (WHERE gre_q IS NOT NULL) >= 5
  );
  
[0m23:17:45.776974 [debug] [Thread-2 (]: Opening a new connection, currently in state closed
[0m23:17:45.777176 [debug] [Thread-1 (]: Using postgres connection "model.liuxue_warehouse.int_admissions_cleaned"
[0m23:17:45.777447 [debug] [Thread-1 (]: On model.liuxue_warehouse.int_admissions_cleaned: /* {"app": "dbt", "dbt_version": "1.11.7", "profile_name": "liuxue", "target_name": "local", "node_id": "model.liuxue_warehouse.int_admissions_cleaned"} */

  
    

  create  table "warehouse"."public"."int_admissions_cleaned__dbt_tmp"
  
  
    as
  
  (
    -- 中间层：录取数据按校/专业聚合，计算竞争度
WITH base AS (
    SELECT
        school, program, degree, season, year,
        nationality, decision, gpa, gre_q, gre_v, gre_aw, toefl,
        major_category
    FROM "warehouse"."public"."stg_gradcafe_admissions"
    WHERE gpa IS NOT NULL
      AND degree IN ('Masters', 'PhD', 'Bachelors')
)
SELECT
    school,
    program,
    degree,
    season,
    year,
    -- 录取统计
    COUNT(*) AS total_cases,
    SUM(CASE WHEN decision = 'Accepted' THEN 1 ELSE 0 END) AS accepted_count,
    SUM(CASE WHEN decision = 'Rejected' THEN 1 ELSE 0 END) AS rejected_count,
    ROUND(
        SUM(CASE WHEN decision = 'Accepted' THEN 1.0 ELSE 0 END) / NULLIF(COUNT(*), 0), 3
    ) AS acceptance_rate,
    -- GPA 分位数
    ROUND(AVG(gpa)::numeric, 2) AS gpa_mean,
    ROUND(PERCENTILE_CONT(0.25) WITHIN GROUP (ORDER BY gpa)::numeric, 2) AS gpa_p25,
    ROUND(PERCENTILE_CONT(0.50) WITHIN GROUP (ORDER BY gpa)::numeric, 2) AS gpa_p50,
    ROUND(PERCENTILE_CONT(0.75) WITHIN GROUP (ORDER BY gpa)::numeric, 2) AS gpa_p75,
    -- GRE 统计
    ROUND(AVG(gre_q)::numeric, 1) AS gre_q_mean,
    ROUND(AVG(gre_v)::numeric, 1) AS gre_v_mean,
    -- 国际生占比
    ROUND(
        SUM(CASE WHEN nationality = 'International' THEN 1.0 ELSE 0 END) / NULLIF(COUNT(*), 0), 3
    ) AS international_ratio,
    -- 样本量
    COUNT(*) FILTER (WHERE gpa IS NOT NULL) AS gpa_samples
FROM base
GROUP BY school, program, degree, season, year
HAVING COUNT(*) >= 5  -- 至少 5 条案例才纳入统计
  );
  
[0m23:17:45.777661 [debug] [Thread-1 (]: Opening a new connection, currently in state closed
[0m23:17:45.781701 [debug] [Thread-2 (]: SQL status: SELECT 0 in 0.005 seconds
[0m23:17:45.784586 [debug] [Thread-2 (]: Using postgres connection "model.liuxue_warehouse.feat_gre_impact"
[0m23:17:45.784812 [debug] [Thread-1 (]: SQL status: SELECT 0 in 0.007 seconds
[0m23:17:45.785023 [debug] [Thread-2 (]: On model.liuxue_warehouse.feat_gre_impact: /* {"app": "dbt", "dbt_version": "1.11.7", "profile_name": "liuxue", "target_name": "local", "node_id": "model.liuxue_warehouse.feat_gre_impact"} */
alter table "warehouse"."public"."feat_gre_impact" rename to "feat_gre_impact__dbt_backup"
[0m23:17:45.786429 [debug] [Thread-1 (]: Using postgres connection "model.liuxue_warehouse.int_admissions_cleaned"
[0m23:17:45.786654 [debug] [Thread-1 (]: On model.liuxue_warehouse.int_admissions_cleaned: /* {"app": "dbt", "dbt_version": "1.11.7", "profile_name": "liuxue", "target_name": "local", "node_id": "model.liuxue_warehouse.int_admissions_cleaned"} */
alter table "warehouse"."public"."int_admissions_cleaned" rename to "int_admissions_cleaned__dbt_backup"
[0m23:17:45.786848 [debug] [Thread-2 (]: SQL status: ALTER TABLE in 0.000 seconds
[0m23:17:45.788093 [debug] [Thread-2 (]: Using postgres connection "model.liuxue_warehouse.feat_gre_impact"
[0m23:17:45.788294 [debug] [Thread-1 (]: SQL status: ALTER TABLE in 0.001 seconds
[0m23:17:45.788481 [debug] [Thread-2 (]: On model.liuxue_warehouse.feat_gre_impact: /* {"app": "dbt", "dbt_version": "1.11.7", "profile_name": "liuxue", "target_name": "local", "node_id": "model.liuxue_warehouse.feat_gre_impact"} */
alter table "warehouse"."public"."feat_gre_impact__dbt_tmp" rename to "feat_gre_impact"
[0m23:17:45.789723 [debug] [Thread-1 (]: Using postgres connection "model.liuxue_warehouse.int_admissions_cleaned"
[0m23:17:45.789944 [debug] [Thread-1 (]: On model.liuxue_warehouse.int_admissions_cleaned: /* {"app": "dbt", "dbt_version": "1.11.7", "profile_name": "liuxue", "target_name": "local", "node_id": "model.liuxue_warehouse.int_admissions_cleaned"} */
alter table "warehouse"."public"."int_admissions_cleaned__dbt_tmp" rename to "int_admissions_cleaned"
[0m23:17:45.790127 [debug] [Thread-2 (]: SQL status: ALTER TABLE in 0.000 seconds
[0m23:17:45.790985 [debug] [Thread-2 (]: On model.liuxue_warehouse.feat_gre_impact: COMMIT
[0m23:17:45.791189 [debug] [Thread-1 (]: SQL status: ALTER TABLE in 0.001 seconds
[0m23:17:45.791377 [debug] [Thread-2 (]: Using postgres connection "model.liuxue_warehouse.feat_gre_impact"
[0m23:17:45.792158 [debug] [Thread-1 (]: On model.liuxue_warehouse.int_admissions_cleaned: COMMIT
[0m23:17:45.792356 [debug] [Thread-2 (]: On model.liuxue_warehouse.feat_gre_impact: COMMIT
[0m23:17:45.792547 [debug] [Thread-1 (]: Using postgres connection "model.liuxue_warehouse.int_admissions_cleaned"
[0m23:17:45.792744 [debug] [Thread-1 (]: On model.liuxue_warehouse.int_admissions_cleaned: COMMIT
[0m23:17:45.793221 [debug] [Thread-2 (]: SQL status: COMMIT in 0.000 seconds
[0m23:17:45.794186 [debug] [Thread-2 (]: Applying DROP to: "warehouse"."public"."feat_gre_impact__dbt_backup"
[0m23:17:45.794385 [debug] [Thread-1 (]: SQL status: COMMIT in 0.001 seconds
[0m23:17:45.795765 [debug] [Thread-2 (]: Using postgres connection "model.liuxue_warehouse.feat_gre_impact"
[0m23:17:45.796799 [debug] [Thread-1 (]: Applying DROP to: "warehouse"."public"."int_admissions_cleaned__dbt_backup"
[0m23:17:45.797012 [debug] [Thread-2 (]: On model.liuxue_warehouse.feat_gre_impact: /* {"app": "dbt", "dbt_version": "1.11.7", "profile_name": "liuxue", "target_name": "local", "node_id": "model.liuxue_warehouse.feat_gre_impact"} */
drop table if exists "warehouse"."public"."feat_gre_impact__dbt_backup" cascade
[0m23:17:45.797420 [debug] [Thread-1 (]: Using postgres connection "model.liuxue_warehouse.int_admissions_cleaned"
[0m23:17:45.797645 [debug] [Thread-1 (]: On model.liuxue_warehouse.int_admissions_cleaned: /* {"app": "dbt", "dbt_version": "1.11.7", "profile_name": "liuxue", "target_name": "local", "node_id": "model.liuxue_warehouse.int_admissions_cleaned"} */
drop table if exists "warehouse"."public"."int_admissions_cleaned__dbt_backup" cascade
[0m23:17:45.798537 [debug] [Thread-2 (]: SQL status: DROP TABLE in 0.001 seconds
[0m23:17:45.799141 [debug] [Thread-2 (]: On model.liuxue_warehouse.feat_gre_impact: Close
[0m23:17:45.799349 [debug] [Thread-1 (]: SQL status: DROP TABLE in 0.002 seconds
[0m23:17:45.799961 [debug] [Thread-1 (]: On model.liuxue_warehouse.int_admissions_cleaned: Close
[0m23:17:45.800250 [debug] [Thread-2 (]: Sending event: {'category': 'dbt', 'action': 'run_model', 'label': '5ad23923-a040-494f-aef4-1d565f52057a', 'context': [<snowplow_tracker.self_describing_json.SelfDescribingJson object at 0x7ee49fdaf440>]}
[0m23:17:45.800839 [debug] [Thread-1 (]: Sending event: {'category': 'dbt', 'action': 'run_model', 'label': '5ad23923-a040-494f-aef4-1d565f52057a', 'context': [<snowplow_tracker.self_describing_json.SelfDescribingJson object at 0x7ee4a2f15a00>]}
[0m23:17:45.800601 [info ] [Thread-2 (]: 3 of 11 OK created sql table model public.feat_gre_impact ...................... [[32mSELECT 0[0m in 0.04s]
[0m23:17:45.801203 [info ] [Thread-1 (]: 4 of 11 OK created sql table model public.int_admissions_cleaned ............... [[32mSELECT 0[0m in 0.04s]
[0m23:17:45.801504 [debug] [Thread-2 (]: Finished running node model.liuxue_warehouse.feat_gre_impact
[0m23:17:45.801767 [debug] [Thread-1 (]: Finished running node model.liuxue_warehouse.int_admissions_cleaned
[0m23:17:45.801977 [debug] [Thread-2 (]: Began running node model.liuxue_warehouse.mart_major_trend
[0m23:17:45.802277 [debug] [Thread-1 (]: Began running node model.liuxue_warehouse.feat_competition_index
[0m23:17:45.802503 [info ] [Thread-2 (]: 5 of 11 START sql table model public.mart_major_trend .......................... [RUN]
[0m23:17:45.802756 [info ] [Thread-1 (]: 6 of 11 START sql table model public.feat_competition_index .................... [RUN]
[0m23:17:45.802970 [debug] [Thread-2 (]: Re-using an available connection from the pool (formerly model.liuxue_warehouse.feat_gre_impact, now model.liuxue_warehouse.mart_major_trend)
[0m23:17:45.803181 [debug] [Thread-1 (]: Re-using an available connection from the pool (formerly model.liuxue_warehouse.int_admissions_cleaned, now model.liuxue_warehouse.feat_competition_index)
[0m23:17:45.803376 [debug] [Thread-2 (]: Began compiling node model.liuxue_warehouse.mart_major_trend
[0m23:17:45.803564 [debug] [Thread-1 (]: Began compiling node model.liuxue_warehouse.feat_competition_index
[0m23:17:45.804801 [debug] [Thread-2 (]: Writing injected SQL for node "model.liuxue_warehouse.mart_major_trend"
[0m23:17:45.806618 [debug] [Thread-1 (]: Writing injected SQL for node "model.liuxue_warehouse.feat_competition_index"
[0m23:17:45.806948 [debug] [Thread-2 (]: Began executing node model.liuxue_warehouse.mart_major_trend
[0m23:17:45.807149 [debug] [Thread-1 (]: Began executing node model.liuxue_warehouse.feat_competition_index
[0m23:17:45.808736 [debug] [Thread-2 (]: Writing runtime sql for node "model.liuxue_warehouse.mart_major_trend"
[0m23:17:45.810353 [debug] [Thread-1 (]: Writing runtime sql for node "model.liuxue_warehouse.feat_competition_index"
[0m23:17:45.810679 [debug] [Thread-2 (]: Using postgres connection "model.liuxue_warehouse.mart_major_trend"
[0m23:17:45.810899 [debug] [Thread-2 (]: On model.liuxue_warehouse.mart_major_trend: /* {"app": "dbt", "dbt_version": "1.11.7", "profile_name": "liuxue", "target_name": "local", "node_id": "model.liuxue_warehouse.mart_major_trend"} */

  
    

  create  table "warehouse"."public"."mart_major_trend__dbt_tmp"
  
  
    as
  
  (
    -- 各专业大类的录取趋势
SELECT
    major_category,
    degree,
    year,
    COUNT(*) AS total_applications,
    ROUND(AVG(gpa)::numeric, 2) AS avg_gpa,
    ROUND(AVG(gre_q)::numeric, 1) AS avg_gre_q,
    ROUND(
        SUM(CASE WHEN decision = 'Accepted' THEN 1.0 ELSE 0 END) / NULLIF(COUNT(*), 0), 3
    ) AS acceptance_rate
FROM "warehouse"."public"."stg_gradcafe_admissions"
WHERE year IS NOT NULL
  AND gpa IS NOT NULL
  AND degree IN ('Masters', 'PhD')
GROUP BY major_category, degree, year
HAVING COUNT(*) >= 20
ORDER BY major_category, degree, year DESC
  );
  
[0m23:17:45.811130 [debug] [Thread-1 (]: Using postgres connection "model.liuxue_warehouse.feat_competition_index"
[0m23:17:45.811311 [debug] [Thread-2 (]: Opening a new connection, currently in state closed
[0m23:17:45.811511 [debug] [Thread-1 (]: On model.liuxue_warehouse.feat_competition_index: /* {"app": "dbt", "dbt_version": "1.11.7", "profile_name": "liuxue", "target_name": "local", "node_id": "model.liuxue_warehouse.feat_competition_index"} */

  
    

  create  table "warehouse"."public"."feat_competition_index__dbt_tmp"
  
  
    as
  
  (
    -- 专业竞争指数：综合录取率和申请者 GPA 水平
SELECT
    school, program, degree,
    acceptance_rate,
    gpa_p50,
    international_ratio,
    total_cases,
    -- 竞争指数 (0-100): GPA 门槛越高 + 录取率越低 = 越难进
    ROUND(
        (gpa_p50 * 25 - 50) + ((1 - acceptance_rate) * 100)
    )::integer AS competition_score,
    CASE
        WHEN acceptance_rate < 0.2 AND gpa_p50 > 3.7 THEN 'S-Tier (Extremely Selective)'
        WHEN acceptance_rate < 0.35 AND gpa_p50 > 3.5 THEN 'A-Tier (Very Selective)'
        WHEN acceptance_rate < 0.5 THEN 'B-Tier (Selective)'
        ELSE 'C-Tier (Accessible)'
    END AS tier
FROM "warehouse"."public"."int_admissions_cleaned"
WHERE total_cases >= 10
  );
  
[0m23:17:45.811754 [debug] [Thread-1 (]: Opening a new connection, currently in state closed
[0m23:17:45.815178 [debug] [Thread-1 (]: SQL status: SELECT 0 in 0.003 seconds
[0m23:17:45.816606 [debug] [Thread-1 (]: Using postgres connection "model.liuxue_warehouse.feat_competition_index"
[0m23:17:45.816811 [debug] [Thread-1 (]: On model.liuxue_warehouse.feat_competition_index: /* {"app": "dbt", "dbt_version": "1.11.7", "profile_name": "liuxue", "target_name": "local", "node_id": "model.liuxue_warehouse.feat_competition_index"} */
alter table "warehouse"."public"."feat_competition_index" rename to "feat_competition_index__dbt_backup"
[0m23:17:45.817081 [debug] [Thread-1 (]: SQL status: ALTER TABLE in 0.000 seconds
[0m23:17:45.818368 [debug] [Thread-1 (]: Using postgres connection "model.liuxue_warehouse.feat_competition_index"
[0m23:17:45.818603 [debug] [Thread-2 (]: SQL status: SELECT 16 in 0.007 seconds
[0m23:17:45.818827 [debug] [Thread-1 (]: On model.liuxue_warehouse.feat_competition_index: /* {"app": "dbt", "dbt_version": "1.11.7", "profile_name": "liuxue", "target_name": "local", "node_id": "model.liuxue_warehouse.feat_competition_index"} */
alter table "warehouse"."public"."feat_competition_index__dbt_tmp" rename to "feat_competition_index"
[0m23:17:45.820250 [debug] [Thread-2 (]: Using postgres connection "model.liuxue_warehouse.mart_major_trend"
[0m23:17:45.820478 [debug] [Thread-2 (]: On model.liuxue_warehouse.mart_major_trend: /* {"app": "dbt", "dbt_version": "1.11.7", "profile_name": "liuxue", "target_name": "local", "node_id": "model.liuxue_warehouse.mart_major_trend"} */
alter table "warehouse"."public"."mart_major_trend" rename to "mart_major_trend__dbt_backup"
[0m23:17:45.820671 [debug] [Thread-1 (]: SQL status: ALTER TABLE in 0.000 seconds
[0m23:17:45.821517 [debug] [Thread-1 (]: On model.liuxue_warehouse.feat_competition_index: COMMIT
[0m23:17:45.821731 [debug] [Thread-2 (]: SQL status: ALTER TABLE in 0.001 seconds
[0m23:17:45.821932 [debug] [Thread-1 (]: Using postgres connection "model.liuxue_warehouse.feat_competition_index"
[0m23:17:45.823226 [debug] [Thread-2 (]: Using postgres connection "model.liuxue_warehouse.mart_major_trend"
[0m23:17:45.823434 [debug] [Thread-1 (]: On model.liuxue_warehouse.feat_competition_index: COMMIT
[0m23:17:45.823638 [debug] [Thread-2 (]: On model.liuxue_warehouse.mart_major_trend: /* {"app": "dbt", "dbt_version": "1.11.7", "profile_name": "liuxue", "target_name": "local", "node_id": "model.liuxue_warehouse.mart_major_trend"} */
alter table "warehouse"."public"."mart_major_trend__dbt_tmp" rename to "mart_major_trend"
[0m23:17:45.823934 [debug] [Thread-2 (]: SQL status: ALTER TABLE in 0.000 seconds
[0m23:17:45.824687 [debug] [Thread-2 (]: On model.liuxue_warehouse.mart_major_trend: COMMIT
[0m23:17:45.824887 [debug] [Thread-1 (]: SQL status: COMMIT in 0.001 seconds
[0m23:17:45.825077 [debug] [Thread-2 (]: Using postgres connection "model.liuxue_warehouse.mart_major_trend"
[0m23:17:45.826068 [debug] [Thread-1 (]: Applying DROP to: "warehouse"."public"."feat_competition_index__dbt_backup"
[0m23:17:45.826271 [debug] [Thread-2 (]: On model.liuxue_warehouse.mart_major_trend: COMMIT
[0m23:17:45.826665 [debug] [Thread-1 (]: Using postgres connection "model.liuxue_warehouse.feat_competition_index"
[0m23:17:45.826871 [debug] [Thread-1 (]: On model.liuxue_warehouse.feat_competition_index: /* {"app": "dbt", "dbt_version": "1.11.7", "profile_name": "liuxue", "target_name": "local", "node_id": "model.liuxue_warehouse.feat_competition_index"} */
drop table if exists "warehouse"."public"."feat_competition_index__dbt_backup" cascade
[0m23:17:45.827351 [debug] [Thread-2 (]: SQL status: COMMIT in 0.000 seconds
[0m23:17:45.828346 [debug] [Thread-2 (]: Applying DROP to: "warehouse"."public"."mart_major_trend__dbt_backup"
[0m23:17:45.828544 [debug] [Thread-1 (]: SQL status: DROP TABLE in 0.001 seconds
[0m23:17:45.828966 [debug] [Thread-2 (]: Using postgres connection "model.liuxue_warehouse.mart_major_trend"
[0m23:17:45.829562 [debug] [Thread-1 (]: On model.liuxue_warehouse.feat_competition_index: Close
[0m23:17:45.829764 [debug] [Thread-2 (]: On model.liuxue_warehouse.mart_major_trend: /* {"app": "dbt", "dbt_version": "1.11.7", "profile_name": "liuxue", "target_name": "local", "node_id": "model.liuxue_warehouse.mart_major_trend"} */
drop table if exists "warehouse"."public"."mart_major_trend__dbt_backup" cascade
[0m23:17:45.830077 [debug] [Thread-1 (]: Sending event: {'category': 'dbt', 'action': 'run_model', 'label': '5ad23923-a040-494f-aef4-1d565f52057a', 'context': [<snowplow_tracker.self_describing_json.SelfDescribingJson object at 0x7ee4a5c6f320>]}
[0m23:17:45.830390 [info ] [Thread-1 (]: 6 of 11 OK created sql table model public.feat_competition_index ............... [[32mSELECT 0[0m in 0.03s]
[0m23:17:45.830662 [debug] [Thread-1 (]: Finished running node model.liuxue_warehouse.feat_competition_index
[0m23:17:45.830850 [debug] [Thread-2 (]: SQL status: DROP TABLE in 0.001 seconds
[0m23:17:45.831051 [debug] [Thread-1 (]: Began running node model.liuxue_warehouse.feat_gpa_threshold
[0m23:17:45.831660 [debug] [Thread-2 (]: On model.liuxue_warehouse.mart_major_trend: Close
[0m23:17:45.831904 [info ] [Thread-1 (]: 7 of 11 START sql table model public.feat_gpa_threshold ........................ [RUN]
[0m23:17:45.832154 [debug] [Thread-1 (]: Re-using an available connection from the pool (formerly model.liuxue_warehouse.feat_competition_index, now model.liuxue_warehouse.feat_gpa_threshold)
[0m23:17:45.832408 [debug] [Thread-2 (]: Sending event: {'category': 'dbt', 'action': 'run_model', 'label': '5ad23923-a040-494f-aef4-1d565f52057a', 'context': [<snowplow_tracker.self_describing_json.SelfDescribingJson object at 0x7ee4a3b57140>]}
[0m23:17:45.832606 [debug] [Thread-1 (]: Began compiling node model.liuxue_warehouse.feat_gpa_threshold
[0m23:17:45.832886 [info ] [Thread-2 (]: 5 of 11 OK created sql table model public.mart_major_trend ..................... [[32mSELECT 16[0m in 0.03s]
[0m23:17:45.834035 [debug] [Thread-1 (]: Writing injected SQL for node "model.liuxue_warehouse.feat_gpa_threshold"
[0m23:17:45.834412 [debug] [Thread-2 (]: Finished running node model.liuxue_warehouse.mart_major_trend
[0m23:17:45.834717 [debug] [Thread-1 (]: Began executing node model.liuxue_warehouse.feat_gpa_threshold
[0m23:17:45.836827 [debug] [Thread-1 (]: Writing runtime sql for node "model.liuxue_warehouse.feat_gpa_threshold"
[0m23:17:45.837111 [debug] [Thread-1 (]: Using postgres connection "model.liuxue_warehouse.feat_gpa_threshold"
[0m23:17:45.837320 [debug] [Thread-1 (]: On model.liuxue_warehouse.feat_gpa_threshold: /* {"app": "dbt", "dbt_version": "1.11.7", "profile_name": "liuxue", "target_name": "local", "node_id": "model.liuxue_warehouse.feat_gpa_threshold"} */

  
    

  create  table "warehouse"."public"."feat_gpa_threshold__dbt_tmp"
  
  
    as
  
  (
    -- 各校各专业的 GPA 录取阈值（按学位分层）
SELECT
    school, program, degree,
    gpa_p25, gpa_p50, gpa_p75,
    acceptance_rate,
    total_cases AS sample_size,
    CASE
        WHEN acceptance_rate >= 0.7 THEN 'Low Competition'
        WHEN acceptance_rate >= 0.4 THEN 'Moderate'
        ELSE 'High Competition'
    END AS competition_level,
    -- GPA 分级建议
    CASE
        WHEN gpa_p75 >= 3.8 THEN 'Ultra Competitive'
        WHEN gpa_p50 >= 3.5 THEN 'Competitive'
        WHEN gpa_p50 >= 3.2 THEN 'Moderate'
        ELSE 'Accessible'
    END AS gpa_requirement_level
FROM "warehouse"."public"."int_admissions_cleaned"
WHERE gpa_samples >= 10  -- 至少 10 个 GPA 样本
  );
  
[0m23:17:45.837522 [debug] [Thread-1 (]: Opening a new connection, currently in state closed
[0m23:17:45.840534 [debug] [Thread-1 (]: SQL status: SELECT 0 in 0.003 seconds
[0m23:17:45.841909 [debug] [Thread-1 (]: Using postgres connection "model.liuxue_warehouse.feat_gpa_threshold"
[0m23:17:45.842113 [debug] [Thread-1 (]: On model.liuxue_warehouse.feat_gpa_threshold: /* {"app": "dbt", "dbt_version": "1.11.7", "profile_name": "liuxue", "target_name": "local", "node_id": "model.liuxue_warehouse.feat_gpa_threshold"} */
alter table "warehouse"."public"."feat_gpa_threshold" rename to "feat_gpa_threshold__dbt_backup"
[0m23:17:45.842384 [debug] [Thread-1 (]: SQL status: ALTER TABLE in 0.000 seconds
[0m23:17:45.843571 [debug] [Thread-1 (]: Using postgres connection "model.liuxue_warehouse.feat_gpa_threshold"
[0m23:17:45.843775 [debug] [Thread-1 (]: On model.liuxue_warehouse.feat_gpa_threshold: /* {"app": "dbt", "dbt_version": "1.11.7", "profile_name": "liuxue", "target_name": "local", "node_id": "model.liuxue_warehouse.feat_gpa_threshold"} */
alter table "warehouse"."public"."feat_gpa_threshold__dbt_tmp" rename to "feat_gpa_threshold"
[0m23:17:45.844029 [debug] [Thread-1 (]: SQL status: ALTER TABLE in 0.000 seconds
[0m23:17:45.844788 [debug] [Thread-1 (]: On model.liuxue_warehouse.feat_gpa_threshold: COMMIT
[0m23:17:45.844983 [debug] [Thread-1 (]: Using postgres connection "model.liuxue_warehouse.feat_gpa_threshold"
[0m23:17:45.845163 [debug] [Thread-1 (]: On model.liuxue_warehouse.feat_gpa_threshold: COMMIT
[0m23:17:45.845678 [debug] [Thread-1 (]: SQL status: COMMIT in 0.000 seconds
[0m23:17:45.846635 [debug] [Thread-1 (]: Applying DROP to: "warehouse"."public"."feat_gpa_threshold__dbt_backup"
[0m23:17:45.847020 [debug] [Thread-1 (]: Using postgres connection "model.liuxue_warehouse.feat_gpa_threshold"
[0m23:17:45.847198 [debug] [Thread-1 (]: On model.liuxue_warehouse.feat_gpa_threshold: /* {"app": "dbt", "dbt_version": "1.11.7", "profile_name": "liuxue", "target_name": "local", "node_id": "model.liuxue_warehouse.feat_gpa_threshold"} */
drop table if exists "warehouse"."public"."feat_gpa_threshold__dbt_backup" cascade
[0m23:17:45.848175 [debug] [Thread-1 (]: SQL status: DROP TABLE in 0.001 seconds
[0m23:17:45.848724 [debug] [Thread-1 (]: On model.liuxue_warehouse.feat_gpa_threshold: Close
[0m23:17:45.849015 [debug] [Thread-1 (]: Sending event: {'category': 'dbt', 'action': 'run_model', 'label': '5ad23923-a040-494f-aef4-1d565f52057a', 'context': [<snowplow_tracker.self_describing_json.SelfDescribingJson object at 0x7ee49fdd0140>]}
[0m23:17:45.849310 [info ] [Thread-1 (]: 7 of 11 OK created sql table model public.feat_gpa_threshold ................... [[32mSELECT 0[0m in 0.02s]
[0m23:17:45.849574 [debug] [Thread-1 (]: Finished running node model.liuxue_warehouse.feat_gpa_threshold
[0m23:17:45.849935 [debug] [Thread-2 (]: Began running node model.liuxue_warehouse.mart_school_admission_stats
[0m23:17:45.850204 [info ] [Thread-2 (]: 8 of 11 START sql table model public.mart_school_admission_stats ............... [RUN]
[0m23:17:45.850420 [debug] [Thread-2 (]: Re-using an available connection from the pool (formerly model.liuxue_warehouse.mart_major_trend, now model.liuxue_warehouse.mart_school_admission_stats)
[0m23:17:45.850606 [debug] [Thread-2 (]: Began compiling node model.liuxue_warehouse.mart_school_admission_stats
[0m23:17:45.851934 [debug] [Thread-2 (]: Writing injected SQL for node "model.liuxue_warehouse.mart_school_admission_stats"
[0m23:17:45.852205 [debug] [Thread-2 (]: Began executing node model.liuxue_warehouse.mart_school_admission_stats
[0m23:17:45.853761 [debug] [Thread-2 (]: Writing runtime sql for node "model.liuxue_warehouse.mart_school_admission_stats"
[0m23:17:45.854040 [debug] [Thread-2 (]: Using postgres connection "model.liuxue_warehouse.mart_school_admission_stats"
[0m23:17:45.854246 [debug] [Thread-2 (]: On model.liuxue_warehouse.mart_school_admission_stats: /* {"app": "dbt", "dbt_version": "1.11.7", "profile_name": "liuxue", "target_name": "local", "node_id": "model.liuxue_warehouse.mart_school_admission_stats"} */

  
    

  create  table "warehouse"."public"."mart_school_admission_stats__dbt_tmp"
  
  
    as
  
  (
    -- 学校-专业录取统计（Mart层汇总，给API和Dashboard用）
SELECT
    f.school,
    f.program,
    f.degree,
    f.gpa_p25, f.gpa_p50, f.gpa_p75,
    f.acceptance_rate,
    f.competition_level,
    f.gpa_requirement_level,
    f.sample_size,
    c.competition_score,
    c.tier,
    g.gre_q_mean, g.gre_v_mean,
    g.gre_q_acceptance_delta,
    c.international_ratio
FROM "warehouse"."public"."feat_gpa_threshold" f
LEFT JOIN "warehouse"."public"."feat_competition_index" c
    ON f.school = c.school AND f.program = c.program AND f.degree = c.degree
LEFT JOIN "warehouse"."public"."feat_gre_impact" g
    ON f.school = g.school AND f.program = g.program AND f.degree = g.degree
WHERE f.sample_size >= 10
ORDER BY c.competition_score DESC NULLS LAST
  );
  
[0m23:17:45.854438 [debug] [Thread-2 (]: Opening a new connection, currently in state closed
[0m23:17:45.857552 [debug] [Thread-2 (]: SQL status: SELECT 0 in 0.003 seconds
[0m23:17:45.859060 [debug] [Thread-2 (]: Using postgres connection "model.liuxue_warehouse.mart_school_admission_stats"
[0m23:17:45.859297 [debug] [Thread-2 (]: On model.liuxue_warehouse.mart_school_admission_stats: /* {"app": "dbt", "dbt_version": "1.11.7", "profile_name": "liuxue", "target_name": "local", "node_id": "model.liuxue_warehouse.mart_school_admission_stats"} */
alter table "warehouse"."public"."mart_school_admission_stats" rename to "mart_school_admission_stats__dbt_backup"
[0m23:17:45.859604 [debug] [Thread-2 (]: SQL status: ALTER TABLE in 0.000 seconds
[0m23:17:45.861107 [debug] [Thread-2 (]: Using postgres connection "model.liuxue_warehouse.mart_school_admission_stats"
[0m23:17:45.861347 [debug] [Thread-2 (]: On model.liuxue_warehouse.mart_school_admission_stats: /* {"app": "dbt", "dbt_version": "1.11.7", "profile_name": "liuxue", "target_name": "local", "node_id": "model.liuxue_warehouse.mart_school_admission_stats"} */
alter table "warehouse"."public"."mart_school_admission_stats__dbt_tmp" rename to "mart_school_admission_stats"
[0m23:17:45.861637 [debug] [Thread-2 (]: SQL status: ALTER TABLE in 0.000 seconds
[0m23:17:45.862483 [debug] [Thread-2 (]: On model.liuxue_warehouse.mart_school_admission_stats: COMMIT
[0m23:17:45.862699 [debug] [Thread-2 (]: Using postgres connection "model.liuxue_warehouse.mart_school_admission_stats"
[0m23:17:45.862871 [debug] [Thread-2 (]: On model.liuxue_warehouse.mart_school_admission_stats: COMMIT
[0m23:17:45.863373 [debug] [Thread-2 (]: SQL status: COMMIT in 0.000 seconds
[0m23:17:45.864322 [debug] [Thread-2 (]: Applying DROP to: "warehouse"."public"."mart_school_admission_stats__dbt_backup"
[0m23:17:45.864715 [debug] [Thread-2 (]: Using postgres connection "model.liuxue_warehouse.mart_school_admission_stats"
[0m23:17:45.864901 [debug] [Thread-2 (]: On model.liuxue_warehouse.mart_school_admission_stats: /* {"app": "dbt", "dbt_version": "1.11.7", "profile_name": "liuxue", "target_name": "local", "node_id": "model.liuxue_warehouse.mart_school_admission_stats"} */
drop table if exists "warehouse"."public"."mart_school_admission_stats__dbt_backup" cascade
[0m23:17:45.865897 [debug] [Thread-2 (]: SQL status: DROP TABLE in 0.001 seconds
[0m23:17:45.866452 [debug] [Thread-2 (]: On model.liuxue_warehouse.mart_school_admission_stats: Close
[0m23:17:45.866739 [debug] [Thread-2 (]: Sending event: {'category': 'dbt', 'action': 'run_model', 'label': '5ad23923-a040-494f-aef4-1d565f52057a', 'context': [<snowplow_tracker.self_describing_json.SelfDescribingJson object at 0x7ee4a2538140>]}
[0m23:17:45.867033 [info ] [Thread-2 (]: 8 of 11 OK created sql table model public.mart_school_admission_stats .......... [[32mSELECT 0[0m in 0.02s]
[0m23:17:45.867303 [debug] [Thread-2 (]: Finished running node model.liuxue_warehouse.mart_school_admission_stats
[0m23:17:45.867631 [debug] [Thread-1 (]: Began running node model.liuxue_warehouse.dash_admission_overview
[0m23:17:45.867827 [debug] [Thread-2 (]: Began running node model.liuxue_warehouse.dash_competition_heatmap
[0m23:17:45.868052 [info ] [Thread-1 (]: 9 of 11 START sql table model public.dash_admission_overview ................... [RUN]
[0m23:17:45.868292 [info ] [Thread-2 (]: 10 of 11 START sql table model public.dash_competition_heatmap ................. [RUN]
[0m23:17:45.868507 [debug] [Thread-1 (]: Re-using an available connection from the pool (formerly model.liuxue_warehouse.feat_gpa_threshold, now model.liuxue_warehouse.dash_admission_overview)
[0m23:17:45.868720 [debug] [Thread-2 (]: Re-using an available connection from the pool (formerly model.liuxue_warehouse.mart_school_admission_stats, now model.liuxue_warehouse.dash_competition_heatmap)
[0m23:17:45.868913 [debug] [Thread-1 (]: Began compiling node model.liuxue_warehouse.dash_admission_overview
[0m23:17:45.869099 [debug] [Thread-2 (]: Began compiling node model.liuxue_warehouse.dash_competition_heatmap
[0m23:17:45.870238 [debug] [Thread-1 (]: Writing injected SQL for node "model.liuxue_warehouse.dash_admission_overview"
[0m23:17:45.871375 [debug] [Thread-2 (]: Writing injected SQL for node "model.liuxue_warehouse.dash_competition_heatmap"
[0m23:17:45.871681 [debug] [Thread-1 (]: Began executing node model.liuxue_warehouse.dash_admission_overview
[0m23:17:45.873817 [debug] [Thread-1 (]: Writing runtime sql for node "model.liuxue_warehouse.dash_admission_overview"
[0m23:17:45.874034 [debug] [Thread-2 (]: Began executing node model.liuxue_warehouse.dash_competition_heatmap
[0m23:17:45.875644 [debug] [Thread-2 (]: Writing runtime sql for node "model.liuxue_warehouse.dash_competition_heatmap"
[0m23:17:45.875942 [debug] [Thread-1 (]: Using postgres connection "model.liuxue_warehouse.dash_admission_overview"
[0m23:17:45.876173 [debug] [Thread-1 (]: On model.liuxue_warehouse.dash_admission_overview: /* {"app": "dbt", "dbt_version": "1.11.7", "profile_name": "liuxue", "target_name": "local", "node_id": "model.liuxue_warehouse.dash_admission_overview"} */

  
    

  create  table "warehouse"."public"."dash_admission_overview__dbt_tmp"
  
  
    as
  
  (
    -- BI看板：录取全景
SELECT
    competition_level,
    degree,
    COUNT(DISTINCT school) AS school_count,
    COUNT(DISTINCT program) AS program_count,
    ROUND(AVG(acceptance_rate)::numeric, 3) AS avg_acceptance_rate,
    ROUND(AVG(gpa_p50)::numeric, 2) AS avg_gpa_median,
    SUM(sample_size) AS total_samples
FROM "warehouse"."public"."mart_school_admission_stats"
GROUP BY competition_level, degree
ORDER BY degree, avg_acceptance_rate
  );
  
[0m23:17:45.876378 [debug] [Thread-1 (]: Opening a new connection, currently in state closed
[0m23:17:45.876620 [debug] [Thread-2 (]: Using postgres connection "model.liuxue_warehouse.dash_competition_heatmap"
[0m23:17:45.876841 [debug] [Thread-2 (]: On model.liuxue_warehouse.dash_competition_heatmap: /* {"app": "dbt", "dbt_version": "1.11.7", "profile_name": "liuxue", "target_name": "local", "node_id": "model.liuxue_warehouse.dash_competition_heatmap"} */

  
    

  create  table "warehouse"."public"."dash_competition_heatmap__dbt_tmp"
  
  
    as
  
  (
    -- BI看板：竞争烈度热力图（专业名称关键词分类）
SELECT
    CASE
        WHEN program ILIKE '%computer sci%' THEN 'CS'
        WHEN program ILIKE '%data sci%' THEN 'DS'
        WHEN program ILIKE '%electrical%' THEN 'EE'
        WHEN program ILIKE '%statistic%' THEN 'Stats'
        WHEN program ILIKE '%economics%' THEN 'Econ'
        WHEN program ILIKE '%finance%' THEN 'Finance'
        ELSE 'Other'
    END AS major_group,
    degree,
    ROUND(AVG(acceptance_rate)::numeric, 3) AS avg_acceptance_rate,
    ROUND(AVG(gpa_p50)::numeric, 2) AS avg_gpa_median,
    ROUND(AVG(competition_score)::numeric, 0) AS avg_competition_score,
    MAX(tier) AS top_tier,
    COUNT(*) AS program_count
FROM "warehouse"."public"."mart_school_admission_stats"
GROUP BY 1, degree
HAVING COUNT(*) >= 3
ORDER BY avg_competition_score DESC
  );
  
[0m23:17:45.877041 [debug] [Thread-2 (]: Opening a new connection, currently in state closed
[0m23:17:45.879623 [debug] [Thread-1 (]: SQL status: SELECT 0 in 0.003 seconds
[0m23:17:45.881082 [debug] [Thread-1 (]: Using postgres connection "model.liuxue_warehouse.dash_admission_overview"
[0m23:17:45.881304 [debug] [Thread-2 (]: SQL status: SELECT 0 in 0.004 seconds
[0m23:17:45.881517 [debug] [Thread-1 (]: On model.liuxue_warehouse.dash_admission_overview: /* {"app": "dbt", "dbt_version": "1.11.7", "profile_name": "liuxue", "target_name": "local", "node_id": "model.liuxue_warehouse.dash_admission_overview"} */
alter table "warehouse"."public"."dash_admission_overview" rename to "dash_admission_overview__dbt_backup"
[0m23:17:45.883032 [debug] [Thread-2 (]: Using postgres connection "model.liuxue_warehouse.dash_competition_heatmap"
[0m23:17:45.883275 [debug] [Thread-2 (]: On model.liuxue_warehouse.dash_competition_heatmap: /* {"app": "dbt", "dbt_version": "1.11.7", "profile_name": "liuxue", "target_name": "local", "node_id": "model.liuxue_warehouse.dash_competition_heatmap"} */
alter table "warehouse"."public"."dash_competition_heatmap" rename to "dash_competition_heatmap__dbt_backup"
[0m23:17:45.883481 [debug] [Thread-1 (]: SQL status: ALTER TABLE in 0.000 seconds
[0m23:17:45.884755 [debug] [Thread-1 (]: Using postgres connection "model.liuxue_warehouse.dash_admission_overview"
[0m23:17:45.884967 [debug] [Thread-2 (]: SQL status: ALTER TABLE in 0.001 seconds
[0m23:17:45.885168 [debug] [Thread-1 (]: On model.liuxue_warehouse.dash_admission_overview: /* {"app": "dbt", "dbt_version": "1.11.7", "profile_name": "liuxue", "target_name": "local", "node_id": "model.liuxue_warehouse.dash_admission_overview"} */
alter table "warehouse"."public"."dash_admission_overview__dbt_tmp" rename to "dash_admission_overview"
[0m23:17:45.886495 [debug] [Thread-2 (]: Using postgres connection "model.liuxue_warehouse.dash_competition_heatmap"
[0m23:17:45.886738 [debug] [Thread-2 (]: On model.liuxue_warehouse.dash_competition_heatmap: /* {"app": "dbt", "dbt_version": "1.11.7", "profile_name": "liuxue", "target_name": "local", "node_id": "model.liuxue_warehouse.dash_competition_heatmap"} */
alter table "warehouse"."public"."dash_competition_heatmap__dbt_tmp" rename to "dash_competition_heatmap"
[0m23:17:45.886957 [debug] [Thread-1 (]: SQL status: ALTER TABLE in 0.000 seconds
[0m23:17:45.887852 [debug] [Thread-1 (]: On model.liuxue_warehouse.dash_admission_overview: COMMIT
[0m23:17:45.888066 [debug] [Thread-2 (]: SQL status: ALTER TABLE in 0.001 seconds
[0m23:17:45.888258 [debug] [Thread-1 (]: Using postgres connection "model.liuxue_warehouse.dash_admission_overview"
[0m23:17:45.889066 [debug] [Thread-2 (]: On model.liuxue_warehouse.dash_competition_heatmap: COMMIT
[0m23:17:45.889271 [debug] [Thread-1 (]: On model.liuxue_warehouse.dash_admission_overview: COMMIT
[0m23:17:45.889475 [debug] [Thread-2 (]: Using postgres connection "model.liuxue_warehouse.dash_competition_heatmap"
[0m23:17:45.889685 [debug] [Thread-2 (]: On model.liuxue_warehouse.dash_competition_heatmap: COMMIT
[0m23:17:45.890016 [debug] [Thread-1 (]: SQL status: COMMIT in 0.000 seconds
[0m23:17:45.891080 [debug] [Thread-1 (]: Applying DROP to: "warehouse"."public"."dash_admission_overview__dbt_backup"
[0m23:17:45.891296 [debug] [Thread-2 (]: SQL status: COMMIT in 0.001 seconds
[0m23:17:45.891713 [debug] [Thread-1 (]: Using postgres connection "model.liuxue_warehouse.dash_admission_overview"
[0m23:17:45.892716 [debug] [Thread-2 (]: Applying DROP to: "warehouse"."public"."dash_competition_heatmap__dbt_backup"
[0m23:17:45.892959 [debug] [Thread-1 (]: On model.liuxue_warehouse.dash_admission_overview: /* {"app": "dbt", "dbt_version": "1.11.7", "profile_name": "liuxue", "target_name": "local", "node_id": "model.liuxue_warehouse.dash_admission_overview"} */
drop table if exists "warehouse"."public"."dash_admission_overview__dbt_backup" cascade
[0m23:17:45.893366 [debug] [Thread-2 (]: Using postgres connection "model.liuxue_warehouse.dash_competition_heatmap"
[0m23:17:45.893579 [debug] [Thread-2 (]: On model.liuxue_warehouse.dash_competition_heatmap: /* {"app": "dbt", "dbt_version": "1.11.7", "profile_name": "liuxue", "target_name": "local", "node_id": "model.liuxue_warehouse.dash_competition_heatmap"} */
drop table if exists "warehouse"."public"."dash_competition_heatmap__dbt_backup" cascade
[0m23:17:45.894383 [debug] [Thread-1 (]: SQL status: DROP TABLE in 0.001 seconds
[0m23:17:45.894979 [debug] [Thread-1 (]: On model.liuxue_warehouse.dash_admission_overview: Close
[0m23:17:45.895177 [debug] [Thread-2 (]: SQL status: DROP TABLE in 0.001 seconds
[0m23:17:45.895795 [debug] [Thread-2 (]: On model.liuxue_warehouse.dash_competition_heatmap: Close
[0m23:17:45.896076 [debug] [Thread-1 (]: Sending event: {'category': 'dbt', 'action': 'run_model', 'label': '5ad23923-a040-494f-aef4-1d565f52057a', 'context': [<snowplow_tracker.self_describing_json.SelfDescribingJson object at 0x7ee49fdf80b0>]}
[0m23:17:45.896626 [debug] [Thread-2 (]: Sending event: {'category': 'dbt', 'action': 'run_model', 'label': '5ad23923-a040-494f-aef4-1d565f52057a', 'context': [<snowplow_tracker.self_describing_json.SelfDescribingJson object at 0x7ee4a5a7ffb0>]}
[0m23:17:45.896409 [info ] [Thread-1 (]: 9 of 11 OK created sql table model public.dash_admission_overview .............. [[32mSELECT 0[0m in 0.03s]
[0m23:17:45.896991 [info ] [Thread-2 (]: 10 of 11 OK created sql table model public.dash_competition_heatmap ............ [[32mSELECT 0[0m in 0.03s]
[0m23:17:45.897289 [debug] [Thread-1 (]: Finished running node model.liuxue_warehouse.dash_admission_overview
[0m23:17:45.897551 [debug] [Thread-2 (]: Finished running node model.liuxue_warehouse.dash_competition_heatmap
[0m23:17:45.897760 [debug] [Thread-1 (]: Began running node model.liuxue_warehouse.dash_top_schools
[0m23:17:45.898040 [info ] [Thread-1 (]: 11 of 11 START sql table model public.dash_top_schools ......................... [RUN]
[0m23:17:45.898255 [debug] [Thread-1 (]: Re-using an available connection from the pool (formerly model.liuxue_warehouse.dash_admission_overview, now model.liuxue_warehouse.dash_top_schools)
[0m23:17:45.898444 [debug] [Thread-1 (]: Began compiling node model.liuxue_warehouse.dash_top_schools
[0m23:17:45.899555 [debug] [Thread-1 (]: Writing injected SQL for node "model.liuxue_warehouse.dash_top_schools"
[0m23:17:45.899834 [debug] [Thread-1 (]: Began executing node model.liuxue_warehouse.dash_top_schools
[0m23:17:45.901463 [debug] [Thread-1 (]: Writing runtime sql for node "model.liuxue_warehouse.dash_top_schools"
[0m23:17:45.901741 [debug] [Thread-1 (]: Using postgres connection "model.liuxue_warehouse.dash_top_schools"
[0m23:17:45.901945 [debug] [Thread-1 (]: On model.liuxue_warehouse.dash_top_schools: /* {"app": "dbt", "dbt_version": "1.11.7", "profile_name": "liuxue", "target_name": "local", "node_id": "model.liuxue_warehouse.dash_top_schools"} */

  
    

  create  table "warehouse"."public"."dash_top_schools__dbt_tmp"
  
  
    as
  
  (
    -- BI看板：Top 20 热门学校
SELECT
    school,
    degree,
    COUNT(DISTINCT program) AS program_diversity,
    SUM(sample_size) AS total_samples,
    ROUND(AVG(acceptance_rate)::numeric, 3) AS avg_acceptance_rate,
    ROUND(AVG(gpa_p50)::numeric, 2) AS avg_gpa_median,
    MAX(tier) AS top_tier
FROM "warehouse"."public"."mart_school_admission_stats"
GROUP BY school, degree
HAVING SUM(sample_size) >= 20
ORDER BY total_samples DESC
LIMIT 20
  );
  
[0m23:17:45.902128 [debug] [Thread-1 (]: Opening a new connection, currently in state closed
[0m23:17:45.905518 [debug] [Thread-1 (]: SQL status: SELECT 0 in 0.003 seconds
[0m23:17:45.907509 [debug] [Thread-1 (]: Using postgres connection "model.liuxue_warehouse.dash_top_schools"
[0m23:17:45.907717 [debug] [Thread-1 (]: On model.liuxue_warehouse.dash_top_schools: /* {"app": "dbt", "dbt_version": "1.11.7", "profile_name": "liuxue", "target_name": "local", "node_id": "model.liuxue_warehouse.dash_top_schools"} */
alter table "warehouse"."public"."dash_top_schools" rename to "dash_top_schools__dbt_backup"
[0m23:17:45.908006 [debug] [Thread-1 (]: SQL status: ALTER TABLE in 0.000 seconds
[0m23:17:45.909221 [debug] [Thread-1 (]: Using postgres connection "model.liuxue_warehouse.dash_top_schools"
[0m23:17:45.909422 [debug] [Thread-1 (]: On model.liuxue_warehouse.dash_top_schools: /* {"app": "dbt", "dbt_version": "1.11.7", "profile_name": "liuxue", "target_name": "local", "node_id": "model.liuxue_warehouse.dash_top_schools"} */
alter table "warehouse"."public"."dash_top_schools__dbt_tmp" rename to "dash_top_schools"
[0m23:17:45.909667 [debug] [Thread-1 (]: SQL status: ALTER TABLE in 0.000 seconds
[0m23:17:45.910434 [debug] [Thread-1 (]: On model.liuxue_warehouse.dash_top_schools: COMMIT
[0m23:17:45.910631 [debug] [Thread-1 (]: Using postgres connection "model.liuxue_warehouse.dash_top_schools"
[0m23:17:45.910804 [debug] [Thread-1 (]: On model.liuxue_warehouse.dash_top_schools: COMMIT
[0m23:17:45.911308 [debug] [Thread-1 (]: SQL status: COMMIT in 0.000 seconds
[0m23:17:45.912264 [debug] [Thread-1 (]: Applying DROP to: "warehouse"."public"."dash_top_schools__dbt_backup"
[0m23:17:45.912672 [debug] [Thread-1 (]: Using postgres connection "model.liuxue_warehouse.dash_top_schools"
[0m23:17:45.912856 [debug] [Thread-1 (]: On model.liuxue_warehouse.dash_top_schools: /* {"app": "dbt", "dbt_version": "1.11.7", "profile_name": "liuxue", "target_name": "local", "node_id": "model.liuxue_warehouse.dash_top_schools"} */
drop table if exists "warehouse"."public"."dash_top_schools__dbt_backup" cascade
[0m23:17:45.913856 [debug] [Thread-1 (]: SQL status: DROP TABLE in 0.001 seconds
[0m23:17:45.914409 [debug] [Thread-1 (]: On model.liuxue_warehouse.dash_top_schools: Close
[0m23:17:45.914702 [debug] [Thread-1 (]: Sending event: {'category': 'dbt', 'action': 'run_model', 'label': '5ad23923-a040-494f-aef4-1d565f52057a', 'context': [<snowplow_tracker.self_describing_json.SelfDescribingJson object at 0x7ee4a09da270>]}
[0m23:17:45.915001 [info ] [Thread-1 (]: 11 of 11 OK created sql table model public.dash_top_schools .................... [[32mSELECT 0[0m in 0.02s]
[0m23:17:45.915263 [debug] [Thread-1 (]: Finished running node model.liuxue_warehouse.dash_top_schools
[0m23:17:45.915841 [debug] [MainThread]: On master: COMMIT
[0m23:17:45.916048 [debug] [MainThread]: Using postgres connection "master"
[0m23:17:45.916218 [debug] [MainThread]: On master: COMMIT
[0m23:17:45.916373 [debug] [MainThread]: Opening a new connection, currently in state closed
[0m23:17:45.918774 [debug] [MainThread]: SQL status: COMMIT in 0.002 seconds
[0m23:17:45.918964 [debug] [MainThread]: On master: Close
[0m23:17:45.919220 [debug] [MainThread]: Connection 'master' was properly closed.
[0m23:17:45.919393 [debug] [MainThread]: Connection 'model.liuxue_warehouse.dash_top_schools' was properly closed.
[0m23:17:45.919540 [debug] [MainThread]: Connection 'model.liuxue_warehouse.dash_competition_heatmap' was properly closed.
[0m23:17:45.919736 [info ] [MainThread]: 
[0m23:17:45.919918 [info ] [MainThread]: Finished running 9 table models, 2 view models in 0 hours 0 minutes and 0.28 seconds (0.28s).
[0m23:17:45.920694 [debug] [MainThread]: Command end result
[0m23:17:45.928206 [debug] [MainThread]: Wrote artifact WritableManifest to /home/zp/work/guoji-agent/dbt_liuxue/target/manifest.json
[0m23:17:45.928997 [debug] [MainThread]: Wrote artifact SemanticManifest to /home/zp/work/guoji-agent/dbt_liuxue/target/semantic_manifest.json
[0m23:17:45.931624 [debug] [MainThread]: Wrote artifact RunExecutionResult to /home/zp/work/guoji-agent/dbt_liuxue/target/run_results.json
[0m23:17:45.931809 [info ] [MainThread]: 
[0m23:17:45.931997 [info ] [MainThread]: [32mCompleted successfully[0m
[0m23:17:45.932156 [info ] [MainThread]: 
[0m23:17:45.932320 [info ] [MainThread]: Done. PASS=11 WARN=0 ERROR=0 SKIP=0 NO-OP=0 TOTAL=11
[0m23:17:45.932741 [debug] [MainThread]: Resource report: {"command_name": "run", "command_success": true, "command_wall_clock_time": 0.6102377, "process_in_blocks": "0", "process_kernel_time": 0.095535, "process_mem_max_rss": "127896", "process_out_blocks": "2336", "process_user_time": 1.190212}
[0m23:17:45.932980 [debug] [MainThread]: Command `dbt run` succeeded at 23:17:45.932938 after 0.61 seconds
[0m23:17:45.933162 [debug] [MainThread]: Sending event: {'category': 'dbt', 'action': 'invocation', 'label': 'end', 'context': [<snowplow_tracker.self_describing_json.SelfDescribingJson object at 0x7ee49fd8d580>, <snowplow_tracker.self_describing_json.SelfDescribingJson object at 0x7ee4a34715e0>, <snowplow_tracker.self_describing_json.SelfDescribingJson object at 0x7ee49fdba810>]}
[0m23:17:45.933353 [debug] [MainThread]: Flushing usage events
[0m23:17:48.626450 [debug] [MainThread]: An error was encountered while trying to flush usage events
[0m23:18:30.584522 [debug] [MainThread]: Sending event: {'category': 'dbt', 'action': 'invocation', 'label': 'start', 'context': [<snowplow_tracker.self_describing_json.SelfDescribingJson object at 0x72b5707b4770>, <snowplow_tracker.self_describing_json.SelfDescribingJson object at 0x72b570670170>, <snowplow_tracker.self_describing_json.SelfDescribingJson object at 0x72b5710ef230>]}


============================== 23:18:30.586087 | ac6cc329-2466-4419-8f47-111b759adcc0 ==============================
[0m23:18:30.586087 [info ] [MainThread]: Running with dbt=1.11.7
[0m23:18:30.586353 [debug] [MainThread]: running dbt with arguments {'target_path': 'None', 'warn_error': 'None', 'log_format': 'default', 'indirect_selection': 'eager', 'partial_parse': 'True', 'write_json': 'True', 'debug': 'False', 'warn_error_options': 'WarnErrorOptionsV2(error=[], warn=[], silence=[])', 'log_cache_events': 'False', 'printer_width': '80', 'empty': 'False', 'no_print': 'None', 'invocation_command': 'dbt run --full-refresh', 'quiet': 'False', 'use_colors': 'True', 'profiles_dir': '/home/zp/work/guoji-agent/dbt_liuxue', 'send_anonymous_usage_stats': 'True', 'static_parser': 'True', 'fail_fast': 'False', 'cache_selected_only': 'False', 'introspect': 'True', 'log_path': '/home/zp/work/guoji-agent/dbt_liuxue/logs', 'version_check': 'True', 'use_experimental_parser': 'False'}
[0m23:18:30.696783 [debug] [MainThread]: Sending event: {'category': 'dbt', 'action': 'project_id', 'label': 'ac6cc329-2466-4419-8f47-111b759adcc0', 'context': [<snowplow_tracker.self_describing_json.SelfDescribingJson object at 0x72b572e417c0>]}
[0m23:18:30.737327 [debug] [MainThread]: Sending event: {'category': 'dbt', 'action': 'adapter_info', 'label': 'ac6cc329-2466-4419-8f47-111b759adcc0', 'context': [<snowplow_tracker.self_describing_json.SelfDescribingJson object at 0x72b5704db740>]}
[0m23:18:30.737747 [info ] [MainThread]: Registered adapter: postgres=1.10.0
[0m23:18:30.763667 [debug] [MainThread]: checksum: b80718358155fc17c3559352095564dd56ada1cc1a1c0ef2e62c857e71583775, vars: {}, profile: , target: , version: 1.11.7
[0m23:18:30.805066 [debug] [MainThread]: Partial parsing enabled: 0 files deleted, 0 files added, 1 files changed.
[0m23:18:30.805383 [debug] [MainThread]: Partial parsing: updated file: liuxue_warehouse://models/intermediate/int_admissions_cleaned.sql
[0m23:18:30.955412 [debug] [MainThread]: Sending event: {'category': 'dbt', 'action': 'load_project', 'label': 'ac6cc329-2466-4419-8f47-111b759adcc0', 'context': [<snowplow_tracker.self_describing_json.SelfDescribingJson object at 0x72b56e3d1250>]}
[0m23:18:31.011932 [debug] [MainThread]: Wrote artifact WritableManifest to /home/zp/work/guoji-agent/dbt_liuxue/target/manifest.json
[0m23:18:31.014231 [debug] [MainThread]: Wrote artifact SemanticManifest to /home/zp/work/guoji-agent/dbt_liuxue/target/semantic_manifest.json
[0m23:18:31.019845 [debug] [MainThread]: Sending event: {'category': 'dbt', 'action': 'resource_counts', 'label': 'ac6cc329-2466-4419-8f47-111b759adcc0', 'context': [<snowplow_tracker.self_describing_json.SelfDescribingJson object at 0x72b56eb93c50>]}
[0m23:18:31.020086 [info ] [MainThread]: Found 11 models, 1 source, 465 macros
[0m23:18:31.020261 [debug] [MainThread]: Sending event: {'category': 'dbt', 'action': 'runnable_timing', 'label': 'ac6cc329-2466-4419-8f47-111b759adcc0', 'context': [<snowplow_tracker.self_describing_json.SelfDescribingJson object at 0x72b56ef7d790>]}
[0m23:18:31.021195 [info ] [MainThread]: 
[0m23:18:31.021396 [info ] [MainThread]: Concurrency: 2 threads (target='local')
[0m23:18:31.021557 [info ] [MainThread]: 
[0m23:18:31.021788 [debug] [MainThread]: Acquiring new postgres connection 'master'
[0m23:18:31.023671 [debug] [ThreadPool]: Acquiring new postgres connection 'list_warehouse'
[0m23:18:31.035228 [debug] [ThreadPool]: Using postgres connection "list_warehouse"
[0m23:18:31.035432 [debug] [ThreadPool]: On list_warehouse: /* {"app": "dbt", "dbt_version": "1.11.7", "profile_name": "liuxue", "target_name": "local", "connection_name": "list_warehouse"} */

    select distinct nspname from pg_namespace
  
[0m23:18:31.035602 [debug] [ThreadPool]: Opening a new connection, currently in state init
[0m23:18:31.039991 [debug] [ThreadPool]: SQL status: SELECT 5 in 0.004 seconds
[0m23:18:31.040585 [debug] [ThreadPool]: On list_warehouse: Close
[0m23:18:31.041557 [debug] [ThreadPool]: Re-using an available connection from the pool (formerly list_warehouse, now list_warehouse_public)
[0m23:18:31.044346 [debug] [ThreadPool]: Using postgres connection "list_warehouse_public"
[0m23:18:31.044590 [debug] [ThreadPool]: On list_warehouse_public: /* {"app": "dbt", "dbt_version": "1.11.7", "profile_name": "liuxue", "target_name": "local", "connection_name": "list_warehouse_public"} */
select
      'warehouse' as database,
      tablename as name,
      schemaname as schema,
      'table' as type
    from pg_tables
    where schemaname ilike 'public'
    union all
    select
      'warehouse' as database,
      viewname as name,
      schemaname as schema,
      'view' as type
    from pg_views
    where schemaname ilike 'public'
    union all
    select
      'warehouse' as database,
      matviewname as name,
      schemaname as schema,
      'materialized_view' as type
    from pg_matviews
    where schemaname ilike 'public'
  
[0m23:18:31.044804 [debug] [ThreadPool]: Opening a new connection, currently in state closed
[0m23:18:31.050057 [debug] [ThreadPool]: SQL status: SELECT 11 in 0.005 seconds
[0m23:18:31.051253 [debug] [ThreadPool]: On list_warehouse_public: ROLLBACK
[0m23:18:31.051804 [debug] [ThreadPool]: On list_warehouse_public: Close
[0m23:18:31.057638 [debug] [MainThread]: Using postgres connection "master"
[0m23:18:31.058058 [debug] [MainThread]: On master: /* {"app": "dbt", "dbt_version": "1.11.7", "profile_name": "liuxue", "target_name": "local", "connection_name": "master"} */
select distinct
        dependent_namespace.nspname as dependent_schema,
        dependent_class.relname as dependent_name,
        referenced_namespace.nspname as referenced_schema,
        referenced_class.relname as referenced_name

    -- Query for views: views are entries in pg_class with an entry in pg_rewrite, but we avoid
    -- a seq scan on pg_rewrite by leveraging the fact there is an "internal" row in pg_depend for
    -- the view...
    from pg_class as dependent_class
    join pg_namespace as dependent_namespace on dependent_namespace.oid = dependent_class.relnamespace
    join pg_depend as dependent_depend on dependent_depend.refobjid = dependent_class.oid
        and dependent_depend.classid = 'pg_rewrite'::regclass
        and dependent_depend.refclassid = 'pg_class'::regclass
        and dependent_depend.deptype = 'i'

    -- ... and via pg_depend (that has a row per column, hence the need for "distinct" above, and
    -- making sure to exclude the internal row to avoid a view appearing to depend on itself)...
    join pg_depend as joining_depend on joining_depend.objid = dependent_depend.objid
        and joining_depend.classid = 'pg_rewrite'::regclass
        and joining_depend.refclassid = 'pg_class'::regclass
        and joining_depend.refobjid != dependent_depend.refobjid

    -- ... we can find the tables they query from in pg_class, but excluding system tables. Note we
    -- don't need need to exclude _dependent_ system tables, because they only query from other
    -- system tables, and so are automatically excluded by excluding _referenced_ system tables
    join pg_class as referenced_class on referenced_class.oid = joining_depend.refobjid
    join pg_namespace as referenced_namespace on referenced_namespace.oid = referenced_class.relnamespace
        and referenced_namespace.nspname != 'information_schema'
        and referenced_namespace.nspname not like 'pg\_%'

    order by
        dependent_schema, dependent_name, referenced_schema, referenced_name;
[0m23:18:31.058401 [debug] [MainThread]: Opening a new connection, currently in state init
[0m23:18:31.064450 [debug] [MainThread]: SQL status: SELECT 2 in 0.006 seconds
[0m23:18:31.065514 [debug] [MainThread]: Sending event: {'category': 'dbt', 'action': 'runnable_timing', 'label': 'ac6cc329-2466-4419-8f47-111b759adcc0', 'context': [<snowplow_tracker.self_describing_json.SelfDescribingJson object at 0x72b56eb93c20>]}
[0m23:18:31.065949 [debug] [MainThread]: On master: ROLLBACK
[0m23:18:31.066459 [debug] [MainThread]: On master: COMMIT
[0m23:18:31.066830 [debug] [MainThread]: Using postgres connection "master"
[0m23:18:31.067105 [debug] [MainThread]: On master: COMMIT
[0m23:18:31.067444 [debug] [MainThread]: SQL status: COMMIT in 0.000 seconds
[0m23:18:31.067715 [debug] [MainThread]: On master: Close
[0m23:18:31.069823 [debug] [Thread-1 (]: Began running node model.liuxue_warehouse.stg_gradcafe_admissions
[0m23:18:31.070190 [debug] [Thread-2 (]: Began running node model.liuxue_warehouse.stg_school_info
[0m23:18:31.070637 [info ] [Thread-1 (]: 1 of 11 START sql view model public.stg_gradcafe_admissions .................... [RUN]
[0m23:18:31.071069 [info ] [Thread-2 (]: 2 of 11 START sql view model public.stg_school_info ............................ [RUN]
[0m23:18:31.071426 [debug] [Thread-1 (]: Re-using an available connection from the pool (formerly list_warehouse_public, now model.liuxue_warehouse.stg_gradcafe_admissions)
[0m23:18:31.071833 [debug] [Thread-2 (]: Acquiring new postgres connection 'model.liuxue_warehouse.stg_school_info'
[0m23:18:31.072153 [debug] [Thread-1 (]: Began compiling node model.liuxue_warehouse.stg_gradcafe_admissions
[0m23:18:31.072458 [debug] [Thread-2 (]: Began compiling node model.liuxue_warehouse.stg_school_info
[0m23:18:31.078058 [debug] [Thread-1 (]: Writing injected SQL for node "model.liuxue_warehouse.stg_gradcafe_admissions"
[0m23:18:31.081277 [debug] [Thread-2 (]: Writing injected SQL for node "model.liuxue_warehouse.stg_school_info"
[0m23:18:31.082168 [debug] [Thread-1 (]: Began executing node model.liuxue_warehouse.stg_gradcafe_admissions
[0m23:18:31.092882 [debug] [Thread-2 (]: Began executing node model.liuxue_warehouse.stg_school_info
[0m23:18:31.105448 [debug] [Thread-1 (]: Writing runtime sql for node "model.liuxue_warehouse.stg_gradcafe_admissions"
[0m23:18:31.105739 [debug] [Thread-2 (]: Writing runtime sql for node "model.liuxue_warehouse.stg_school_info"
[0m23:18:31.106135 [debug] [Thread-2 (]: Using postgres connection "model.liuxue_warehouse.stg_school_info"
[0m23:18:31.106344 [debug] [Thread-2 (]: On model.liuxue_warehouse.stg_school_info: /* {"app": "dbt", "dbt_version": "1.11.7", "profile_name": "liuxue", "target_name": "local", "node_id": "model.liuxue_warehouse.stg_school_info"} */

  create view "warehouse"."public"."stg_school_info__dbt_tmp"
    
    
  as (
    -- 从录取数据中提取学校标准化名称
-- 注：完整的大学信息（排名/国家/官网）通过 sync_rankings.py 单独采集
WITH distinct_schools AS (
    SELECT DISTINCT
        school,
        '' AS country,
        NULL::integer AS qs_rank,
        NULL::integer AS usnews_rank
    FROM raw.gradcafe_admissions
    WHERE school IS NOT NULL
)
SELECT
    ROW_NUMBER() OVER () AS school_id,
    school,
    country,
    qs_rank,
    usnews_rank
FROM distinct_schools
  );
[0m23:18:31.106542 [debug] [Thread-2 (]: Opening a new connection, currently in state init
[0m23:18:31.106833 [debug] [Thread-1 (]: Using postgres connection "model.liuxue_warehouse.stg_gradcafe_admissions"
[0m23:18:31.107078 [debug] [Thread-1 (]: On model.liuxue_warehouse.stg_gradcafe_admissions: /* {"app": "dbt", "dbt_version": "1.11.7", "profile_name": "liuxue", "target_name": "local", "node_id": "model.liuxue_warehouse.stg_gradcafe_admissions"} */

  create view "warehouse"."public"."stg_gradcafe_admissions__dbt_tmp"
    
    
  as (
    -- 清洗 GradCafe 原始数据：类型转换、过滤无效记录
WITH cleaned AS (
    SELECT
        id,
        school,
        program,
        -- 推断学位层级
        CASE
            WHEN program ILIKE '%phd%' OR program ILIKE '%doctor%' THEN 'PhD'
            WHEN program ILIKE '%master%' OR program ILIKE '%ms %' OR program ILIKE '%m.eng%'
                OR program ILIKE '%mba%' OR program ILIKE '%m.a.%' THEN 'Masters'
            WHEN program ILIKE '%bachelor%' OR program ILIKE '%b.s.%' OR program ILIKE '%undergrad%' THEN 'Bachelors'
            ELSE 'Other'
        END AS degree,
        season,
        year,
        nationality,
        CASE
            WHEN decision ILIKE '%accept%' THEN 'Accepted'
            WHEN decision ILIKE '%reject%' THEN 'Rejected'
            WHEN decision ILIKE '%wait%' THEN 'Waitlisted'
            WHEN decision ILIKE '%interview%' THEN 'Interview'
            ELSE 'Other'
        END AS decision,
        decision_date,
        -- GPA 范围校验
        CASE WHEN gpa > 0 AND gpa <= 4.0 THEN gpa ELSE NULL END AS gpa,
        CASE WHEN gre_q >= 130 AND gre_q <= 170 THEN gre_q ELSE NULL END AS gre_q,
        CASE WHEN gre_v >= 130 AND gre_v <= 170 THEN gre_v ELSE NULL END AS gre_v,
        CASE WHEN gre_aw >= 0 AND gre_aw <= 6.0 THEN gre_aw ELSE NULL END AS gre_aw,
        CASE WHEN toefl >= 0 AND toefl <= 120 THEN toefl ELSE NULL END AS toefl,
        comment,
        source_url,
        major_category,
        crawled_at
    FROM raw.gradcafe_admissions
    WHERE school IS NOT NULL
      AND school != ''
)
SELECT * FROM cleaned
  );
[0m23:18:31.107286 [debug] [Thread-1 (]: Opening a new connection, currently in state closed
[0m23:18:31.109718 [debug] [Thread-2 (]: SQL status: CREATE VIEW in 0.003 seconds
[0m23:18:31.112476 [debug] [Thread-2 (]: Using postgres connection "model.liuxue_warehouse.stg_school_info"
[0m23:18:31.112725 [debug] [Thread-1 (]: SQL status: CREATE VIEW in 0.005 seconds
[0m23:18:31.112957 [debug] [Thread-2 (]: On model.liuxue_warehouse.stg_school_info: /* {"app": "dbt", "dbt_version": "1.11.7", "profile_name": "liuxue", "target_name": "local", "node_id": "model.liuxue_warehouse.stg_school_info"} */
alter table "warehouse"."public"."stg_school_info" rename to "stg_school_info__dbt_backup"
[0m23:18:31.114466 [debug] [Thread-1 (]: Using postgres connection "model.liuxue_warehouse.stg_gradcafe_admissions"
[0m23:18:31.114716 [debug] [Thread-1 (]: On model.liuxue_warehouse.stg_gradcafe_admissions: /* {"app": "dbt", "dbt_version": "1.11.7", "profile_name": "liuxue", "target_name": "local", "node_id": "model.liuxue_warehouse.stg_gradcafe_admissions"} */
alter table "warehouse"."public"."stg_gradcafe_admissions" rename to "stg_gradcafe_admissions__dbt_backup"
[0m23:18:31.114926 [debug] [Thread-2 (]: SQL status: ALTER TABLE in 0.000 seconds
[0m23:18:31.116255 [debug] [Thread-2 (]: Using postgres connection "model.liuxue_warehouse.stg_school_info"
[0m23:18:31.116457 [debug] [Thread-1 (]: SQL status: ALTER TABLE in 0.001 seconds
[0m23:18:31.116640 [debug] [Thread-2 (]: On model.liuxue_warehouse.stg_school_info: /* {"app": "dbt", "dbt_version": "1.11.7", "profile_name": "liuxue", "target_name": "local", "node_id": "model.liuxue_warehouse.stg_school_info"} */
alter table "warehouse"."public"."stg_school_info__dbt_tmp" rename to "stg_school_info"
[0m23:18:31.118039 [debug] [Thread-1 (]: Using postgres connection "model.liuxue_warehouse.stg_gradcafe_admissions"
[0m23:18:31.118295 [debug] [Thread-1 (]: On model.liuxue_warehouse.stg_gradcafe_admissions: /* {"app": "dbt", "dbt_version": "1.11.7", "profile_name": "liuxue", "target_name": "local", "node_id": "model.liuxue_warehouse.stg_gradcafe_admissions"} */
alter table "warehouse"."public"."stg_gradcafe_admissions__dbt_tmp" rename to "stg_gradcafe_admissions"
[0m23:18:31.118507 [debug] [Thread-2 (]: SQL status: ALTER TABLE in 0.000 seconds
[0m23:18:31.123953 [debug] [Thread-1 (]: SQL status: ALTER TABLE in 0.005 seconds
[0m23:18:31.126823 [debug] [Thread-2 (]: On model.liuxue_warehouse.stg_school_info: COMMIT
[0m23:18:31.127653 [debug] [Thread-1 (]: On model.liuxue_warehouse.stg_gradcafe_admissions: COMMIT
[0m23:18:31.127870 [debug] [Thread-2 (]: Using postgres connection "model.liuxue_warehouse.stg_school_info"
[0m23:18:31.128077 [debug] [Thread-1 (]: Using postgres connection "model.liuxue_warehouse.stg_gradcafe_admissions"
[0m23:18:31.128318 [debug] [Thread-2 (]: On model.liuxue_warehouse.stg_school_info: COMMIT
[0m23:18:31.128522 [debug] [Thread-1 (]: On model.liuxue_warehouse.stg_gradcafe_admissions: COMMIT
[0m23:18:31.129297 [debug] [Thread-2 (]: SQL status: COMMIT in 0.001 seconds
[0m23:18:31.131998 [debug] [Thread-2 (]: Applying DROP to: "warehouse"."public"."stg_school_info__dbt_backup"
[0m23:18:31.132214 [debug] [Thread-1 (]: SQL status: COMMIT in 0.003 seconds
[0m23:18:31.134550 [debug] [Thread-2 (]: Using postgres connection "model.liuxue_warehouse.stg_school_info"
[0m23:18:31.135990 [debug] [Thread-1 (]: Applying DROP to: "warehouse"."public"."stg_gradcafe_admissions__dbt_backup"
[0m23:18:31.136200 [debug] [Thread-2 (]: On model.liuxue_warehouse.stg_school_info: /* {"app": "dbt", "dbt_version": "1.11.7", "profile_name": "liuxue", "target_name": "local", "node_id": "model.liuxue_warehouse.stg_school_info"} */
drop view if exists "warehouse"."public"."stg_school_info__dbt_backup" cascade
[0m23:18:31.136599 [debug] [Thread-1 (]: Using postgres connection "model.liuxue_warehouse.stg_gradcafe_admissions"
[0m23:18:31.136815 [debug] [Thread-1 (]: On model.liuxue_warehouse.stg_gradcafe_admissions: /* {"app": "dbt", "dbt_version": "1.11.7", "profile_name": "liuxue", "target_name": "local", "node_id": "model.liuxue_warehouse.stg_gradcafe_admissions"} */
drop view if exists "warehouse"."public"."stg_gradcafe_admissions__dbt_backup" cascade
[0m23:18:31.137563 [debug] [Thread-2 (]: SQL status: DROP VIEW in 0.001 seconds
[0m23:18:31.138610 [debug] [Thread-2 (]: On model.liuxue_warehouse.stg_school_info: Close
[0m23:18:31.138819 [debug] [Thread-1 (]: SQL status: DROP VIEW in 0.002 seconds
[0m23:18:31.139408 [debug] [Thread-1 (]: On model.liuxue_warehouse.stg_gradcafe_admissions: Close
[0m23:18:31.140302 [debug] [Thread-2 (]: Sending event: {'category': 'dbt', 'action': 'run_model', 'label': 'ac6cc329-2466-4419-8f47-111b759adcc0', 'context': [<snowplow_tracker.self_describing_json.SelfDescribingJson object at 0x72b56c152f90>]}
[0m23:18:31.140511 [debug] [Thread-1 (]: Sending event: {'category': 'dbt', 'action': 'run_model', 'label': 'ac6cc329-2466-4419-8f47-111b759adcc0', 'context': [<snowplow_tracker.self_describing_json.SelfDescribingJson object at 0x72b57161cad0>]}
[0m23:18:31.140836 [info ] [Thread-2 (]: 2 of 11 OK created sql view model public.stg_school_info ....................... [[32mCREATE VIEW[0m in 0.07s]
[0m23:18:31.141160 [info ] [Thread-1 (]: 1 of 11 OK created sql view model public.stg_gradcafe_admissions ............... [[32mCREATE VIEW[0m in 0.07s]
[0m23:18:31.141451 [debug] [Thread-2 (]: Finished running node model.liuxue_warehouse.stg_school_info
[0m23:18:31.141712 [debug] [Thread-1 (]: Finished running node model.liuxue_warehouse.stg_gradcafe_admissions
[0m23:18:31.142195 [debug] [Thread-2 (]: Began running node model.liuxue_warehouse.feat_gre_impact
[0m23:18:31.142384 [debug] [Thread-1 (]: Began running node model.liuxue_warehouse.int_admissions_cleaned
[0m23:18:31.142598 [info ] [Thread-2 (]: 3 of 11 START sql table model public.feat_gre_impact ........................... [RUN]
[0m23:18:31.142837 [info ] [Thread-1 (]: 4 of 11 START sql table model public.int_admissions_cleaned .................... [RUN]
[0m23:18:31.143049 [debug] [Thread-2 (]: Re-using an available connection from the pool (formerly model.liuxue_warehouse.stg_school_info, now model.liuxue_warehouse.feat_gre_impact)
[0m23:18:31.143259 [debug] [Thread-1 (]: Re-using an available connection from the pool (formerly model.liuxue_warehouse.stg_gradcafe_admissions, now model.liuxue_warehouse.int_admissions_cleaned)
[0m23:18:31.143448 [debug] [Thread-2 (]: Began compiling node model.liuxue_warehouse.feat_gre_impact
[0m23:18:31.143631 [debug] [Thread-1 (]: Began compiling node model.liuxue_warehouse.int_admissions_cleaned
[0m23:18:31.144840 [debug] [Thread-2 (]: Writing injected SQL for node "model.liuxue_warehouse.feat_gre_impact"
[0m23:18:31.146036 [debug] [Thread-1 (]: Writing injected SQL for node "model.liuxue_warehouse.int_admissions_cleaned"
[0m23:18:31.146349 [debug] [Thread-2 (]: Began executing node model.liuxue_warehouse.feat_gre_impact
[0m23:18:31.151636 [debug] [Thread-1 (]: Began executing node model.liuxue_warehouse.int_admissions_cleaned
[0m23:18:31.155597 [debug] [Thread-2 (]: Writing runtime sql for node "model.liuxue_warehouse.feat_gre_impact"
[0m23:18:31.157154 [debug] [Thread-1 (]: Writing runtime sql for node "model.liuxue_warehouse.int_admissions_cleaned"
[0m23:18:31.157474 [debug] [Thread-2 (]: Using postgres connection "model.liuxue_warehouse.feat_gre_impact"
[0m23:18:31.157692 [debug] [Thread-2 (]: On model.liuxue_warehouse.feat_gre_impact: /* {"app": "dbt", "dbt_version": "1.11.7", "profile_name": "liuxue", "target_name": "local", "node_id": "model.liuxue_warehouse.feat_gre_impact"} */

  
    

  create  table "warehouse"."public"."feat_gre_impact__dbt_tmp"
  
  
    as
  
  (
    -- GRE 成绩对录取的影响分析
SELECT
    school, program, degree,
    ROUND(AVG(gre_q)::numeric, 1) AS gre_q_mean,
    ROUND(AVG(gre_v)::numeric, 1) AS gre_v_mean,
    -- 国际生录取中 GRE Q 的关键度
    ROUND(
        AVG(CASE WHEN gre_q >= 165 THEN 1.0 ELSE 0.0 END)::numeric, 2
    ) AS gre_q_high_ratio,
    -- GRE 对录取的区分度
    ROUND(
        (
            AVG(CASE WHEN decision = 'Accepted' AND gre_q IS NOT NULL THEN gre_q END) -
            AVG(CASE WHEN decision = 'Rejected' AND gre_q IS NOT NULL THEN gre_q END)
        )::numeric, 1
    ) AS gre_q_acceptance_delta,
    COUNT(*) FILTER (WHERE gre_q IS NOT NULL) AS gre_samples
FROM "warehouse"."public"."stg_gradcafe_admissions"
WHERE degree IN ('Masters', 'PhD')
  AND gre_q IS NOT NULL
GROUP BY school, program, degree
HAVING COUNT(*) FILTER (WHERE gre_q IS NOT NULL) >= 5
  );
  
[0m23:18:31.157921 [debug] [Thread-1 (]: Using postgres connection "model.liuxue_warehouse.int_admissions_cleaned"
[0m23:18:31.158100 [debug] [Thread-2 (]: Opening a new connection, currently in state closed
[0m23:18:31.158315 [debug] [Thread-1 (]: On model.liuxue_warehouse.int_admissions_cleaned: /* {"app": "dbt", "dbt_version": "1.11.7", "profile_name": "liuxue", "target_name": "local", "node_id": "model.liuxue_warehouse.int_admissions_cleaned"} */

  
    

  create  table "warehouse"."public"."int_admissions_cleaned__dbt_tmp"
  
  
    as
  
  (
    -- 中间层：录取数据按校/专业聚合，计算竞争度
WITH base AS (
    SELECT
        school, program, degree, season, year,
        nationality, decision, gpa, gre_q, gre_v, gre_aw, toefl,
        major_category
    FROM "warehouse"."public"."stg_gradcafe_admissions"
    WHERE gpa IS NOT NULL
      AND degree IN ('Masters', 'PhD', 'Bachelors')
)
SELECT
    school,
    program,
    degree,
    season,
    year,
    -- 录取统计
    COUNT(*) AS total_cases,
    SUM(CASE WHEN decision = 'Accepted' THEN 1 ELSE 0 END) AS accepted_count,
    SUM(CASE WHEN decision = 'Rejected' THEN 1 ELSE 0 END) AS rejected_count,
    ROUND(
        SUM(CASE WHEN decision = 'Accepted' THEN 1.0 ELSE 0 END) / NULLIF(COUNT(*), 0), 3
    ) AS acceptance_rate,
    -- GPA 分位数
    ROUND(AVG(gpa)::numeric, 2) AS gpa_mean,
    ROUND(PERCENTILE_CONT(0.25) WITHIN GROUP (ORDER BY gpa)::numeric, 2) AS gpa_p25,
    ROUND(PERCENTILE_CONT(0.50) WITHIN GROUP (ORDER BY gpa)::numeric, 2) AS gpa_p50,
    ROUND(PERCENTILE_CONT(0.75) WITHIN GROUP (ORDER BY gpa)::numeric, 2) AS gpa_p75,
    -- GRE 统计
    ROUND(AVG(gre_q)::numeric, 1) AS gre_q_mean,
    ROUND(AVG(gre_v)::numeric, 1) AS gre_v_mean,
    -- 国际生占比
    ROUND(
        SUM(CASE WHEN nationality = 'International' THEN 1.0 ELSE 0 END) / NULLIF(COUNT(*), 0), 3
    ) AS international_ratio,
    -- 样本量
    COUNT(*) FILTER (WHERE gpa IS NOT NULL) AS gpa_samples
FROM base
GROUP BY school, program, degree, season, year
HAVING COUNT(*) >= 3  -- 至少 3 条案例才纳入统计
  );
  
[0m23:18:31.158574 [debug] [Thread-1 (]: Opening a new connection, currently in state closed
[0m23:18:31.162962 [debug] [Thread-2 (]: SQL status: SELECT 0 in 0.005 seconds
[0m23:18:31.165841 [debug] [Thread-2 (]: Using postgres connection "model.liuxue_warehouse.feat_gre_impact"
[0m23:18:31.166065 [debug] [Thread-1 (]: SQL status: SELECT 0 in 0.007 seconds
[0m23:18:31.166274 [debug] [Thread-2 (]: On model.liuxue_warehouse.feat_gre_impact: /* {"app": "dbt", "dbt_version": "1.11.7", "profile_name": "liuxue", "target_name": "local", "node_id": "model.liuxue_warehouse.feat_gre_impact"} */
alter table "warehouse"."public"."feat_gre_impact" rename to "feat_gre_impact__dbt_backup"
[0m23:18:31.167676 [debug] [Thread-1 (]: Using postgres connection "model.liuxue_warehouse.int_admissions_cleaned"
[0m23:18:31.167910 [debug] [Thread-1 (]: On model.liuxue_warehouse.int_admissions_cleaned: /* {"app": "dbt", "dbt_version": "1.11.7", "profile_name": "liuxue", "target_name": "local", "node_id": "model.liuxue_warehouse.int_admissions_cleaned"} */
alter table "warehouse"."public"."int_admissions_cleaned" rename to "int_admissions_cleaned__dbt_backup"
[0m23:18:31.168103 [debug] [Thread-2 (]: SQL status: ALTER TABLE in 0.000 seconds
[0m23:18:31.169325 [debug] [Thread-2 (]: Using postgres connection "model.liuxue_warehouse.feat_gre_impact"
[0m23:18:31.169545 [debug] [Thread-1 (]: SQL status: ALTER TABLE in 0.001 seconds
[0m23:18:31.169762 [debug] [Thread-2 (]: On model.liuxue_warehouse.feat_gre_impact: /* {"app": "dbt", "dbt_version": "1.11.7", "profile_name": "liuxue", "target_name": "local", "node_id": "model.liuxue_warehouse.feat_gre_impact"} */
alter table "warehouse"."public"."feat_gre_impact__dbt_tmp" rename to "feat_gre_impact"
[0m23:18:31.171028 [debug] [Thread-1 (]: Using postgres connection "model.liuxue_warehouse.int_admissions_cleaned"
[0m23:18:31.171252 [debug] [Thread-1 (]: On model.liuxue_warehouse.int_admissions_cleaned: /* {"app": "dbt", "dbt_version": "1.11.7", "profile_name": "liuxue", "target_name": "local", "node_id": "model.liuxue_warehouse.int_admissions_cleaned"} */
alter table "warehouse"."public"."int_admissions_cleaned__dbt_tmp" rename to "int_admissions_cleaned"
[0m23:18:31.171445 [debug] [Thread-2 (]: SQL status: ALTER TABLE in 0.000 seconds
[0m23:18:31.172319 [debug] [Thread-2 (]: On model.liuxue_warehouse.feat_gre_impact: COMMIT
[0m23:18:31.172520 [debug] [Thread-1 (]: SQL status: ALTER TABLE in 0.001 seconds
[0m23:18:31.172709 [debug] [Thread-2 (]: Using postgres connection "model.liuxue_warehouse.feat_gre_impact"
[0m23:18:31.173481 [debug] [Thread-1 (]: On model.liuxue_warehouse.int_admissions_cleaned: COMMIT
[0m23:18:31.173681 [debug] [Thread-2 (]: On model.liuxue_warehouse.feat_gre_impact: COMMIT
[0m23:18:31.173875 [debug] [Thread-1 (]: Using postgres connection "model.liuxue_warehouse.int_admissions_cleaned"
[0m23:18:31.174080 [debug] [Thread-1 (]: On model.liuxue_warehouse.int_admissions_cleaned: COMMIT
[0m23:18:31.174391 [debug] [Thread-2 (]: SQL status: COMMIT in 0.000 seconds
[0m23:18:31.175819 [debug] [Thread-2 (]: Applying DROP to: "warehouse"."public"."feat_gre_impact__dbt_backup"
[0m23:18:31.176017 [debug] [Thread-1 (]: SQL status: COMMIT in 0.002 seconds
[0m23:18:31.177413 [debug] [Thread-2 (]: Using postgres connection "model.liuxue_warehouse.feat_gre_impact"
[0m23:18:31.178404 [debug] [Thread-1 (]: Applying DROP to: "warehouse"."public"."int_admissions_cleaned__dbt_backup"
[0m23:18:31.178616 [debug] [Thread-2 (]: On model.liuxue_warehouse.feat_gre_impact: /* {"app": "dbt", "dbt_version": "1.11.7", "profile_name": "liuxue", "target_name": "local", "node_id": "model.liuxue_warehouse.feat_gre_impact"} */
drop table if exists "warehouse"."public"."feat_gre_impact__dbt_backup" cascade
[0m23:18:31.179026 [debug] [Thread-1 (]: Using postgres connection "model.liuxue_warehouse.int_admissions_cleaned"
[0m23:18:31.179239 [debug] [Thread-1 (]: On model.liuxue_warehouse.int_admissions_cleaned: /* {"app": "dbt", "dbt_version": "1.11.7", "profile_name": "liuxue", "target_name": "local", "node_id": "model.liuxue_warehouse.int_admissions_cleaned"} */
drop table if exists "warehouse"."public"."int_admissions_cleaned__dbt_backup" cascade
[0m23:18:31.180075 [debug] [Thread-2 (]: SQL status: DROP TABLE in 0.001 seconds
[0m23:18:31.180641 [debug] [Thread-2 (]: On model.liuxue_warehouse.feat_gre_impact: Close
[0m23:18:31.180831 [debug] [Thread-1 (]: SQL status: DROP TABLE in 0.001 seconds
[0m23:18:31.181408 [debug] [Thread-1 (]: On model.liuxue_warehouse.int_admissions_cleaned: Close
[0m23:18:31.181679 [debug] [Thread-2 (]: Sending event: {'category': 'dbt', 'action': 'run_model', 'label': 'ac6cc329-2466-4419-8f47-111b759adcc0', 'context': [<snowplow_tracker.self_describing_json.SelfDescribingJson object at 0x72b56415f8f0>]}
[0m23:18:31.182218 [debug] [Thread-1 (]: Sending event: {'category': 'dbt', 'action': 'run_model', 'label': 'ac6cc329-2466-4419-8f47-111b759adcc0', 'context': [<snowplow_tracker.self_describing_json.SelfDescribingJson object at 0x72b564109cd0>]}
[0m23:18:31.182000 [info ] [Thread-2 (]: 3 of 11 OK created sql table model public.feat_gre_impact ...................... [[32mSELECT 0[0m in 0.04s]
[0m23:18:31.182596 [info ] [Thread-1 (]: 4 of 11 OK created sql table model public.int_admissions_cleaned ............... [[32mSELECT 0[0m in 0.04s]
[0m23:18:31.182930 [debug] [Thread-2 (]: Finished running node model.liuxue_warehouse.feat_gre_impact
[0m23:18:31.183252 [debug] [Thread-1 (]: Finished running node model.liuxue_warehouse.int_admissions_cleaned
[0m23:18:31.183491 [debug] [Thread-2 (]: Began running node model.liuxue_warehouse.mart_major_trend
[0m23:18:31.183931 [info ] [Thread-2 (]: 5 of 11 START sql table model public.mart_major_trend .......................... [RUN]
[0m23:18:31.184244 [debug] [Thread-2 (]: Re-using an available connection from the pool (formerly model.liuxue_warehouse.feat_gre_impact, now model.liuxue_warehouse.mart_major_trend)
[0m23:18:31.184519 [debug] [Thread-2 (]: Began compiling node model.liuxue_warehouse.mart_major_trend
[0m23:18:31.186078 [debug] [Thread-2 (]: Writing injected SQL for node "model.liuxue_warehouse.mart_major_trend"
[0m23:18:31.186389 [debug] [Thread-1 (]: Began running node model.liuxue_warehouse.feat_competition_index
[0m23:18:31.186604 [info ] [Thread-1 (]: 6 of 11 START sql table model public.feat_competition_index .................... [RUN]
[0m23:18:31.186796 [debug] [Thread-1 (]: Re-using an available connection from the pool (formerly model.liuxue_warehouse.int_admissions_cleaned, now model.liuxue_warehouse.feat_competition_index)
[0m23:18:31.186969 [debug] [Thread-1 (]: Began compiling node model.liuxue_warehouse.feat_competition_index
[0m23:18:31.188046 [debug] [Thread-1 (]: Writing injected SQL for node "model.liuxue_warehouse.feat_competition_index"
[0m23:18:31.188300 [debug] [Thread-2 (]: Began executing node model.liuxue_warehouse.mart_major_trend
[0m23:18:31.190520 [debug] [Thread-2 (]: Writing runtime sql for node "model.liuxue_warehouse.mart_major_trend"
[0m23:18:31.190866 [debug] [Thread-1 (]: Began executing node model.liuxue_warehouse.feat_competition_index
[0m23:18:31.192394 [debug] [Thread-1 (]: Writing runtime sql for node "model.liuxue_warehouse.feat_competition_index"
[0m23:18:31.192668 [debug] [Thread-2 (]: Using postgres connection "model.liuxue_warehouse.mart_major_trend"
[0m23:18:31.192976 [debug] [Thread-2 (]: On model.liuxue_warehouse.mart_major_trend: /* {"app": "dbt", "dbt_version": "1.11.7", "profile_name": "liuxue", "target_name": "local", "node_id": "model.liuxue_warehouse.mart_major_trend"} */

  
    

  create  table "warehouse"."public"."mart_major_trend__dbt_tmp"
  
  
    as
  
  (
    -- 各专业大类的录取趋势
SELECT
    major_category,
    degree,
    year,
    COUNT(*) AS total_applications,
    ROUND(AVG(gpa)::numeric, 2) AS avg_gpa,
    ROUND(AVG(gre_q)::numeric, 1) AS avg_gre_q,
    ROUND(
        SUM(CASE WHEN decision = 'Accepted' THEN 1.0 ELSE 0 END) / NULLIF(COUNT(*), 0), 3
    ) AS acceptance_rate
FROM "warehouse"."public"."stg_gradcafe_admissions"
WHERE year IS NOT NULL
  AND gpa IS NOT NULL
  AND degree IN ('Masters', 'PhD')
GROUP BY major_category, degree, year
HAVING COUNT(*) >= 20
ORDER BY major_category, degree, year DESC
  );
  
[0m23:18:31.193203 [debug] [Thread-2 (]: Opening a new connection, currently in state closed
[0m23:18:31.193443 [debug] [Thread-1 (]: Using postgres connection "model.liuxue_warehouse.feat_competition_index"
[0m23:18:31.193648 [debug] [Thread-1 (]: On model.liuxue_warehouse.feat_competition_index: /* {"app": "dbt", "dbt_version": "1.11.7", "profile_name": "liuxue", "target_name": "local", "node_id": "model.liuxue_warehouse.feat_competition_index"} */

  
    

  create  table "warehouse"."public"."feat_competition_index__dbt_tmp"
  
  
    as
  
  (
    -- 专业竞争指数：综合录取率和申请者 GPA 水平
SELECT
    school, program, degree,
    acceptance_rate,
    gpa_p50,
    international_ratio,
    total_cases,
    -- 竞争指数 (0-100): GPA 门槛越高 + 录取率越低 = 越难进
    ROUND(
        (gpa_p50 * 25 - 50) + ((1 - acceptance_rate) * 100)
    )::integer AS competition_score,
    CASE
        WHEN acceptance_rate < 0.2 AND gpa_p50 > 3.7 THEN 'S-Tier (Extremely Selective)'
        WHEN acceptance_rate < 0.35 AND gpa_p50 > 3.5 THEN 'A-Tier (Very Selective)'
        WHEN acceptance_rate < 0.5 THEN 'B-Tier (Selective)'
        ELSE 'C-Tier (Accessible)'
    END AS tier
FROM "warehouse"."public"."int_admissions_cleaned"
WHERE total_cases >= 10
  );
  
[0m23:18:31.193832 [debug] [Thread-1 (]: Opening a new connection, currently in state closed
[0m23:18:31.197116 [debug] [Thread-1 (]: SQL status: SELECT 0 in 0.003 seconds
[0m23:18:31.198522 [debug] [Thread-1 (]: Using postgres connection "model.liuxue_warehouse.feat_competition_index"
[0m23:18:31.198723 [debug] [Thread-1 (]: On model.liuxue_warehouse.feat_competition_index: /* {"app": "dbt", "dbt_version": "1.11.7", "profile_name": "liuxue", "target_name": "local", "node_id": "model.liuxue_warehouse.feat_competition_index"} */
alter table "warehouse"."public"."feat_competition_index" rename to "feat_competition_index__dbt_backup"
[0m23:18:31.199063 [debug] [Thread-1 (]: SQL status: ALTER TABLE in 0.000 seconds
[0m23:18:31.200256 [debug] [Thread-1 (]: Using postgres connection "model.liuxue_warehouse.feat_competition_index"
[0m23:18:31.200495 [debug] [Thread-2 (]: SQL status: SELECT 16 in 0.007 seconds
[0m23:18:31.200770 [debug] [Thread-1 (]: On model.liuxue_warehouse.feat_competition_index: /* {"app": "dbt", "dbt_version": "1.11.7", "profile_name": "liuxue", "target_name": "local", "node_id": "model.liuxue_warehouse.feat_competition_index"} */
alter table "warehouse"."public"."feat_competition_index__dbt_tmp" rename to "feat_competition_index"
[0m23:18:31.202680 [debug] [Thread-2 (]: Using postgres connection "model.liuxue_warehouse.mart_major_trend"
[0m23:18:31.202976 [debug] [Thread-2 (]: On model.liuxue_warehouse.mart_major_trend: /* {"app": "dbt", "dbt_version": "1.11.7", "profile_name": "liuxue", "target_name": "local", "node_id": "model.liuxue_warehouse.mart_major_trend"} */
alter table "warehouse"."public"."mart_major_trend" rename to "mart_major_trend__dbt_backup"
[0m23:18:31.203226 [debug] [Thread-1 (]: SQL status: ALTER TABLE in 0.000 seconds
[0m23:18:31.204053 [debug] [Thread-1 (]: On model.liuxue_warehouse.feat_competition_index: COMMIT
[0m23:18:31.204270 [debug] [Thread-2 (]: SQL status: ALTER TABLE in 0.001 seconds
[0m23:18:31.204529 [debug] [Thread-1 (]: Using postgres connection "model.liuxue_warehouse.feat_competition_index"
[0m23:18:31.206201 [debug] [Thread-2 (]: Using postgres connection "model.liuxue_warehouse.mart_major_trend"
[0m23:18:31.206461 [debug] [Thread-1 (]: On model.liuxue_warehouse.feat_competition_index: COMMIT
[0m23:18:31.206673 [debug] [Thread-2 (]: On model.liuxue_warehouse.mart_major_trend: /* {"app": "dbt", "dbt_version": "1.11.7", "profile_name": "liuxue", "target_name": "local", "node_id": "model.liuxue_warehouse.mart_major_trend"} */
alter table "warehouse"."public"."mart_major_trend__dbt_tmp" rename to "mart_major_trend"
[0m23:18:31.207021 [debug] [Thread-2 (]: SQL status: ALTER TABLE in 0.000 seconds
[0m23:18:31.208303 [debug] [Thread-2 (]: On model.liuxue_warehouse.mart_major_trend: COMMIT
[0m23:18:31.208615 [debug] [Thread-1 (]: SQL status: COMMIT in 0.002 seconds
[0m23:18:31.208943 [debug] [Thread-2 (]: Using postgres connection "model.liuxue_warehouse.mart_major_trend"
[0m23:18:31.210723 [debug] [Thread-1 (]: Applying DROP to: "warehouse"."public"."feat_competition_index__dbt_backup"
[0m23:18:31.211054 [debug] [Thread-2 (]: On model.liuxue_warehouse.mart_major_trend: COMMIT
[0m23:18:31.211567 [debug] [Thread-1 (]: Using postgres connection "model.liuxue_warehouse.feat_competition_index"
[0m23:18:31.211811 [debug] [Thread-1 (]: On model.liuxue_warehouse.feat_competition_index: /* {"app": "dbt", "dbt_version": "1.11.7", "profile_name": "liuxue", "target_name": "local", "node_id": "model.liuxue_warehouse.feat_competition_index"} */
drop table if exists "warehouse"."public"."feat_competition_index__dbt_backup" cascade
[0m23:18:31.212479 [debug] [Thread-2 (]: SQL status: COMMIT in 0.001 seconds
[0m23:18:31.213596 [debug] [Thread-2 (]: Applying DROP to: "warehouse"."public"."mart_major_trend__dbt_backup"
[0m23:18:31.213858 [debug] [Thread-1 (]: SQL status: DROP TABLE in 0.002 seconds
[0m23:18:31.214291 [debug] [Thread-2 (]: Using postgres connection "model.liuxue_warehouse.mart_major_trend"
[0m23:18:31.214989 [debug] [Thread-1 (]: On model.liuxue_warehouse.feat_competition_index: Close
[0m23:18:31.215201 [debug] [Thread-2 (]: On model.liuxue_warehouse.mart_major_trend: /* {"app": "dbt", "dbt_version": "1.11.7", "profile_name": "liuxue", "target_name": "local", "node_id": "model.liuxue_warehouse.mart_major_trend"} */
drop table if exists "warehouse"."public"."mart_major_trend__dbt_backup" cascade
[0m23:18:31.215604 [debug] [Thread-1 (]: Sending event: {'category': 'dbt', 'action': 'run_model', 'label': 'ac6cc329-2466-4419-8f47-111b759adcc0', 'context': [<snowplow_tracker.self_describing_json.SelfDescribingJson object at 0x72b5641ae120>]}
[0m23:18:31.215968 [info ] [Thread-1 (]: 6 of 11 OK created sql table model public.feat_competition_index ............... [[32mSELECT 0[0m in 0.03s]
[0m23:18:31.216262 [debug] [Thread-1 (]: Finished running node model.liuxue_warehouse.feat_competition_index
[0m23:18:31.216477 [debug] [Thread-1 (]: Began running node model.liuxue_warehouse.feat_gpa_threshold
[0m23:18:31.216924 [debug] [Thread-2 (]: SQL status: DROP TABLE in 0.001 seconds
[0m23:18:31.216752 [info ] [Thread-1 (]: 7 of 11 START sql table model public.feat_gpa_threshold ........................ [RUN]
[0m23:18:31.217645 [debug] [Thread-2 (]: On model.liuxue_warehouse.mart_major_trend: Close
[0m23:18:31.217866 [debug] [Thread-1 (]: Re-using an available connection from the pool (formerly model.liuxue_warehouse.feat_competition_index, now model.liuxue_warehouse.feat_gpa_threshold)
[0m23:18:31.218075 [debug] [Thread-1 (]: Began compiling node model.liuxue_warehouse.feat_gpa_threshold
[0m23:18:31.218341 [debug] [Thread-2 (]: Sending event: {'category': 'dbt', 'action': 'run_model', 'label': 'ac6cc329-2466-4419-8f47-111b759adcc0', 'context': [<snowplow_tracker.self_describing_json.SelfDescribingJson object at 0x72b5641b9b20>]}
[0m23:18:31.219751 [debug] [Thread-1 (]: Writing injected SQL for node "model.liuxue_warehouse.feat_gpa_threshold"
[0m23:18:31.220142 [info ] [Thread-2 (]: 5 of 11 OK created sql table model public.mart_major_trend ..................... [[32mSELECT 16[0m in 0.03s]
[0m23:18:31.220562 [debug] [Thread-2 (]: Finished running node model.liuxue_warehouse.mart_major_trend
[0m23:18:31.220988 [debug] [Thread-1 (]: Began executing node model.liuxue_warehouse.feat_gpa_threshold
[0m23:18:31.223664 [debug] [Thread-1 (]: Writing runtime sql for node "model.liuxue_warehouse.feat_gpa_threshold"
[0m23:18:31.224052 [debug] [Thread-1 (]: Using postgres connection "model.liuxue_warehouse.feat_gpa_threshold"
[0m23:18:31.224272 [debug] [Thread-1 (]: On model.liuxue_warehouse.feat_gpa_threshold: /* {"app": "dbt", "dbt_version": "1.11.7", "profile_name": "liuxue", "target_name": "local", "node_id": "model.liuxue_warehouse.feat_gpa_threshold"} */

  
    

  create  table "warehouse"."public"."feat_gpa_threshold__dbt_tmp"
  
  
    as
  
  (
    -- 各校各专业的 GPA 录取阈值（按学位分层）
SELECT
    school, program, degree,
    gpa_p25, gpa_p50, gpa_p75,
    acceptance_rate,
    total_cases AS sample_size,
    CASE
        WHEN acceptance_rate >= 0.7 THEN 'Low Competition'
        WHEN acceptance_rate >= 0.4 THEN 'Moderate'
        ELSE 'High Competition'
    END AS competition_level,
    -- GPA 分级建议
    CASE
        WHEN gpa_p75 >= 3.8 THEN 'Ultra Competitive'
        WHEN gpa_p50 >= 3.5 THEN 'Competitive'
        WHEN gpa_p50 >= 3.2 THEN 'Moderate'
        ELSE 'Accessible'
    END AS gpa_requirement_level
FROM "warehouse"."public"."int_admissions_cleaned"
WHERE gpa_samples >= 10  -- 至少 10 个 GPA 样本
  );
  
[0m23:18:31.224464 [debug] [Thread-1 (]: Opening a new connection, currently in state closed
[0m23:18:31.227791 [debug] [Thread-1 (]: SQL status: SELECT 0 in 0.003 seconds
[0m23:18:31.229225 [debug] [Thread-1 (]: Using postgres connection "model.liuxue_warehouse.feat_gpa_threshold"
[0m23:18:31.229426 [debug] [Thread-1 (]: On model.liuxue_warehouse.feat_gpa_threshold: /* {"app": "dbt", "dbt_version": "1.11.7", "profile_name": "liuxue", "target_name": "local", "node_id": "model.liuxue_warehouse.feat_gpa_threshold"} */
alter table "warehouse"."public"."feat_gpa_threshold" rename to "feat_gpa_threshold__dbt_backup"
[0m23:18:31.229705 [debug] [Thread-1 (]: SQL status: ALTER TABLE in 0.000 seconds
[0m23:18:31.230912 [debug] [Thread-1 (]: Using postgres connection "model.liuxue_warehouse.feat_gpa_threshold"
[0m23:18:31.231108 [debug] [Thread-1 (]: On model.liuxue_warehouse.feat_gpa_threshold: /* {"app": "dbt", "dbt_version": "1.11.7", "profile_name": "liuxue", "target_name": "local", "node_id": "model.liuxue_warehouse.feat_gpa_threshold"} */
alter table "warehouse"."public"."feat_gpa_threshold__dbt_tmp" rename to "feat_gpa_threshold"
[0m23:18:31.231348 [debug] [Thread-1 (]: SQL status: ALTER TABLE in 0.000 seconds
[0m23:18:31.232106 [debug] [Thread-1 (]: On model.liuxue_warehouse.feat_gpa_threshold: COMMIT
[0m23:18:31.232302 [debug] [Thread-1 (]: Using postgres connection "model.liuxue_warehouse.feat_gpa_threshold"
[0m23:18:31.232476 [debug] [Thread-1 (]: On model.liuxue_warehouse.feat_gpa_threshold: COMMIT
[0m23:18:31.232984 [debug] [Thread-1 (]: SQL status: COMMIT in 0.000 seconds
[0m23:18:31.233936 [debug] [Thread-1 (]: Applying DROP to: "warehouse"."public"."feat_gpa_threshold__dbt_backup"
[0m23:18:31.234351 [debug] [Thread-1 (]: Using postgres connection "model.liuxue_warehouse.feat_gpa_threshold"
[0m23:18:31.234537 [debug] [Thread-1 (]: On model.liuxue_warehouse.feat_gpa_threshold: /* {"app": "dbt", "dbt_version": "1.11.7", "profile_name": "liuxue", "target_name": "local", "node_id": "model.liuxue_warehouse.feat_gpa_threshold"} */
drop table if exists "warehouse"."public"."feat_gpa_threshold__dbt_backup" cascade
[0m23:18:31.235564 [debug] [Thread-1 (]: SQL status: DROP TABLE in 0.001 seconds
[0m23:18:31.236125 [debug] [Thread-1 (]: On model.liuxue_warehouse.feat_gpa_threshold: Close
[0m23:18:31.236451 [debug] [Thread-1 (]: Sending event: {'category': 'dbt', 'action': 'run_model', 'label': 'ac6cc329-2466-4419-8f47-111b759adcc0', 'context': [<snowplow_tracker.self_describing_json.SelfDescribingJson object at 0x72b5641053a0>]}
[0m23:18:31.236753 [info ] [Thread-1 (]: 7 of 11 OK created sql table model public.feat_gpa_threshold ................... [[32mSELECT 0[0m in 0.02s]
[0m23:18:31.237013 [debug] [Thread-1 (]: Finished running node model.liuxue_warehouse.feat_gpa_threshold
[0m23:18:31.237448 [debug] [Thread-2 (]: Began running node model.liuxue_warehouse.mart_school_admission_stats
[0m23:18:31.237704 [info ] [Thread-2 (]: 8 of 11 START sql table model public.mart_school_admission_stats ............... [RUN]
[0m23:18:31.237924 [debug] [Thread-2 (]: Re-using an available connection from the pool (formerly model.liuxue_warehouse.mart_major_trend, now model.liuxue_warehouse.mart_school_admission_stats)
[0m23:18:31.238118 [debug] [Thread-2 (]: Began compiling node model.liuxue_warehouse.mart_school_admission_stats
[0m23:18:31.239401 [debug] [Thread-2 (]: Writing injected SQL for node "model.liuxue_warehouse.mart_school_admission_stats"
[0m23:18:31.239677 [debug] [Thread-2 (]: Began executing node model.liuxue_warehouse.mart_school_admission_stats
[0m23:18:31.241262 [debug] [Thread-2 (]: Writing runtime sql for node "model.liuxue_warehouse.mart_school_admission_stats"
[0m23:18:31.241544 [debug] [Thread-2 (]: Using postgres connection "model.liuxue_warehouse.mart_school_admission_stats"
[0m23:18:31.241748 [debug] [Thread-2 (]: On model.liuxue_warehouse.mart_school_admission_stats: /* {"app": "dbt", "dbt_version": "1.11.7", "profile_name": "liuxue", "target_name": "local", "node_id": "model.liuxue_warehouse.mart_school_admission_stats"} */

  
    

  create  table "warehouse"."public"."mart_school_admission_stats__dbt_tmp"
  
  
    as
  
  (
    -- 学校-专业录取统计（Mart层汇总，给API和Dashboard用）
SELECT
    f.school,
    f.program,
    f.degree,
    f.gpa_p25, f.gpa_p50, f.gpa_p75,
    f.acceptance_rate,
    f.competition_level,
    f.gpa_requirement_level,
    f.sample_size,
    c.competition_score,
    c.tier,
    g.gre_q_mean, g.gre_v_mean,
    g.gre_q_acceptance_delta,
    c.international_ratio
FROM "warehouse"."public"."feat_gpa_threshold" f
LEFT JOIN "warehouse"."public"."feat_competition_index" c
    ON f.school = c.school AND f.program = c.program AND f.degree = c.degree
LEFT JOIN "warehouse"."public"."feat_gre_impact" g
    ON f.school = g.school AND f.program = g.program AND f.degree = g.degree
WHERE f.sample_size >= 10
ORDER BY c.competition_score DESC NULLS LAST
  );
  
[0m23:18:31.241940 [debug] [Thread-2 (]: Opening a new connection, currently in state closed
[0m23:18:31.245470 [debug] [Thread-2 (]: SQL status: SELECT 0 in 0.004 seconds
[0m23:18:31.246859 [debug] [Thread-2 (]: Using postgres connection "model.liuxue_warehouse.mart_school_admission_stats"
[0m23:18:31.247063 [debug] [Thread-2 (]: On model.liuxue_warehouse.mart_school_admission_stats: /* {"app": "dbt", "dbt_version": "1.11.7", "profile_name": "liuxue", "target_name": "local", "node_id": "model.liuxue_warehouse.mart_school_admission_stats"} */
alter table "warehouse"."public"."mart_school_admission_stats" rename to "mart_school_admission_stats__dbt_backup"
[0m23:18:31.247427 [debug] [Thread-2 (]: SQL status: ALTER TABLE in 0.000 seconds
[0m23:18:31.248639 [debug] [Thread-2 (]: Using postgres connection "model.liuxue_warehouse.mart_school_admission_stats"
[0m23:18:31.248836 [debug] [Thread-2 (]: On model.liuxue_warehouse.mart_school_admission_stats: /* {"app": "dbt", "dbt_version": "1.11.7", "profile_name": "liuxue", "target_name": "local", "node_id": "model.liuxue_warehouse.mart_school_admission_stats"} */
alter table "warehouse"."public"."mart_school_admission_stats__dbt_tmp" rename to "mart_school_admission_stats"
[0m23:18:31.249163 [debug] [Thread-2 (]: SQL status: ALTER TABLE in 0.000 seconds
[0m23:18:31.249910 [debug] [Thread-2 (]: On model.liuxue_warehouse.mart_school_admission_stats: COMMIT
[0m23:18:31.250106 [debug] [Thread-2 (]: Using postgres connection "model.liuxue_warehouse.mart_school_admission_stats"
[0m23:18:31.250278 [debug] [Thread-2 (]: On model.liuxue_warehouse.mart_school_admission_stats: COMMIT
[0m23:18:31.250837 [debug] [Thread-2 (]: SQL status: COMMIT in 0.000 seconds
[0m23:18:31.252248 [debug] [Thread-2 (]: Applying DROP to: "warehouse"."public"."mart_school_admission_stats__dbt_backup"
[0m23:18:31.252656 [debug] [Thread-2 (]: Using postgres connection "model.liuxue_warehouse.mart_school_admission_stats"
[0m23:18:31.252849 [debug] [Thread-2 (]: On model.liuxue_warehouse.mart_school_admission_stats: /* {"app": "dbt", "dbt_version": "1.11.7", "profile_name": "liuxue", "target_name": "local", "node_id": "model.liuxue_warehouse.mart_school_admission_stats"} */
drop table if exists "warehouse"."public"."mart_school_admission_stats__dbt_backup" cascade
[0m23:18:31.253963 [debug] [Thread-2 (]: SQL status: DROP TABLE in 0.001 seconds
[0m23:18:31.254520 [debug] [Thread-2 (]: On model.liuxue_warehouse.mart_school_admission_stats: Close
[0m23:18:31.254830 [debug] [Thread-2 (]: Sending event: {'category': 'dbt', 'action': 'run_model', 'label': 'ac6cc329-2466-4419-8f47-111b759adcc0', 'context': [<snowplow_tracker.self_describing_json.SelfDescribingJson object at 0x72b54ef06e40>]}
[0m23:18:31.255127 [info ] [Thread-2 (]: 8 of 11 OK created sql table model public.mart_school_admission_stats .......... [[32mSELECT 0[0m in 0.02s]
[0m23:18:31.255397 [debug] [Thread-2 (]: Finished running node model.liuxue_warehouse.mart_school_admission_stats
[0m23:18:31.255746 [debug] [Thread-1 (]: Began running node model.liuxue_warehouse.dash_admission_overview
[0m23:18:31.255947 [debug] [Thread-2 (]: Began running node model.liuxue_warehouse.dash_competition_heatmap
[0m23:18:31.256177 [info ] [Thread-1 (]: 9 of 11 START sql table model public.dash_admission_overview ................... [RUN]
[0m23:18:31.256425 [info ] [Thread-2 (]: 10 of 11 START sql table model public.dash_competition_heatmap ................. [RUN]
[0m23:18:31.256637 [debug] [Thread-1 (]: Re-using an available connection from the pool (formerly model.liuxue_warehouse.feat_gpa_threshold, now model.liuxue_warehouse.dash_admission_overview)
[0m23:18:31.256839 [debug] [Thread-2 (]: Re-using an available connection from the pool (formerly model.liuxue_warehouse.mart_school_admission_stats, now model.liuxue_warehouse.dash_competition_heatmap)
[0m23:18:31.257033 [debug] [Thread-1 (]: Began compiling node model.liuxue_warehouse.dash_admission_overview
[0m23:18:31.257219 [debug] [Thread-2 (]: Began compiling node model.liuxue_warehouse.dash_competition_heatmap
[0m23:18:31.258373 [debug] [Thread-1 (]: Writing injected SQL for node "model.liuxue_warehouse.dash_admission_overview"
[0m23:18:31.259513 [debug] [Thread-2 (]: Writing injected SQL for node "model.liuxue_warehouse.dash_competition_heatmap"
[0m23:18:31.259821 [debug] [Thread-1 (]: Began executing node model.liuxue_warehouse.dash_admission_overview
[0m23:18:31.261419 [debug] [Thread-1 (]: Writing runtime sql for node "model.liuxue_warehouse.dash_admission_overview"
[0m23:18:31.261635 [debug] [Thread-2 (]: Began executing node model.liuxue_warehouse.dash_competition_heatmap
[0m23:18:31.263211 [debug] [Thread-2 (]: Writing runtime sql for node "model.liuxue_warehouse.dash_competition_heatmap"
[0m23:18:31.263469 [debug] [Thread-1 (]: Using postgres connection "model.liuxue_warehouse.dash_admission_overview"
[0m23:18:31.263672 [debug] [Thread-1 (]: On model.liuxue_warehouse.dash_admission_overview: /* {"app": "dbt", "dbt_version": "1.11.7", "profile_name": "liuxue", "target_name": "local", "node_id": "model.liuxue_warehouse.dash_admission_overview"} */

  
    

  create  table "warehouse"."public"."dash_admission_overview__dbt_tmp"
  
  
    as
  
  (
    -- BI看板：录取全景
SELECT
    competition_level,
    degree,
    COUNT(DISTINCT school) AS school_count,
    COUNT(DISTINCT program) AS program_count,
    ROUND(AVG(acceptance_rate)::numeric, 3) AS avg_acceptance_rate,
    ROUND(AVG(gpa_p50)::numeric, 2) AS avg_gpa_median,
    SUM(sample_size) AS total_samples
FROM "warehouse"."public"."mart_school_admission_stats"
GROUP BY competition_level, degree
ORDER BY degree, avg_acceptance_rate
  );
  
[0m23:18:31.263869 [debug] [Thread-1 (]: Opening a new connection, currently in state closed
[0m23:18:31.264110 [debug] [Thread-2 (]: Using postgres connection "model.liuxue_warehouse.dash_competition_heatmap"
[0m23:18:31.264318 [debug] [Thread-2 (]: On model.liuxue_warehouse.dash_competition_heatmap: /* {"app": "dbt", "dbt_version": "1.11.7", "profile_name": "liuxue", "target_name": "local", "node_id": "model.liuxue_warehouse.dash_competition_heatmap"} */

  
    

  create  table "warehouse"."public"."dash_competition_heatmap__dbt_tmp"
  
  
    as
  
  (
    -- BI看板：竞争烈度热力图（专业名称关键词分类）
SELECT
    CASE
        WHEN program ILIKE '%computer sci%' THEN 'CS'
        WHEN program ILIKE '%data sci%' THEN 'DS'
        WHEN program ILIKE '%electrical%' THEN 'EE'
        WHEN program ILIKE '%statistic%' THEN 'Stats'
        WHEN program ILIKE '%economics%' THEN 'Econ'
        WHEN program ILIKE '%finance%' THEN 'Finance'
        ELSE 'Other'
    END AS major_group,
    degree,
    ROUND(AVG(acceptance_rate)::numeric, 3) AS avg_acceptance_rate,
    ROUND(AVG(gpa_p50)::numeric, 2) AS avg_gpa_median,
    ROUND(AVG(competition_score)::numeric, 0) AS avg_competition_score,
    MAX(tier) AS top_tier,
    COUNT(*) AS program_count
FROM "warehouse"."public"."mart_school_admission_stats"
GROUP BY 1, degree
HAVING COUNT(*) >= 3
ORDER BY avg_competition_score DESC
  );
  
[0m23:18:31.264509 [debug] [Thread-2 (]: Opening a new connection, currently in state closed
[0m23:18:31.267343 [debug] [Thread-1 (]: SQL status: SELECT 0 in 0.003 seconds
[0m23:18:31.268837 [debug] [Thread-1 (]: Using postgres connection "model.liuxue_warehouse.dash_admission_overview"
[0m23:18:31.269051 [debug] [Thread-2 (]: SQL status: SELECT 0 in 0.005 seconds
[0m23:18:31.269258 [debug] [Thread-1 (]: On model.liuxue_warehouse.dash_admission_overview: /* {"app": "dbt", "dbt_version": "1.11.7", "profile_name": "liuxue", "target_name": "local", "node_id": "model.liuxue_warehouse.dash_admission_overview"} */
alter table "warehouse"."public"."dash_admission_overview" rename to "dash_admission_overview__dbt_backup"
[0m23:18:31.270694 [debug] [Thread-2 (]: Using postgres connection "model.liuxue_warehouse.dash_competition_heatmap"
[0m23:18:31.270919 [debug] [Thread-2 (]: On model.liuxue_warehouse.dash_competition_heatmap: /* {"app": "dbt", "dbt_version": "1.11.7", "profile_name": "liuxue", "target_name": "local", "node_id": "model.liuxue_warehouse.dash_competition_heatmap"} */
alter table "warehouse"."public"."dash_competition_heatmap" rename to "dash_competition_heatmap__dbt_backup"
[0m23:18:31.271107 [debug] [Thread-1 (]: SQL status: ALTER TABLE in 0.000 seconds
[0m23:18:31.272325 [debug] [Thread-1 (]: Using postgres connection "model.liuxue_warehouse.dash_admission_overview"
[0m23:18:31.272525 [debug] [Thread-2 (]: SQL status: ALTER TABLE in 0.001 seconds
[0m23:18:31.272706 [debug] [Thread-1 (]: On model.liuxue_warehouse.dash_admission_overview: /* {"app": "dbt", "dbt_version": "1.11.7", "profile_name": "liuxue", "target_name": "local", "node_id": "model.liuxue_warehouse.dash_admission_overview"} */
alter table "warehouse"."public"."dash_admission_overview__dbt_tmp" rename to "dash_admission_overview"
[0m23:18:31.273914 [debug] [Thread-2 (]: Using postgres connection "model.liuxue_warehouse.dash_competition_heatmap"
[0m23:18:31.274136 [debug] [Thread-2 (]: On model.liuxue_warehouse.dash_competition_heatmap: /* {"app": "dbt", "dbt_version": "1.11.7", "profile_name": "liuxue", "target_name": "local", "node_id": "model.liuxue_warehouse.dash_competition_heatmap"} */
alter table "warehouse"."public"."dash_competition_heatmap__dbt_tmp" rename to "dash_competition_heatmap"
[0m23:18:31.274324 [debug] [Thread-1 (]: SQL status: ALTER TABLE in 0.000 seconds
[0m23:18:31.275100 [debug] [Thread-1 (]: On model.liuxue_warehouse.dash_admission_overview: COMMIT
[0m23:18:31.275297 [debug] [Thread-2 (]: SQL status: ALTER TABLE in 0.001 seconds
[0m23:18:31.275478 [debug] [Thread-1 (]: Using postgres connection "model.liuxue_warehouse.dash_admission_overview"
[0m23:18:31.276239 [debug] [Thread-2 (]: On model.liuxue_warehouse.dash_competition_heatmap: COMMIT
[0m23:18:31.276433 [debug] [Thread-1 (]: On model.liuxue_warehouse.dash_admission_overview: COMMIT
[0m23:18:31.276616 [debug] [Thread-2 (]: Using postgres connection "model.liuxue_warehouse.dash_competition_heatmap"
[0m23:18:31.276807 [debug] [Thread-2 (]: On model.liuxue_warehouse.dash_competition_heatmap: COMMIT
[0m23:18:31.277289 [debug] [Thread-1 (]: SQL status: COMMIT in 0.000 seconds
[0m23:18:31.278248 [debug] [Thread-1 (]: Applying DROP to: "warehouse"."public"."dash_admission_overview__dbt_backup"
[0m23:18:31.278450 [debug] [Thread-2 (]: SQL status: COMMIT in 0.001 seconds
[0m23:18:31.278825 [debug] [Thread-1 (]: Using postgres connection "model.liuxue_warehouse.dash_admission_overview"
[0m23:18:31.280287 [debug] [Thread-2 (]: Applying DROP to: "warehouse"."public"."dash_competition_heatmap__dbt_backup"
[0m23:18:31.280500 [debug] [Thread-1 (]: On model.liuxue_warehouse.dash_admission_overview: /* {"app": "dbt", "dbt_version": "1.11.7", "profile_name": "liuxue", "target_name": "local", "node_id": "model.liuxue_warehouse.dash_admission_overview"} */
drop table if exists "warehouse"."public"."dash_admission_overview__dbt_backup" cascade
[0m23:18:31.280905 [debug] [Thread-2 (]: Using postgres connection "model.liuxue_warehouse.dash_competition_heatmap"
[0m23:18:31.281123 [debug] [Thread-2 (]: On model.liuxue_warehouse.dash_competition_heatmap: /* {"app": "dbt", "dbt_version": "1.11.7", "profile_name": "liuxue", "target_name": "local", "node_id": "model.liuxue_warehouse.dash_competition_heatmap"} */
drop table if exists "warehouse"."public"."dash_competition_heatmap__dbt_backup" cascade
[0m23:18:31.281944 [debug] [Thread-1 (]: SQL status: DROP TABLE in 0.001 seconds
[0m23:18:31.282508 [debug] [Thread-1 (]: On model.liuxue_warehouse.dash_admission_overview: Close
[0m23:18:31.282699 [debug] [Thread-2 (]: SQL status: DROP TABLE in 0.001 seconds
[0m23:18:31.283273 [debug] [Thread-2 (]: On model.liuxue_warehouse.dash_competition_heatmap: Close
[0m23:18:31.283552 [debug] [Thread-1 (]: Sending event: {'category': 'dbt', 'action': 'run_model', 'label': 'ac6cc329-2466-4419-8f47-111b759adcc0', 'context': [<snowplow_tracker.self_describing_json.SelfDescribingJson object at 0x72b54ef26f00>]}
[0m23:18:31.284110 [debug] [Thread-2 (]: Sending event: {'category': 'dbt', 'action': 'run_model', 'label': 'ac6cc329-2466-4419-8f47-111b759adcc0', 'context': [<snowplow_tracker.self_describing_json.SelfDescribingJson object at 0x72b54ef27e00>]}
[0m23:18:31.283890 [info ] [Thread-1 (]: 9 of 11 OK created sql table model public.dash_admission_overview .............. [[32mSELECT 0[0m in 0.03s]
[0m23:18:31.284459 [info ] [Thread-2 (]: 10 of 11 OK created sql table model public.dash_competition_heatmap ............ [[32mSELECT 0[0m in 0.03s]
[0m23:18:31.284739 [debug] [Thread-1 (]: Finished running node model.liuxue_warehouse.dash_admission_overview
[0m23:18:31.284989 [debug] [Thread-2 (]: Finished running node model.liuxue_warehouse.dash_competition_heatmap
[0m23:18:31.285193 [debug] [Thread-1 (]: Began running node model.liuxue_warehouse.dash_top_schools
[0m23:18:31.285476 [info ] [Thread-1 (]: 11 of 11 START sql table model public.dash_top_schools ......................... [RUN]
[0m23:18:31.285686 [debug] [Thread-1 (]: Re-using an available connection from the pool (formerly model.liuxue_warehouse.dash_admission_overview, now model.liuxue_warehouse.dash_top_schools)
[0m23:18:31.285869 [debug] [Thread-1 (]: Began compiling node model.liuxue_warehouse.dash_top_schools
[0m23:18:31.287087 [debug] [Thread-1 (]: Writing injected SQL for node "model.liuxue_warehouse.dash_top_schools"
[0m23:18:31.287368 [debug] [Thread-1 (]: Began executing node model.liuxue_warehouse.dash_top_schools
[0m23:18:31.288905 [debug] [Thread-1 (]: Writing runtime sql for node "model.liuxue_warehouse.dash_top_schools"
[0m23:18:31.289185 [debug] [Thread-1 (]: Using postgres connection "model.liuxue_warehouse.dash_top_schools"
[0m23:18:31.289377 [debug] [Thread-1 (]: On model.liuxue_warehouse.dash_top_schools: /* {"app": "dbt", "dbt_version": "1.11.7", "profile_name": "liuxue", "target_name": "local", "node_id": "model.liuxue_warehouse.dash_top_schools"} */

  
    

  create  table "warehouse"."public"."dash_top_schools__dbt_tmp"
  
  
    as
  
  (
    -- BI看板：Top 20 热门学校
SELECT
    school,
    degree,
    COUNT(DISTINCT program) AS program_diversity,
    SUM(sample_size) AS total_samples,
    ROUND(AVG(acceptance_rate)::numeric, 3) AS avg_acceptance_rate,
    ROUND(AVG(gpa_p50)::numeric, 2) AS avg_gpa_median,
    MAX(tier) AS top_tier
FROM "warehouse"."public"."mart_school_admission_stats"
GROUP BY school, degree
HAVING SUM(sample_size) >= 20
ORDER BY total_samples DESC
LIMIT 20
  );
  
[0m23:18:31.289553 [debug] [Thread-1 (]: Opening a new connection, currently in state closed
[0m23:18:31.292948 [debug] [Thread-1 (]: SQL status: SELECT 0 in 0.003 seconds
[0m23:18:31.294836 [debug] [Thread-1 (]: Using postgres connection "model.liuxue_warehouse.dash_top_schools"
[0m23:18:31.295144 [debug] [Thread-1 (]: On model.liuxue_warehouse.dash_top_schools: /* {"app": "dbt", "dbt_version": "1.11.7", "profile_name": "liuxue", "target_name": "local", "node_id": "model.liuxue_warehouse.dash_top_schools"} */
alter table "warehouse"."public"."dash_top_schools" rename to "dash_top_schools__dbt_backup"
[0m23:18:31.295572 [debug] [Thread-1 (]: SQL status: ALTER TABLE in 0.000 seconds
[0m23:18:31.297572 [debug] [Thread-1 (]: Using postgres connection "model.liuxue_warehouse.dash_top_schools"
[0m23:18:31.297904 [debug] [Thread-1 (]: On model.liuxue_warehouse.dash_top_schools: /* {"app": "dbt", "dbt_version": "1.11.7", "profile_name": "liuxue", "target_name": "local", "node_id": "model.liuxue_warehouse.dash_top_schools"} */
alter table "warehouse"."public"."dash_top_schools__dbt_tmp" rename to "dash_top_schools"
[0m23:18:31.298312 [debug] [Thread-1 (]: SQL status: ALTER TABLE in 0.000 seconds
[0m23:18:31.299527 [debug] [Thread-1 (]: On model.liuxue_warehouse.dash_top_schools: COMMIT
[0m23:18:31.299856 [debug] [Thread-1 (]: Using postgres connection "model.liuxue_warehouse.dash_top_schools"
[0m23:18:31.300166 [debug] [Thread-1 (]: On model.liuxue_warehouse.dash_top_schools: COMMIT
[0m23:18:31.300832 [debug] [Thread-1 (]: SQL status: COMMIT in 0.000 seconds
[0m23:18:31.302370 [debug] [Thread-1 (]: Applying DROP to: "warehouse"."public"."dash_top_schools__dbt_backup"
[0m23:18:31.303013 [debug] [Thread-1 (]: Using postgres connection "model.liuxue_warehouse.dash_top_schools"
[0m23:18:31.303228 [debug] [Thread-1 (]: On model.liuxue_warehouse.dash_top_schools: /* {"app": "dbt", "dbt_version": "1.11.7", "profile_name": "liuxue", "target_name": "local", "node_id": "model.liuxue_warehouse.dash_top_schools"} */
drop table if exists "warehouse"."public"."dash_top_schools__dbt_backup" cascade
[0m23:18:31.304304 [debug] [Thread-1 (]: SQL status: DROP TABLE in 0.001 seconds
[0m23:18:31.304892 [debug] [Thread-1 (]: On model.liuxue_warehouse.dash_top_schools: Close
[0m23:18:31.305216 [debug] [Thread-1 (]: Sending event: {'category': 'dbt', 'action': 'run_model', 'label': 'ac6cc329-2466-4419-8f47-111b759adcc0', 'context': [<snowplow_tracker.self_describing_json.SelfDescribingJson object at 0x72b564182bd0>]}
[0m23:18:31.305533 [info ] [Thread-1 (]: 11 of 11 OK created sql table model public.dash_top_schools .................... [[32mSELECT 0[0m in 0.02s]
[0m23:18:31.305806 [debug] [Thread-1 (]: Finished running node model.liuxue_warehouse.dash_top_schools
[0m23:18:31.306375 [debug] [MainThread]: On master: COMMIT
[0m23:18:31.306584 [debug] [MainThread]: Using postgres connection "master"
[0m23:18:31.306749 [debug] [MainThread]: On master: COMMIT
[0m23:18:31.306904 [debug] [MainThread]: Opening a new connection, currently in state closed
[0m23:18:31.309530 [debug] [MainThread]: SQL status: COMMIT in 0.003 seconds
[0m23:18:31.309751 [debug] [MainThread]: On master: Close
[0m23:18:31.310018 [debug] [MainThread]: Connection 'master' was properly closed.
[0m23:18:31.310184 [debug] [MainThread]: Connection 'model.liuxue_warehouse.dash_top_schools' was properly closed.
[0m23:18:31.310333 [debug] [MainThread]: Connection 'model.liuxue_warehouse.dash_competition_heatmap' was properly closed.
[0m23:18:31.310536 [info ] [MainThread]: 
[0m23:18:31.310707 [info ] [MainThread]: Finished running 9 table models, 2 view models in 0 hours 0 minutes and 0.29 seconds (0.29s).
[0m23:18:31.311474 [debug] [MainThread]: Command end result
[0m23:18:31.319493 [debug] [MainThread]: Wrote artifact WritableManifest to /home/zp/work/guoji-agent/dbt_liuxue/target/manifest.json
[0m23:18:31.320223 [debug] [MainThread]: Wrote artifact SemanticManifest to /home/zp/work/guoji-agent/dbt_liuxue/target/semantic_manifest.json
[0m23:18:31.322883 [debug] [MainThread]: Wrote artifact RunExecutionResult to /home/zp/work/guoji-agent/dbt_liuxue/target/run_results.json
[0m23:18:31.323073 [info ] [MainThread]: 
[0m23:18:31.323261 [info ] [MainThread]: [32mCompleted successfully[0m
[0m23:18:31.323427 [info ] [MainThread]: 
[0m23:18:31.323594 [info ] [MainThread]: Done. PASS=11 WARN=0 ERROR=0 SKIP=0 NO-OP=0 TOTAL=11
[0m23:18:31.324071 [debug] [MainThread]: Resource report: {"command_name": "run", "command_success": true, "command_wall_clock_time": 0.77393204, "process_in_blocks": "0", "process_kernel_time": 0.099989, "process_mem_max_rss": "132652", "process_out_blocks": "3272", "process_user_time": 1.347856}
[0m23:18:31.324319 [debug] [MainThread]: Command `dbt run` succeeded at 23:18:31.324275 after 0.77 seconds
[0m23:18:31.324514 [debug] [MainThread]: Sending event: {'category': 'dbt', 'action': 'invocation', 'label': 'end', 'context': [<snowplow_tracker.self_describing_json.SelfDescribingJson object at 0x72b5707b4770>, <snowplow_tracker.self_describing_json.SelfDescribingJson object at 0x72b56c1d9f40>, <snowplow_tracker.self_describing_json.SelfDescribingJson object at 0x72b56ef7d790>]}
[0m23:18:31.324705 [debug] [MainThread]: Flushing usage events
[0m23:18:34.588495 [debug] [MainThread]: An error was encountered while trying to flush usage events
[0m23:20:04.268519 [debug] [MainThread]: Sending event: {'category': 'dbt', 'action': 'invocation', 'label': 'start', 'context': [<snowplow_tracker.self_describing_json.SelfDescribingJson object at 0x773db74833b0>, <snowplow_tracker.self_describing_json.SelfDescribingJson object at 0x773db94a5190>, <snowplow_tracker.self_describing_json.SelfDescribingJson object at 0x773db6cc3260>]}


============================== 23:20:04.270110 | 23cd4696-68d6-41db-8431-15e36b0f44b9 ==============================
[0m23:20:04.270110 [info ] [MainThread]: Running with dbt=1.11.7
[0m23:20:04.270386 [debug] [MainThread]: running dbt with arguments {'target_path': 'None', 'partial_parse': 'True', 'send_anonymous_usage_stats': 'True', 'warn_error': 'None', 'log_format': 'default', 'introspect': 'True', 'use_experimental_parser': 'False', 'warn_error_options': 'WarnErrorOptionsV2(error=[], warn=[], silence=[])', 'static_parser': 'True', 'cache_selected_only': 'False', 'indirect_selection': 'eager', 'profiles_dir': '/home/zp/work/guoji-agent/dbt_liuxue', 'write_json': 'True', 'log_cache_events': 'False', 'no_print': 'None', 'empty': 'False', 'debug': 'False', 'invocation_command': 'dbt run --full-refresh', 'use_colors': 'True', 'printer_width': '80', 'fail_fast': 'False', 'version_check': 'True', 'quiet': 'False', 'log_path': '/home/zp/work/guoji-agent/dbt_liuxue/logs'}
[0m23:20:04.379938 [debug] [MainThread]: Sending event: {'category': 'dbt', 'action': 'project_id', 'label': '23cd4696-68d6-41db-8431-15e36b0f44b9', 'context': [<snowplow_tracker.self_describing_json.SelfDescribingJson object at 0x773db67f99a0>]}
[0m23:20:04.420294 [debug] [MainThread]: Sending event: {'category': 'dbt', 'action': 'adapter_info', 'label': '23cd4696-68d6-41db-8431-15e36b0f44b9', 'context': [<snowplow_tracker.self_describing_json.SelfDescribingJson object at 0x773db5d2b500>]}
[0m23:20:04.420726 [info ] [MainThread]: Registered adapter: postgres=1.10.0
[0m23:20:04.446117 [debug] [MainThread]: checksum: b80718358155fc17c3559352095564dd56ada1cc1a1c0ef2e62c857e71583775, vars: {}, profile: , target: , version: 1.11.7
[0m23:20:04.486854 [debug] [MainThread]: Partial parsing enabled: 0 files deleted, 0 files added, 4 files changed.
[0m23:20:04.487150 [debug] [MainThread]: Partial parsing: updated file: liuxue_warehouse://models/features/feat_gpa_threshold.sql
[0m23:20:04.487367 [debug] [MainThread]: Partial parsing: updated file: liuxue_warehouse://models/intermediate/int_admissions_cleaned.sql
[0m23:20:04.487558 [debug] [MainThread]: Partial parsing: updated file: liuxue_warehouse://models/features/feat_competition_index.sql
[0m23:20:04.487749 [debug] [MainThread]: Partial parsing: updated file: liuxue_warehouse://models/mart/mart_school_admission_stats.sql
[0m23:20:04.639743 [debug] [MainThread]: Sending event: {'category': 'dbt', 'action': 'load_project', 'label': '23cd4696-68d6-41db-8431-15e36b0f44b9', 'context': [<snowplow_tracker.self_describing_json.SelfDescribingJson object at 0x773db49b7a10>]}
[0m23:20:04.693580 [debug] [MainThread]: Wrote artifact WritableManifest to /home/zp/work/guoji-agent/dbt_liuxue/target/manifest.json
[0m23:20:04.695899 [debug] [MainThread]: Wrote artifact SemanticManifest to /home/zp/work/guoji-agent/dbt_liuxue/target/semantic_manifest.json
[0m23:20:04.701553 [debug] [MainThread]: Sending event: {'category': 'dbt', 'action': 'resource_counts', 'label': '23cd4696-68d6-41db-8431-15e36b0f44b9', 'context': [<snowplow_tracker.self_describing_json.SelfDescribingJson object at 0x773db4dc82f0>]}
[0m23:20:04.701791 [info ] [MainThread]: Found 11 models, 1 source, 465 macros
[0m23:20:04.701969 [debug] [MainThread]: Sending event: {'category': 'dbt', 'action': 'runnable_timing', 'label': '23cd4696-68d6-41db-8431-15e36b0f44b9', 'context': [<snowplow_tracker.self_describing_json.SelfDescribingJson object at 0x773db49fe1e0>]}
[0m23:20:04.702928 [info ] [MainThread]: 
[0m23:20:04.703151 [info ] [MainThread]: Concurrency: 2 threads (target='local')
[0m23:20:04.703309 [info ] [MainThread]: 
[0m23:20:04.703556 [debug] [MainThread]: Acquiring new postgres connection 'master'
[0m23:20:04.705525 [debug] [ThreadPool]: Acquiring new postgres connection 'list_warehouse'
[0m23:20:04.717169 [debug] [ThreadPool]: Using postgres connection "list_warehouse"
[0m23:20:04.717374 [debug] [ThreadPool]: On list_warehouse: /* {"app": "dbt", "dbt_version": "1.11.7", "profile_name": "liuxue", "target_name": "local", "connection_name": "list_warehouse"} */

    select distinct nspname from pg_namespace
  
[0m23:20:04.717537 [debug] [ThreadPool]: Opening a new connection, currently in state init
[0m23:20:04.722865 [debug] [ThreadPool]: SQL status: SELECT 5 in 0.005 seconds
[0m23:20:04.723462 [debug] [ThreadPool]: On list_warehouse: Close
[0m23:20:04.724300 [debug] [ThreadPool]: Re-using an available connection from the pool (formerly list_warehouse, now list_warehouse_public)
[0m23:20:04.726906 [debug] [ThreadPool]: Using postgres connection "list_warehouse_public"
[0m23:20:04.727121 [debug] [ThreadPool]: On list_warehouse_public: /* {"app": "dbt", "dbt_version": "1.11.7", "profile_name": "liuxue", "target_name": "local", "connection_name": "list_warehouse_public"} */
select
      'warehouse' as database,
      tablename as name,
      schemaname as schema,
      'table' as type
    from pg_tables
    where schemaname ilike 'public'
    union all
    select
      'warehouse' as database,
      viewname as name,
      schemaname as schema,
      'view' as type
    from pg_views
    where schemaname ilike 'public'
    union all
    select
      'warehouse' as database,
      matviewname as name,
      schemaname as schema,
      'materialized_view' as type
    from pg_matviews
    where schemaname ilike 'public'
  
[0m23:20:04.727299 [debug] [ThreadPool]: Opening a new connection, currently in state closed
[0m23:20:04.731585 [debug] [ThreadPool]: SQL status: SELECT 11 in 0.004 seconds
[0m23:20:04.732253 [debug] [ThreadPool]: On list_warehouse_public: ROLLBACK
[0m23:20:04.732531 [debug] [ThreadPool]: On list_warehouse_public: Close
[0m23:20:04.735296 [debug] [MainThread]: Using postgres connection "master"
[0m23:20:04.735544 [debug] [MainThread]: On master: /* {"app": "dbt", "dbt_version": "1.11.7", "profile_name": "liuxue", "target_name": "local", "connection_name": "master"} */
select distinct
        dependent_namespace.nspname as dependent_schema,
        dependent_class.relname as dependent_name,
        referenced_namespace.nspname as referenced_schema,
        referenced_class.relname as referenced_name

    -- Query for views: views are entries in pg_class with an entry in pg_rewrite, but we avoid
    -- a seq scan on pg_rewrite by leveraging the fact there is an "internal" row in pg_depend for
    -- the view...
    from pg_class as dependent_class
    join pg_namespace as dependent_namespace on dependent_namespace.oid = dependent_class.relnamespace
    join pg_depend as dependent_depend on dependent_depend.refobjid = dependent_class.oid
        and dependent_depend.classid = 'pg_rewrite'::regclass
        and dependent_depend.refclassid = 'pg_class'::regclass
        and dependent_depend.deptype = 'i'

    -- ... and via pg_depend (that has a row per column, hence the need for "distinct" above, and
    -- making sure to exclude the internal row to avoid a view appearing to depend on itself)...
    join pg_depend as joining_depend on joining_depend.objid = dependent_depend.objid
        and joining_depend.classid = 'pg_rewrite'::regclass
        and joining_depend.refclassid = 'pg_class'::regclass
        and joining_depend.refobjid != dependent_depend.refobjid

    -- ... we can find the tables they query from in pg_class, but excluding system tables. Note we
    -- don't need need to exclude _dependent_ system tables, because they only query from other
    -- system tables, and so are automatically excluded by excluding _referenced_ system tables
    join pg_class as referenced_class on referenced_class.oid = joining_depend.refobjid
    join pg_namespace as referenced_namespace on referenced_namespace.oid = referenced_class.relnamespace
        and referenced_namespace.nspname != 'information_schema'
        and referenced_namespace.nspname not like 'pg\_%'

    order by
        dependent_schema, dependent_name, referenced_schema, referenced_name;
[0m23:20:04.735761 [debug] [MainThread]: Opening a new connection, currently in state init
[0m23:20:04.739845 [debug] [MainThread]: SQL status: SELECT 2 in 0.004 seconds
[0m23:20:04.740418 [debug] [MainThread]: Sending event: {'category': 'dbt', 'action': 'runnable_timing', 'label': '23cd4696-68d6-41db-8431-15e36b0f44b9', 'context': [<snowplow_tracker.self_describing_json.SelfDescribingJson object at 0x773db01358b0>]}
[0m23:20:04.740660 [debug] [MainThread]: On master: ROLLBACK
[0m23:20:04.740868 [debug] [MainThread]: On master: COMMIT
[0m23:20:04.741027 [debug] [MainThread]: Using postgres connection "master"
[0m23:20:04.741168 [debug] [MainThread]: On master: COMMIT
[0m23:20:04.741358 [debug] [MainThread]: SQL status: COMMIT in 0.000 seconds
[0m23:20:04.741518 [debug] [MainThread]: On master: Close
[0m23:20:04.742632 [debug] [Thread-1 (]: Began running node model.liuxue_warehouse.stg_gradcafe_admissions
[0m23:20:04.742892 [debug] [Thread-2 (]: Began running node model.liuxue_warehouse.stg_school_info
[0m23:20:04.743183 [info ] [Thread-1 (]: 1 of 11 START sql view model public.stg_gradcafe_admissions .................... [RUN]
[0m23:20:04.743476 [info ] [Thread-2 (]: 2 of 11 START sql view model public.stg_school_info ............................ [RUN]
[0m23:20:04.743735 [debug] [Thread-1 (]: Re-using an available connection from the pool (formerly list_warehouse_public, now model.liuxue_warehouse.stg_gradcafe_admissions)
[0m23:20:04.744020 [debug] [Thread-2 (]: Acquiring new postgres connection 'model.liuxue_warehouse.stg_school_info'
[0m23:20:04.744239 [debug] [Thread-1 (]: Began compiling node model.liuxue_warehouse.stg_gradcafe_admissions
[0m23:20:04.744464 [debug] [Thread-2 (]: Began compiling node model.liuxue_warehouse.stg_school_info
[0m23:20:04.747950 [debug] [Thread-1 (]: Writing injected SQL for node "model.liuxue_warehouse.stg_gradcafe_admissions"
[0m23:20:04.750096 [debug] [Thread-2 (]: Writing injected SQL for node "model.liuxue_warehouse.stg_school_info"
[0m23:20:04.750638 [debug] [Thread-1 (]: Began executing node model.liuxue_warehouse.stg_gradcafe_admissions
[0m23:20:04.761159 [debug] [Thread-2 (]: Began executing node model.liuxue_warehouse.stg_school_info
[0m23:20:04.773648 [debug] [Thread-1 (]: Writing runtime sql for node "model.liuxue_warehouse.stg_gradcafe_admissions"
[0m23:20:04.774012 [debug] [Thread-2 (]: Writing runtime sql for node "model.liuxue_warehouse.stg_school_info"
[0m23:20:04.774338 [debug] [Thread-1 (]: Using postgres connection "model.liuxue_warehouse.stg_gradcafe_admissions"
[0m23:20:04.774583 [debug] [Thread-1 (]: On model.liuxue_warehouse.stg_gradcafe_admissions: /* {"app": "dbt", "dbt_version": "1.11.7", "profile_name": "liuxue", "target_name": "local", "node_id": "model.liuxue_warehouse.stg_gradcafe_admissions"} */

  create view "warehouse"."public"."stg_gradcafe_admissions__dbt_tmp"
    
    
  as (
    -- 清洗 GradCafe 原始数据：类型转换、过滤无效记录
WITH cleaned AS (
    SELECT
        id,
        school,
        program,
        -- 推断学位层级
        CASE
            WHEN program ILIKE '%phd%' OR program ILIKE '%doctor%' THEN 'PhD'
            WHEN program ILIKE '%master%' OR program ILIKE '%ms %' OR program ILIKE '%m.eng%'
                OR program ILIKE '%mba%' OR program ILIKE '%m.a.%' THEN 'Masters'
            WHEN program ILIKE '%bachelor%' OR program ILIKE '%b.s.%' OR program ILIKE '%undergrad%' THEN 'Bachelors'
            ELSE 'Other'
        END AS degree,
        season,
        year,
        nationality,
        CASE
            WHEN decision ILIKE '%accept%' THEN 'Accepted'
            WHEN decision ILIKE '%reject%' THEN 'Rejected'
            WHEN decision ILIKE '%wait%' THEN 'Waitlisted'
            WHEN decision ILIKE '%interview%' THEN 'Interview'
            ELSE 'Other'
        END AS decision,
        decision_date,
        -- GPA 范围校验
        CASE WHEN gpa > 0 AND gpa <= 4.0 THEN gpa ELSE NULL END AS gpa,
        CASE WHEN gre_q >= 130 AND gre_q <= 170 THEN gre_q ELSE NULL END AS gre_q,
        CASE WHEN gre_v >= 130 AND gre_v <= 170 THEN gre_v ELSE NULL END AS gre_v,
        CASE WHEN gre_aw >= 0 AND gre_aw <= 6.0 THEN gre_aw ELSE NULL END AS gre_aw,
        CASE WHEN toefl >= 0 AND toefl <= 120 THEN toefl ELSE NULL END AS toefl,
        comment,
        source_url,
        major_category,
        crawled_at
    FROM raw.gradcafe_admissions
    WHERE school IS NOT NULL
      AND school != ''
)
SELECT * FROM cleaned
  );
[0m23:20:04.774820 [debug] [Thread-2 (]: Using postgres connection "model.liuxue_warehouse.stg_school_info"
[0m23:20:04.775003 [debug] [Thread-1 (]: Opening a new connection, currently in state closed
[0m23:20:04.775195 [debug] [Thread-2 (]: On model.liuxue_warehouse.stg_school_info: /* {"app": "dbt", "dbt_version": "1.11.7", "profile_name": "liuxue", "target_name": "local", "node_id": "model.liuxue_warehouse.stg_school_info"} */

  create view "warehouse"."public"."stg_school_info__dbt_tmp"
    
    
  as (
    -- 从录取数据中提取学校标准化名称
-- 注：完整的大学信息（排名/国家/官网）通过 sync_rankings.py 单独采集
WITH distinct_schools AS (
    SELECT DISTINCT
        school,
        '' AS country,
        NULL::integer AS qs_rank,
        NULL::integer AS usnews_rank
    FROM raw.gradcafe_admissions
    WHERE school IS NOT NULL
)
SELECT
    ROW_NUMBER() OVER () AS school_id,
    school,
    country,
    qs_rank,
    usnews_rank
FROM distinct_schools
  );
[0m23:20:04.775430 [debug] [Thread-2 (]: Opening a new connection, currently in state init
[0m23:20:04.778655 [debug] [Thread-1 (]: SQL status: CREATE VIEW in 0.004 seconds
[0m23:20:04.778886 [debug] [Thread-2 (]: SQL status: CREATE VIEW in 0.003 seconds
[0m23:20:04.781608 [debug] [Thread-1 (]: Using postgres connection "model.liuxue_warehouse.stg_gradcafe_admissions"
[0m23:20:04.782931 [debug] [Thread-2 (]: Using postgres connection "model.liuxue_warehouse.stg_school_info"
[0m23:20:04.783146 [debug] [Thread-1 (]: On model.liuxue_warehouse.stg_gradcafe_admissions: /* {"app": "dbt", "dbt_version": "1.11.7", "profile_name": "liuxue", "target_name": "local", "node_id": "model.liuxue_warehouse.stg_gradcafe_admissions"} */
alter table "warehouse"."public"."stg_gradcafe_admissions" rename to "stg_gradcafe_admissions__dbt_backup"
[0m23:20:04.783354 [debug] [Thread-2 (]: On model.liuxue_warehouse.stg_school_info: /* {"app": "dbt", "dbt_version": "1.11.7", "profile_name": "liuxue", "target_name": "local", "node_id": "model.liuxue_warehouse.stg_school_info"} */
alter table "warehouse"."public"."stg_school_info" rename to "stg_school_info__dbt_backup"
[0m23:20:04.783709 [debug] [Thread-1 (]: SQL status: ALTER TABLE in 0.000 seconds
[0m23:20:04.783904 [debug] [Thread-2 (]: SQL status: ALTER TABLE in 0.000 seconds
[0m23:20:04.785173 [debug] [Thread-1 (]: Using postgres connection "model.liuxue_warehouse.stg_gradcafe_admissions"
[0m23:20:04.786410 [debug] [Thread-2 (]: Using postgres connection "model.liuxue_warehouse.stg_school_info"
[0m23:20:04.786615 [debug] [Thread-1 (]: On model.liuxue_warehouse.stg_gradcafe_admissions: /* {"app": "dbt", "dbt_version": "1.11.7", "profile_name": "liuxue", "target_name": "local", "node_id": "model.liuxue_warehouse.stg_gradcafe_admissions"} */
alter table "warehouse"."public"."stg_gradcafe_admissions__dbt_tmp" rename to "stg_gradcafe_admissions"
[0m23:20:04.786844 [debug] [Thread-2 (]: On model.liuxue_warehouse.stg_school_info: /* {"app": "dbt", "dbt_version": "1.11.7", "profile_name": "liuxue", "target_name": "local", "node_id": "model.liuxue_warehouse.stg_school_info"} */
alter table "warehouse"."public"."stg_school_info__dbt_tmp" rename to "stg_school_info"
[0m23:20:04.787180 [debug] [Thread-1 (]: SQL status: ALTER TABLE in 0.000 seconds
[0m23:20:04.787369 [debug] [Thread-2 (]: SQL status: ALTER TABLE in 0.000 seconds
[0m23:20:04.795074 [debug] [Thread-1 (]: On model.liuxue_warehouse.stg_gradcafe_admissions: COMMIT
[0m23:20:04.795892 [debug] [Thread-2 (]: On model.liuxue_warehouse.stg_school_info: COMMIT
[0m23:20:04.796101 [debug] [Thread-1 (]: Using postgres connection "model.liuxue_warehouse.stg_gradcafe_admissions"
[0m23:20:04.796310 [debug] [Thread-2 (]: Using postgres connection "model.liuxue_warehouse.stg_school_info"
[0m23:20:04.796492 [debug] [Thread-1 (]: On model.liuxue_warehouse.stg_gradcafe_admissions: COMMIT
[0m23:20:04.796680 [debug] [Thread-2 (]: On model.liuxue_warehouse.stg_school_info: COMMIT
[0m23:20:04.797401 [debug] [Thread-1 (]: SQL status: COMMIT in 0.001 seconds
[0m23:20:04.800059 [debug] [Thread-1 (]: Applying DROP to: "warehouse"."public"."stg_gradcafe_admissions__dbt_backup"
[0m23:20:04.800275 [debug] [Thread-2 (]: SQL status: COMMIT in 0.003 seconds
[0m23:20:04.802586 [debug] [Thread-1 (]: Using postgres connection "model.liuxue_warehouse.stg_gradcafe_admissions"
[0m23:20:04.804009 [debug] [Thread-2 (]: Applying DROP to: "warehouse"."public"."stg_school_info__dbt_backup"
[0m23:20:04.804223 [debug] [Thread-1 (]: On model.liuxue_warehouse.stg_gradcafe_admissions: /* {"app": "dbt", "dbt_version": "1.11.7", "profile_name": "liuxue", "target_name": "local", "node_id": "model.liuxue_warehouse.stg_gradcafe_admissions"} */
drop view if exists "warehouse"."public"."stg_gradcafe_admissions__dbt_backup" cascade
[0m23:20:04.804626 [debug] [Thread-2 (]: Using postgres connection "model.liuxue_warehouse.stg_school_info"
[0m23:20:04.804841 [debug] [Thread-2 (]: On model.liuxue_warehouse.stg_school_info: /* {"app": "dbt", "dbt_version": "1.11.7", "profile_name": "liuxue", "target_name": "local", "node_id": "model.liuxue_warehouse.stg_school_info"} */
drop view if exists "warehouse"."public"."stg_school_info__dbt_backup" cascade
[0m23:20:04.805603 [debug] [Thread-1 (]: SQL status: DROP VIEW in 0.001 seconds
[0m23:20:04.806635 [debug] [Thread-1 (]: On model.liuxue_warehouse.stg_gradcafe_admissions: Close
[0m23:20:04.806840 [debug] [Thread-2 (]: SQL status: DROP VIEW in 0.002 seconds
[0m23:20:04.807414 [debug] [Thread-2 (]: On model.liuxue_warehouse.stg_school_info: Close
[0m23:20:04.808299 [debug] [Thread-1 (]: Sending event: {'category': 'dbt', 'action': 'run_model', 'label': '23cd4696-68d6-41db-8431-15e36b0f44b9', 'context': [<snowplow_tracker.self_describing_json.SelfDescribingJson object at 0x773db92373b0>]}
[0m23:20:04.808507 [debug] [Thread-2 (]: Sending event: {'category': 'dbt', 'action': 'run_model', 'label': '23cd4696-68d6-41db-8431-15e36b0f44b9', 'context': [<snowplow_tracker.self_describing_json.SelfDescribingJson object at 0x773da932df10>]}
[0m23:20:04.808831 [info ] [Thread-1 (]: 1 of 11 OK created sql view model public.stg_gradcafe_admissions ............... [[32mCREATE VIEW[0m in 0.06s]
[0m23:20:04.809160 [info ] [Thread-2 (]: 2 of 11 OK created sql view model public.stg_school_info ....................... [[32mCREATE VIEW[0m in 0.06s]
[0m23:20:04.809448 [debug] [Thread-1 (]: Finished running node model.liuxue_warehouse.stg_gradcafe_admissions
[0m23:20:04.809707 [debug] [Thread-2 (]: Finished running node model.liuxue_warehouse.stg_school_info
[0m23:20:04.810131 [debug] [Thread-1 (]: Began running node model.liuxue_warehouse.feat_gre_impact
[0m23:20:04.810324 [debug] [Thread-2 (]: Began running node model.liuxue_warehouse.int_admissions_cleaned
[0m23:20:04.810539 [info ] [Thread-1 (]: 3 of 11 START sql table model public.feat_gre_impact ........................... [RUN]
[0m23:20:04.810779 [info ] [Thread-2 (]: 4 of 11 START sql table model public.int_admissions_cleaned .................... [RUN]
[0m23:20:04.810985 [debug] [Thread-1 (]: Re-using an available connection from the pool (formerly model.liuxue_warehouse.stg_gradcafe_admissions, now model.liuxue_warehouse.feat_gre_impact)
[0m23:20:04.811192 [debug] [Thread-2 (]: Re-using an available connection from the pool (formerly model.liuxue_warehouse.stg_school_info, now model.liuxue_warehouse.int_admissions_cleaned)
[0m23:20:04.811371 [debug] [Thread-1 (]: Began compiling node model.liuxue_warehouse.feat_gre_impact
[0m23:20:04.811549 [debug] [Thread-2 (]: Began compiling node model.liuxue_warehouse.int_admissions_cleaned
[0m23:20:04.812718 [debug] [Thread-1 (]: Writing injected SQL for node "model.liuxue_warehouse.feat_gre_impact"
[0m23:20:04.813892 [debug] [Thread-2 (]: Writing injected SQL for node "model.liuxue_warehouse.int_admissions_cleaned"
[0m23:20:04.814193 [debug] [Thread-1 (]: Began executing node model.liuxue_warehouse.feat_gre_impact
[0m23:20:04.819604 [debug] [Thread-2 (]: Began executing node model.liuxue_warehouse.int_admissions_cleaned
[0m23:20:04.823245 [debug] [Thread-1 (]: Writing runtime sql for node "model.liuxue_warehouse.feat_gre_impact"
[0m23:20:04.824820 [debug] [Thread-2 (]: Writing runtime sql for node "model.liuxue_warehouse.int_admissions_cleaned"
[0m23:20:04.825147 [debug] [Thread-1 (]: Using postgres connection "model.liuxue_warehouse.feat_gre_impact"
[0m23:20:04.825371 [debug] [Thread-1 (]: On model.liuxue_warehouse.feat_gre_impact: /* {"app": "dbt", "dbt_version": "1.11.7", "profile_name": "liuxue", "target_name": "local", "node_id": "model.liuxue_warehouse.feat_gre_impact"} */

  
    

  create  table "warehouse"."public"."feat_gre_impact__dbt_tmp"
  
  
    as
  
  (
    -- GRE 成绩对录取的影响分析
SELECT
    school, program, degree,
    ROUND(AVG(gre_q)::numeric, 1) AS gre_q_mean,
    ROUND(AVG(gre_v)::numeric, 1) AS gre_v_mean,
    -- 国际生录取中 GRE Q 的关键度
    ROUND(
        AVG(CASE WHEN gre_q >= 165 THEN 1.0 ELSE 0.0 END)::numeric, 2
    ) AS gre_q_high_ratio,
    -- GRE 对录取的区分度
    ROUND(
        (
            AVG(CASE WHEN decision = 'Accepted' AND gre_q IS NOT NULL THEN gre_q END) -
            AVG(CASE WHEN decision = 'Rejected' AND gre_q IS NOT NULL THEN gre_q END)
        )::numeric, 1
    ) AS gre_q_acceptance_delta,
    COUNT(*) FILTER (WHERE gre_q IS NOT NULL) AS gre_samples
FROM "warehouse"."public"."stg_gradcafe_admissions"
WHERE degree IN ('Masters', 'PhD')
  AND gre_q IS NOT NULL
GROUP BY school, program, degree
HAVING COUNT(*) FILTER (WHERE gre_q IS NOT NULL) >= 5
  );
  
[0m23:20:04.825600 [debug] [Thread-2 (]: Using postgres connection "model.liuxue_warehouse.int_admissions_cleaned"
[0m23:20:04.825793 [debug] [Thread-1 (]: Opening a new connection, currently in state closed
[0m23:20:04.826017 [debug] [Thread-2 (]: On model.liuxue_warehouse.int_admissions_cleaned: /* {"app": "dbt", "dbt_version": "1.11.7", "profile_name": "liuxue", "target_name": "local", "node_id": "model.liuxue_warehouse.int_admissions_cleaned"} */

  
    

  create  table "warehouse"."public"."int_admissions_cleaned__dbt_tmp"
  
  
    as
  
  (
    -- 中间层：录取数据按校+学位聚合（GradCafe 数据太分散，单个 program 样本量不够）
WITH base AS (
    SELECT
        school, program, degree, season, year,
        nationality, decision, gpa, gre_q, gre_v, gre_aw, toefl,
        major_category
    FROM "warehouse"."public"."stg_gradcafe_admissions"
    WHERE gpa IS NOT NULL
      AND degree IN ('Masters', 'PhD', 'Bachelors')
)
SELECT
    school,
    NULL AS program,  -- GradCafe 数据太分散，不按 program 聚合
    degree,
    NULL AS season,
    NULL::int AS year,
    -- 录取统计
    COUNT(*) AS total_cases,
    SUM(CASE WHEN decision = 'Accepted' THEN 1 ELSE 0 END) AS accepted_count,
    SUM(CASE WHEN decision = 'Rejected' THEN 1 ELSE 0 END) AS rejected_count,
    ROUND(
        SUM(CASE WHEN decision = 'Accepted' THEN 1.0 ELSE 0 END) / NULLIF(COUNT(*), 0), 3
    ) AS acceptance_rate,
    -- GPA 分位数
    ROUND(AVG(gpa)::numeric, 2) AS gpa_mean,
    ROUND(PERCENTILE_CONT(0.25) WITHIN GROUP (ORDER BY gpa)::numeric, 2) AS gpa_p25,
    ROUND(PERCENTILE_CONT(0.50) WITHIN GROUP (ORDER BY gpa)::numeric, 2) AS gpa_p50,
    ROUND(PERCENTILE_CONT(0.75) WITHIN GROUP (ORDER BY gpa)::numeric, 2) AS gpa_p75,
    -- GRE 统计
    ROUND(AVG(gre_q)::numeric, 1) AS gre_q_mean,
    ROUND(AVG(gre_v)::numeric, 1) AS gre_v_mean,
    -- 国际生占比
    ROUND(
        SUM(CASE WHEN nationality = 'International' THEN 1.0 ELSE 0 END) / NULLIF(COUNT(*), 0), 3
    ) AS international_ratio,
    -- 样本量
    COUNT(*) FILTER (WHERE gpa IS NOT NULL) AS gpa_samples
FROM base
GROUP BY school, degree
HAVING COUNT(*) >= 5  -- 至少 5 条案例才纳入统计
  );
  
[0m23:20:04.826285 [debug] [Thread-2 (]: Opening a new connection, currently in state closed
[0m23:20:04.830788 [debug] [Thread-1 (]: SQL status: SELECT 0 in 0.005 seconds
[0m23:20:04.833853 [debug] [Thread-1 (]: Using postgres connection "model.liuxue_warehouse.feat_gre_impact"
[0m23:20:04.834074 [debug] [Thread-2 (]: SQL status: SELECT 39 in 0.008 seconds
[0m23:20:04.834285 [debug] [Thread-1 (]: On model.liuxue_warehouse.feat_gre_impact: /* {"app": "dbt", "dbt_version": "1.11.7", "profile_name": "liuxue", "target_name": "local", "node_id": "model.liuxue_warehouse.feat_gre_impact"} */
alter table "warehouse"."public"."feat_gre_impact" rename to "feat_gre_impact__dbt_backup"
[0m23:20:04.835738 [debug] [Thread-2 (]: Using postgres connection "model.liuxue_warehouse.int_admissions_cleaned"
[0m23:20:04.835973 [debug] [Thread-2 (]: On model.liuxue_warehouse.int_admissions_cleaned: /* {"app": "dbt", "dbt_version": "1.11.7", "profile_name": "liuxue", "target_name": "local", "node_id": "model.liuxue_warehouse.int_admissions_cleaned"} */
alter table "warehouse"."public"."int_admissions_cleaned" rename to "int_admissions_cleaned__dbt_backup"
[0m23:20:04.836170 [debug] [Thread-1 (]: SQL status: ALTER TABLE in 0.000 seconds
[0m23:20:04.837427 [debug] [Thread-1 (]: Using postgres connection "model.liuxue_warehouse.feat_gre_impact"
[0m23:20:04.837638 [debug] [Thread-2 (]: SQL status: ALTER TABLE in 0.001 seconds
[0m23:20:04.837827 [debug] [Thread-1 (]: On model.liuxue_warehouse.feat_gre_impact: /* {"app": "dbt", "dbt_version": "1.11.7", "profile_name": "liuxue", "target_name": "local", "node_id": "model.liuxue_warehouse.feat_gre_impact"} */
alter table "warehouse"."public"."feat_gre_impact__dbt_tmp" rename to "feat_gre_impact"
[0m23:20:04.839161 [debug] [Thread-2 (]: Using postgres connection "model.liuxue_warehouse.int_admissions_cleaned"
[0m23:20:04.839393 [debug] [Thread-2 (]: On model.liuxue_warehouse.int_admissions_cleaned: /* {"app": "dbt", "dbt_version": "1.11.7", "profile_name": "liuxue", "target_name": "local", "node_id": "model.liuxue_warehouse.int_admissions_cleaned"} */
alter table "warehouse"."public"."int_admissions_cleaned__dbt_tmp" rename to "int_admissions_cleaned"
[0m23:20:04.839588 [debug] [Thread-1 (]: SQL status: ALTER TABLE in 0.000 seconds
[0m23:20:04.840449 [debug] [Thread-1 (]: On model.liuxue_warehouse.feat_gre_impact: COMMIT
[0m23:20:04.840657 [debug] [Thread-2 (]: SQL status: ALTER TABLE in 0.001 seconds
[0m23:20:04.840844 [debug] [Thread-1 (]: Using postgres connection "model.liuxue_warehouse.feat_gre_impact"
[0m23:20:04.841635 [debug] [Thread-2 (]: On model.liuxue_warehouse.int_admissions_cleaned: COMMIT
[0m23:20:04.841834 [debug] [Thread-1 (]: On model.liuxue_warehouse.feat_gre_impact: COMMIT
[0m23:20:04.842029 [debug] [Thread-2 (]: Using postgres connection "model.liuxue_warehouse.int_admissions_cleaned"
[0m23:20:04.842226 [debug] [Thread-2 (]: On model.liuxue_warehouse.int_admissions_cleaned: COMMIT
[0m23:20:04.842710 [debug] [Thread-1 (]: SQL status: COMMIT in 0.000 seconds
[0m23:20:04.844198 [debug] [Thread-1 (]: Applying DROP to: "warehouse"."public"."feat_gre_impact__dbt_backup"
[0m23:20:04.844406 [debug] [Thread-2 (]: SQL status: COMMIT in 0.002 seconds
[0m23:20:04.845807 [debug] [Thread-1 (]: Using postgres connection "model.liuxue_warehouse.feat_gre_impact"
[0m23:20:04.846839 [debug] [Thread-2 (]: Applying DROP to: "warehouse"."public"."int_admissions_cleaned__dbt_backup"
[0m23:20:04.847063 [debug] [Thread-1 (]: On model.liuxue_warehouse.feat_gre_impact: /* {"app": "dbt", "dbt_version": "1.11.7", "profile_name": "liuxue", "target_name": "local", "node_id": "model.liuxue_warehouse.feat_gre_impact"} */
drop table if exists "warehouse"."public"."feat_gre_impact__dbt_backup" cascade
[0m23:20:04.847466 [debug] [Thread-2 (]: Using postgres connection "model.liuxue_warehouse.int_admissions_cleaned"
[0m23:20:04.847674 [debug] [Thread-2 (]: On model.liuxue_warehouse.int_admissions_cleaned: /* {"app": "dbt", "dbt_version": "1.11.7", "profile_name": "liuxue", "target_name": "local", "node_id": "model.liuxue_warehouse.int_admissions_cleaned"} */
drop table if exists "warehouse"."public"."int_admissions_cleaned__dbt_backup" cascade
[0m23:20:04.848650 [debug] [Thread-1 (]: SQL status: DROP TABLE in 0.001 seconds
[0m23:20:04.849252 [debug] [Thread-1 (]: On model.liuxue_warehouse.feat_gre_impact: Close
[0m23:20:04.849457 [debug] [Thread-2 (]: SQL status: DROP TABLE in 0.002 seconds
[0m23:20:04.850055 [debug] [Thread-2 (]: On model.liuxue_warehouse.int_admissions_cleaned: Close
[0m23:20:04.850326 [debug] [Thread-1 (]: Sending event: {'category': 'dbt', 'action': 'run_model', 'label': '23cd4696-68d6-41db-8431-15e36b0f44b9', 'context': [<snowplow_tracker.self_describing_json.SelfDescribingJson object at 0x773da930d4c0>]}
[0m23:20:04.850881 [debug] [Thread-2 (]: Sending event: {'category': 'dbt', 'action': 'run_model', 'label': '23cd4696-68d6-41db-8431-15e36b0f44b9', 'context': [<snowplow_tracker.self_describing_json.SelfDescribingJson object at 0x773da93734d0>]}
[0m23:20:04.850650 [info ] [Thread-1 (]: 3 of 11 OK created sql table model public.feat_gre_impact ...................... [[32mSELECT 0[0m in 0.04s]
[0m23:20:04.851236 [info ] [Thread-2 (]: 4 of 11 OK created sql table model public.int_admissions_cleaned ............... [[32mSELECT 39[0m in 0.04s]
[0m23:20:04.851509 [debug] [Thread-1 (]: Finished running node model.liuxue_warehouse.feat_gre_impact
[0m23:20:04.851764 [debug] [Thread-2 (]: Finished running node model.liuxue_warehouse.int_admissions_cleaned
[0m23:20:04.852103 [debug] [Thread-1 (]: Began running node model.liuxue_warehouse.mart_major_trend
[0m23:20:04.852417 [info ] [Thread-1 (]: 5 of 11 START sql table model public.mart_major_trend .......................... [RUN]
[0m23:20:04.852673 [debug] [Thread-1 (]: Re-using an available connection from the pool (formerly model.liuxue_warehouse.feat_gre_impact, now model.liuxue_warehouse.mart_major_trend)
[0m23:20:04.852936 [debug] [Thread-2 (]: Began running node model.liuxue_warehouse.feat_competition_index
[0m23:20:04.853217 [debug] [Thread-1 (]: Began compiling node model.liuxue_warehouse.mart_major_trend
[0m23:20:04.853533 [info ] [Thread-2 (]: 6 of 11 START sql table model public.feat_competition_index .................... [RUN]
[0m23:20:04.854779 [debug] [Thread-1 (]: Writing injected SQL for node "model.liuxue_warehouse.mart_major_trend"
[0m23:20:04.855052 [debug] [Thread-2 (]: Re-using an available connection from the pool (formerly model.liuxue_warehouse.int_admissions_cleaned, now model.liuxue_warehouse.feat_competition_index)
[0m23:20:04.855414 [debug] [Thread-2 (]: Began compiling node model.liuxue_warehouse.feat_competition_index
[0m23:20:04.857151 [debug] [Thread-2 (]: Writing injected SQL for node "model.liuxue_warehouse.feat_competition_index"
[0m23:20:04.857479 [debug] [Thread-1 (]: Began executing node model.liuxue_warehouse.mart_major_trend
[0m23:20:04.859088 [debug] [Thread-1 (]: Writing runtime sql for node "model.liuxue_warehouse.mart_major_trend"
[0m23:20:04.859413 [debug] [Thread-2 (]: Began executing node model.liuxue_warehouse.feat_competition_index
[0m23:20:04.861076 [debug] [Thread-2 (]: Writing runtime sql for node "model.liuxue_warehouse.feat_competition_index"
[0m23:20:04.861298 [debug] [Thread-1 (]: Using postgres connection "model.liuxue_warehouse.mart_major_trend"
[0m23:20:04.861534 [debug] [Thread-1 (]: On model.liuxue_warehouse.mart_major_trend: /* {"app": "dbt", "dbt_version": "1.11.7", "profile_name": "liuxue", "target_name": "local", "node_id": "model.liuxue_warehouse.mart_major_trend"} */

  
    

  create  table "warehouse"."public"."mart_major_trend__dbt_tmp"
  
  
    as
  
  (
    -- 各专业大类的录取趋势
SELECT
    major_category,
    degree,
    year,
    COUNT(*) AS total_applications,
    ROUND(AVG(gpa)::numeric, 2) AS avg_gpa,
    ROUND(AVG(gre_q)::numeric, 1) AS avg_gre_q,
    ROUND(
        SUM(CASE WHEN decision = 'Accepted' THEN 1.0 ELSE 0 END) / NULLIF(COUNT(*), 0), 3
    ) AS acceptance_rate
FROM "warehouse"."public"."stg_gradcafe_admissions"
WHERE year IS NOT NULL
  AND gpa IS NOT NULL
  AND degree IN ('Masters', 'PhD')
GROUP BY major_category, degree, year
HAVING COUNT(*) >= 20
ORDER BY major_category, degree, year DESC
  );
  
[0m23:20:04.861728 [debug] [Thread-1 (]: Opening a new connection, currently in state closed
[0m23:20:04.861977 [debug] [Thread-2 (]: Using postgres connection "model.liuxue_warehouse.feat_competition_index"
[0m23:20:04.862183 [debug] [Thread-2 (]: On model.liuxue_warehouse.feat_competition_index: /* {"app": "dbt", "dbt_version": "1.11.7", "profile_name": "liuxue", "target_name": "local", "node_id": "model.liuxue_warehouse.feat_competition_index"} */

  
    

  create  table "warehouse"."public"."feat_competition_index__dbt_tmp"
  
  
    as
  
  (
    -- 专业竞争指数：综合录取率和申请者 GPA 水平
SELECT
    school, program, degree,
    acceptance_rate,
    gpa_p50,
    international_ratio,
    total_cases,
    -- 竞争指数 (0-100): GPA 门槛越高 + 录取率越低 = 越难进
    ROUND(
        (gpa_p50 * 25 - 50) + ((1 - acceptance_rate) * 100)
    )::integer AS competition_score,
    CASE
        WHEN acceptance_rate < 0.2 AND gpa_p50 > 3.7 THEN 'S-Tier (Extremely Selective)'
        WHEN acceptance_rate < 0.35 AND gpa_p50 > 3.5 THEN 'A-Tier (Very Selective)'
        WHEN acceptance_rate < 0.5 THEN 'B-Tier (Selective)'
        ELSE 'C-Tier (Accessible)'
    END AS tier
FROM "warehouse"."public"."int_admissions_cleaned"
WHERE total_cases >= 5
  );
  
[0m23:20:04.862368 [debug] [Thread-2 (]: Opening a new connection, currently in state closed
[0m23:20:04.865456 [debug] [Thread-2 (]: SQL status: SELECT 39 in 0.003 seconds
[0m23:20:04.866869 [debug] [Thread-2 (]: Using postgres connection "model.liuxue_warehouse.feat_competition_index"
[0m23:20:04.867067 [debug] [Thread-2 (]: On model.liuxue_warehouse.feat_competition_index: /* {"app": "dbt", "dbt_version": "1.11.7", "profile_name": "liuxue", "target_name": "local", "node_id": "model.liuxue_warehouse.feat_competition_index"} */
alter table "warehouse"."public"."feat_competition_index" rename to "feat_competition_index__dbt_backup"
[0m23:20:04.867351 [debug] [Thread-2 (]: SQL status: ALTER TABLE in 0.000 seconds
[0m23:20:04.868576 [debug] [Thread-2 (]: Using postgres connection "model.liuxue_warehouse.feat_competition_index"
[0m23:20:04.868787 [debug] [Thread-1 (]: SQL status: SELECT 16 in 0.007 seconds
[0m23:20:04.869003 [debug] [Thread-2 (]: On model.liuxue_warehouse.feat_competition_index: /* {"app": "dbt", "dbt_version": "1.11.7", "profile_name": "liuxue", "target_name": "local", "node_id": "model.liuxue_warehouse.feat_competition_index"} */
alter table "warehouse"."public"."feat_competition_index__dbt_tmp" rename to "feat_competition_index"
[0m23:20:04.870403 [debug] [Thread-1 (]: Using postgres connection "model.liuxue_warehouse.mart_major_trend"
[0m23:20:04.870625 [debug] [Thread-1 (]: On model.liuxue_warehouse.mart_major_trend: /* {"app": "dbt", "dbt_version": "1.11.7", "profile_name": "liuxue", "target_name": "local", "node_id": "model.liuxue_warehouse.mart_major_trend"} */
alter table "warehouse"."public"."mart_major_trend" rename to "mart_major_trend__dbt_backup"
[0m23:20:04.870838 [debug] [Thread-2 (]: SQL status: ALTER TABLE in 0.000 seconds
[0m23:20:04.871050 [debug] [Thread-1 (]: SQL status: ALTER TABLE in 0.000 seconds
[0m23:20:04.871879 [debug] [Thread-2 (]: On model.liuxue_warehouse.feat_competition_index: COMMIT
[0m23:20:04.873080 [debug] [Thread-1 (]: Using postgres connection "model.liuxue_warehouse.mart_major_trend"
[0m23:20:04.873342 [debug] [Thread-2 (]: Using postgres connection "model.liuxue_warehouse.feat_competition_index"
[0m23:20:04.873549 [debug] [Thread-1 (]: On model.liuxue_warehouse.mart_major_trend: /* {"app": "dbt", "dbt_version": "1.11.7", "profile_name": "liuxue", "target_name": "local", "node_id": "model.liuxue_warehouse.mart_major_trend"} */
alter table "warehouse"."public"."mart_major_trend__dbt_tmp" rename to "mart_major_trend"
[0m23:20:04.873752 [debug] [Thread-2 (]: On model.liuxue_warehouse.feat_competition_index: COMMIT
[0m23:20:04.874012 [debug] [Thread-1 (]: SQL status: ALTER TABLE in 0.000 seconds
[0m23:20:04.874774 [debug] [Thread-1 (]: On model.liuxue_warehouse.mart_major_trend: COMMIT
[0m23:20:04.874971 [debug] [Thread-2 (]: SQL status: COMMIT in 0.001 seconds
[0m23:20:04.875158 [debug] [Thread-1 (]: Using postgres connection "model.liuxue_warehouse.mart_major_trend"
[0m23:20:04.876713 [debug] [Thread-2 (]: Applying DROP to: "warehouse"."public"."feat_competition_index__dbt_backup"
[0m23:20:04.876936 [debug] [Thread-1 (]: On model.liuxue_warehouse.mart_major_trend: COMMIT
[0m23:20:04.877397 [debug] [Thread-2 (]: Using postgres connection "model.liuxue_warehouse.feat_competition_index"
[0m23:20:04.877639 [debug] [Thread-2 (]: On model.liuxue_warehouse.feat_competition_index: /* {"app": "dbt", "dbt_version": "1.11.7", "profile_name": "liuxue", "target_name": "local", "node_id": "model.liuxue_warehouse.feat_competition_index"} */
drop table if exists "warehouse"."public"."feat_competition_index__dbt_backup" cascade
[0m23:20:04.878196 [debug] [Thread-1 (]: SQL status: COMMIT in 0.001 seconds
[0m23:20:04.879430 [debug] [Thread-1 (]: Applying DROP to: "warehouse"."public"."mart_major_trend__dbt_backup"
[0m23:20:04.879725 [debug] [Thread-2 (]: SQL status: DROP TABLE in 0.002 seconds
[0m23:20:04.880305 [debug] [Thread-1 (]: Using postgres connection "model.liuxue_warehouse.mart_major_trend"
[0m23:20:04.881209 [debug] [Thread-2 (]: On model.liuxue_warehouse.feat_competition_index: Close
[0m23:20:04.881509 [debug] [Thread-1 (]: On model.liuxue_warehouse.mart_major_trend: /* {"app": "dbt", "dbt_version": "1.11.7", "profile_name": "liuxue", "target_name": "local", "node_id": "model.liuxue_warehouse.mart_major_trend"} */
drop table if exists "warehouse"."public"."mart_major_trend__dbt_backup" cascade
[0m23:20:04.882001 [debug] [Thread-2 (]: Sending event: {'category': 'dbt', 'action': 'run_model', 'label': '23cd4696-68d6-41db-8431-15e36b0f44b9', 'context': [<snowplow_tracker.self_describing_json.SelfDescribingJson object at 0x773da93bdb80>]}
[0m23:20:04.882566 [info ] [Thread-2 (]: 6 of 11 OK created sql table model public.feat_competition_index ............... [[32mSELECT 39[0m in 0.03s]
[0m23:20:04.883014 [debug] [Thread-2 (]: Finished running node model.liuxue_warehouse.feat_competition_index
[0m23:20:04.883311 [debug] [Thread-1 (]: SQL status: DROP TABLE in 0.001 seconds
[0m23:20:04.883637 [debug] [Thread-2 (]: Began running node model.liuxue_warehouse.feat_gpa_threshold
[0m23:20:04.884534 [debug] [Thread-1 (]: On model.liuxue_warehouse.mart_major_trend: Close
[0m23:20:04.884893 [info ] [Thread-2 (]: 7 of 11 START sql table model public.feat_gpa_threshold ........................ [RUN]
[0m23:20:04.885233 [debug] [Thread-2 (]: Re-using an available connection from the pool (formerly model.liuxue_warehouse.feat_competition_index, now model.liuxue_warehouse.feat_gpa_threshold)
[0m23:20:04.885589 [debug] [Thread-1 (]: Sending event: {'category': 'dbt', 'action': 'run_model', 'label': '23cd4696-68d6-41db-8431-15e36b0f44b9', 'context': [<snowplow_tracker.self_describing_json.SelfDescribingJson object at 0x773da93b0a10>]}
[0m23:20:04.885886 [debug] [Thread-2 (]: Began compiling node model.liuxue_warehouse.feat_gpa_threshold
[0m23:20:04.886322 [info ] [Thread-1 (]: 5 of 11 OK created sql table model public.mart_major_trend ..................... [[32mSELECT 16[0m in 0.03s]
[0m23:20:04.888125 [debug] [Thread-2 (]: Writing injected SQL for node "model.liuxue_warehouse.feat_gpa_threshold"
[0m23:20:04.888549 [debug] [Thread-1 (]: Finished running node model.liuxue_warehouse.mart_major_trend
[0m23:20:04.888970 [debug] [Thread-2 (]: Began executing node model.liuxue_warehouse.feat_gpa_threshold
[0m23:20:04.891115 [debug] [Thread-2 (]: Writing runtime sql for node "model.liuxue_warehouse.feat_gpa_threshold"
[0m23:20:04.891468 [debug] [Thread-2 (]: Using postgres connection "model.liuxue_warehouse.feat_gpa_threshold"
[0m23:20:04.891725 [debug] [Thread-2 (]: On model.liuxue_warehouse.feat_gpa_threshold: /* {"app": "dbt", "dbt_version": "1.11.7", "profile_name": "liuxue", "target_name": "local", "node_id": "model.liuxue_warehouse.feat_gpa_threshold"} */

  
    

  create  table "warehouse"."public"."feat_gpa_threshold__dbt_tmp"
  
  
    as
  
  (
    -- 各校各专业的 GPA 录取阈值（按学位分层）
SELECT
    school, program, degree,
    gpa_p25, gpa_p50, gpa_p75,
    acceptance_rate,
    total_cases AS sample_size,
    CASE
        WHEN acceptance_rate >= 0.7 THEN 'Low Competition'
        WHEN acceptance_rate >= 0.4 THEN 'Moderate'
        ELSE 'High Competition'
    END AS competition_level,
    -- GPA 分级建议
    CASE
        WHEN gpa_p75 >= 3.8 THEN 'Ultra Competitive'
        WHEN gpa_p50 >= 3.5 THEN 'Competitive'
        WHEN gpa_p50 >= 3.2 THEN 'Moderate'
        ELSE 'Accessible'
    END AS gpa_requirement_level
FROM "warehouse"."public"."int_admissions_cleaned"
WHERE gpa_samples >= 5  -- 至少 5 个 GPA 样本
  );
  
[0m23:20:04.891954 [debug] [Thread-2 (]: Opening a new connection, currently in state closed
[0m23:20:04.895285 [debug] [Thread-2 (]: SQL status: SELECT 39 in 0.003 seconds
[0m23:20:04.896822 [debug] [Thread-2 (]: Using postgres connection "model.liuxue_warehouse.feat_gpa_threshold"
[0m23:20:04.897043 [debug] [Thread-2 (]: On model.liuxue_warehouse.feat_gpa_threshold: /* {"app": "dbt", "dbt_version": "1.11.7", "profile_name": "liuxue", "target_name": "local", "node_id": "model.liuxue_warehouse.feat_gpa_threshold"} */
alter table "warehouse"."public"."feat_gpa_threshold" rename to "feat_gpa_threshold__dbt_backup"
[0m23:20:04.897333 [debug] [Thread-2 (]: SQL status: ALTER TABLE in 0.000 seconds
[0m23:20:04.898571 [debug] [Thread-2 (]: Using postgres connection "model.liuxue_warehouse.feat_gpa_threshold"
[0m23:20:04.898777 [debug] [Thread-2 (]: On model.liuxue_warehouse.feat_gpa_threshold: /* {"app": "dbt", "dbt_version": "1.11.7", "profile_name": "liuxue", "target_name": "local", "node_id": "model.liuxue_warehouse.feat_gpa_threshold"} */
alter table "warehouse"."public"."feat_gpa_threshold__dbt_tmp" rename to "feat_gpa_threshold"
[0m23:20:04.899029 [debug] [Thread-2 (]: SQL status: ALTER TABLE in 0.000 seconds
[0m23:20:04.899796 [debug] [Thread-2 (]: On model.liuxue_warehouse.feat_gpa_threshold: COMMIT
[0m23:20:04.899994 [debug] [Thread-2 (]: Using postgres connection "model.liuxue_warehouse.feat_gpa_threshold"
[0m23:20:04.900165 [debug] [Thread-2 (]: On model.liuxue_warehouse.feat_gpa_threshold: COMMIT
[0m23:20:04.900667 [debug] [Thread-2 (]: SQL status: COMMIT in 0.000 seconds
[0m23:20:04.901677 [debug] [Thread-2 (]: Applying DROP to: "warehouse"."public"."feat_gpa_threshold__dbt_backup"
[0m23:20:04.902063 [debug] [Thread-2 (]: Using postgres connection "model.liuxue_warehouse.feat_gpa_threshold"
[0m23:20:04.902249 [debug] [Thread-2 (]: On model.liuxue_warehouse.feat_gpa_threshold: /* {"app": "dbt", "dbt_version": "1.11.7", "profile_name": "liuxue", "target_name": "local", "node_id": "model.liuxue_warehouse.feat_gpa_threshold"} */
drop table if exists "warehouse"."public"."feat_gpa_threshold__dbt_backup" cascade
[0m23:20:04.903175 [debug] [Thread-2 (]: SQL status: DROP TABLE in 0.001 seconds
[0m23:20:04.903716 [debug] [Thread-2 (]: On model.liuxue_warehouse.feat_gpa_threshold: Close
[0m23:20:04.904027 [debug] [Thread-2 (]: Sending event: {'category': 'dbt', 'action': 'run_model', 'label': '23cd4696-68d6-41db-8431-15e36b0f44b9', 'context': [<snowplow_tracker.self_describing_json.SelfDescribingJson object at 0x773db4dba4b0>]}
[0m23:20:04.904326 [info ] [Thread-2 (]: 7 of 11 OK created sql table model public.feat_gpa_threshold ................... [[32mSELECT 39[0m in 0.02s]
[0m23:20:04.904595 [debug] [Thread-2 (]: Finished running node model.liuxue_warehouse.feat_gpa_threshold
[0m23:20:04.904945 [debug] [Thread-1 (]: Began running node model.liuxue_warehouse.mart_school_admission_stats
[0m23:20:04.905182 [info ] [Thread-1 (]: 8 of 11 START sql table model public.mart_school_admission_stats ............... [RUN]
[0m23:20:04.905401 [debug] [Thread-1 (]: Re-using an available connection from the pool (formerly model.liuxue_warehouse.mart_major_trend, now model.liuxue_warehouse.mart_school_admission_stats)
[0m23:20:04.905583 [debug] [Thread-1 (]: Began compiling node model.liuxue_warehouse.mart_school_admission_stats
[0m23:20:04.906920 [debug] [Thread-1 (]: Writing injected SQL for node "model.liuxue_warehouse.mart_school_admission_stats"
[0m23:20:04.907203 [debug] [Thread-1 (]: Began executing node model.liuxue_warehouse.mart_school_admission_stats
[0m23:20:04.908769 [debug] [Thread-1 (]: Writing runtime sql for node "model.liuxue_warehouse.mart_school_admission_stats"
[0m23:20:04.909044 [debug] [Thread-1 (]: Using postgres connection "model.liuxue_warehouse.mart_school_admission_stats"
[0m23:20:04.909253 [debug] [Thread-1 (]: On model.liuxue_warehouse.mart_school_admission_stats: /* {"app": "dbt", "dbt_version": "1.11.7", "profile_name": "liuxue", "target_name": "local", "node_id": "model.liuxue_warehouse.mart_school_admission_stats"} */

  
    

  create  table "warehouse"."public"."mart_school_admission_stats__dbt_tmp"
  
  
    as
  
  (
    -- 学校-专业录取统计（Mart层汇总，给API和Dashboard用）
SELECT
    f.school,
    f.program,
    f.degree,
    f.gpa_p25, f.gpa_p50, f.gpa_p75,
    f.acceptance_rate,
    f.competition_level,
    f.gpa_requirement_level,
    f.sample_size,
    c.competition_score,
    c.tier,
    g.gre_q_mean, g.gre_v_mean,
    g.gre_q_acceptance_delta,
    c.international_ratio
FROM "warehouse"."public"."feat_gpa_threshold" f
LEFT JOIN "warehouse"."public"."feat_competition_index" c
    ON f.school = c.school AND f.program = c.program AND f.degree = c.degree
LEFT JOIN "warehouse"."public"."feat_gre_impact" g
    ON f.school = g.school AND f.program = g.program AND f.degree = g.degree
WHERE f.sample_size >= 5
ORDER BY c.competition_score DESC NULLS LAST
  );
  
[0m23:20:04.909449 [debug] [Thread-1 (]: Opening a new connection, currently in state closed
[0m23:20:04.913020 [debug] [Thread-1 (]: SQL status: SELECT 39 in 0.004 seconds
[0m23:20:04.914913 [debug] [Thread-1 (]: Using postgres connection "model.liuxue_warehouse.mart_school_admission_stats"
[0m23:20:04.915228 [debug] [Thread-1 (]: On model.liuxue_warehouse.mart_school_admission_stats: /* {"app": "dbt", "dbt_version": "1.11.7", "profile_name": "liuxue", "target_name": "local", "node_id": "model.liuxue_warehouse.mart_school_admission_stats"} */
alter table "warehouse"."public"."mart_school_admission_stats" rename to "mart_school_admission_stats__dbt_backup"
[0m23:20:04.915628 [debug] [Thread-1 (]: SQL status: ALTER TABLE in 0.000 seconds
[0m23:20:04.917380 [debug] [Thread-1 (]: Using postgres connection "model.liuxue_warehouse.mart_school_admission_stats"
[0m23:20:04.917655 [debug] [Thread-1 (]: On model.liuxue_warehouse.mart_school_admission_stats: /* {"app": "dbt", "dbt_version": "1.11.7", "profile_name": "liuxue", "target_name": "local", "node_id": "model.liuxue_warehouse.mart_school_admission_stats"} */
alter table "warehouse"."public"."mart_school_admission_stats__dbt_tmp" rename to "mart_school_admission_stats"
[0m23:20:04.917982 [debug] [Thread-1 (]: SQL status: ALTER TABLE in 0.000 seconds
[0m23:20:04.918908 [debug] [Thread-1 (]: On model.liuxue_warehouse.mart_school_admission_stats: COMMIT
[0m23:20:04.919128 [debug] [Thread-1 (]: Using postgres connection "model.liuxue_warehouse.mart_school_admission_stats"
[0m23:20:04.919318 [debug] [Thread-1 (]: On model.liuxue_warehouse.mart_school_admission_stats: COMMIT
[0m23:20:04.920443 [debug] [Thread-1 (]: SQL status: COMMIT in 0.000 seconds
[0m23:20:04.921431 [debug] [Thread-1 (]: Applying DROP to: "warehouse"."public"."mart_school_admission_stats__dbt_backup"
[0m23:20:04.921838 [debug] [Thread-1 (]: Using postgres connection "model.liuxue_warehouse.mart_school_admission_stats"
[0m23:20:04.922034 [debug] [Thread-1 (]: On model.liuxue_warehouse.mart_school_admission_stats: /* {"app": "dbt", "dbt_version": "1.11.7", "profile_name": "liuxue", "target_name": "local", "node_id": "model.liuxue_warehouse.mart_school_admission_stats"} */
drop table if exists "warehouse"."public"."mart_school_admission_stats__dbt_backup" cascade
[0m23:20:04.923130 [debug] [Thread-1 (]: SQL status: DROP TABLE in 0.001 seconds
[0m23:20:04.923690 [debug] [Thread-1 (]: On model.liuxue_warehouse.mart_school_admission_stats: Close
[0m23:20:04.924004 [debug] [Thread-1 (]: Sending event: {'category': 'dbt', 'action': 'run_model', 'label': '23cd4696-68d6-41db-8431-15e36b0f44b9', 'context': [<snowplow_tracker.self_describing_json.SelfDescribingJson object at 0x773da93bb530>]}
[0m23:20:04.924293 [info ] [Thread-1 (]: 8 of 11 OK created sql table model public.mart_school_admission_stats .......... [[32mSELECT 39[0m in 0.02s]
[0m23:20:04.924557 [debug] [Thread-1 (]: Finished running node model.liuxue_warehouse.mart_school_admission_stats
[0m23:20:04.924863 [debug] [Thread-2 (]: Began running node model.liuxue_warehouse.dash_admission_overview
[0m23:20:04.925057 [debug] [Thread-1 (]: Began running node model.liuxue_warehouse.dash_competition_heatmap
[0m23:20:04.925289 [info ] [Thread-2 (]: 9 of 11 START sql table model public.dash_admission_overview ................... [RUN]
[0m23:20:04.925536 [info ] [Thread-1 (]: 10 of 11 START sql table model public.dash_competition_heatmap ................. [RUN]
[0m23:20:04.925749 [debug] [Thread-2 (]: Re-using an available connection from the pool (formerly model.liuxue_warehouse.feat_gpa_threshold, now model.liuxue_warehouse.dash_admission_overview)
[0m23:20:04.925968 [debug] [Thread-1 (]: Re-using an available connection from the pool (formerly model.liuxue_warehouse.mart_school_admission_stats, now model.liuxue_warehouse.dash_competition_heatmap)
[0m23:20:04.926163 [debug] [Thread-2 (]: Began compiling node model.liuxue_warehouse.dash_admission_overview
[0m23:20:04.926354 [debug] [Thread-1 (]: Began compiling node model.liuxue_warehouse.dash_competition_heatmap
[0m23:20:04.927472 [debug] [Thread-2 (]: Writing injected SQL for node "model.liuxue_warehouse.dash_admission_overview"
[0m23:20:04.928605 [debug] [Thread-1 (]: Writing injected SQL for node "model.liuxue_warehouse.dash_competition_heatmap"
[0m23:20:04.928920 [debug] [Thread-2 (]: Began executing node model.liuxue_warehouse.dash_admission_overview
[0m23:20:04.930462 [debug] [Thread-2 (]: Writing runtime sql for node "model.liuxue_warehouse.dash_admission_overview"
[0m23:20:04.930671 [debug] [Thread-1 (]: Began executing node model.liuxue_warehouse.dash_competition_heatmap
[0m23:20:04.932262 [debug] [Thread-1 (]: Writing runtime sql for node "model.liuxue_warehouse.dash_competition_heatmap"
[0m23:20:04.932523 [debug] [Thread-2 (]: Using postgres connection "model.liuxue_warehouse.dash_admission_overview"
[0m23:20:04.932730 [debug] [Thread-2 (]: On model.liuxue_warehouse.dash_admission_overview: /* {"app": "dbt", "dbt_version": "1.11.7", "profile_name": "liuxue", "target_name": "local", "node_id": "model.liuxue_warehouse.dash_admission_overview"} */

  
    

  create  table "warehouse"."public"."dash_admission_overview__dbt_tmp"
  
  
    as
  
  (
    -- BI看板：录取全景
SELECT
    competition_level,
    degree,
    COUNT(DISTINCT school) AS school_count,
    COUNT(DISTINCT program) AS program_count,
    ROUND(AVG(acceptance_rate)::numeric, 3) AS avg_acceptance_rate,
    ROUND(AVG(gpa_p50)::numeric, 2) AS avg_gpa_median,
    SUM(sample_size) AS total_samples
FROM "warehouse"."public"."mart_school_admission_stats"
GROUP BY competition_level, degree
ORDER BY degree, avg_acceptance_rate
  );
  
[0m23:20:04.932930 [debug] [Thread-2 (]: Opening a new connection, currently in state closed
[0m23:20:04.933163 [debug] [Thread-1 (]: Using postgres connection "model.liuxue_warehouse.dash_competition_heatmap"
[0m23:20:04.933383 [debug] [Thread-1 (]: On model.liuxue_warehouse.dash_competition_heatmap: /* {"app": "dbt", "dbt_version": "1.11.7", "profile_name": "liuxue", "target_name": "local", "node_id": "model.liuxue_warehouse.dash_competition_heatmap"} */

  
    

  create  table "warehouse"."public"."dash_competition_heatmap__dbt_tmp"
  
  
    as
  
  (
    -- BI看板：竞争烈度热力图（专业名称关键词分类）
SELECT
    CASE
        WHEN program ILIKE '%computer sci%' THEN 'CS'
        WHEN program ILIKE '%data sci%' THEN 'DS'
        WHEN program ILIKE '%electrical%' THEN 'EE'
        WHEN program ILIKE '%statistic%' THEN 'Stats'
        WHEN program ILIKE '%economics%' THEN 'Econ'
        WHEN program ILIKE '%finance%' THEN 'Finance'
        ELSE 'Other'
    END AS major_group,
    degree,
    ROUND(AVG(acceptance_rate)::numeric, 3) AS avg_acceptance_rate,
    ROUND(AVG(gpa_p50)::numeric, 2) AS avg_gpa_median,
    ROUND(AVG(competition_score)::numeric, 0) AS avg_competition_score,
    MAX(tier) AS top_tier,
    COUNT(*) AS program_count
FROM "warehouse"."public"."mart_school_admission_stats"
GROUP BY 1, degree
HAVING COUNT(*) >= 3
ORDER BY avg_competition_score DESC
  );
  
[0m23:20:04.933576 [debug] [Thread-1 (]: Opening a new connection, currently in state closed
[0m23:20:04.936144 [debug] [Thread-2 (]: SQL status: SELECT 5 in 0.003 seconds
[0m23:20:04.937541 [debug] [Thread-2 (]: Using postgres connection "model.liuxue_warehouse.dash_admission_overview"
[0m23:20:04.937764 [debug] [Thread-1 (]: SQL status: SELECT 2 in 0.004 seconds
[0m23:20:04.937974 [debug] [Thread-2 (]: On model.liuxue_warehouse.dash_admission_overview: /* {"app": "dbt", "dbt_version": "1.11.7", "profile_name": "liuxue", "target_name": "local", "node_id": "model.liuxue_warehouse.dash_admission_overview"} */
alter table "warehouse"."public"."dash_admission_overview" rename to "dash_admission_overview__dbt_backup"
[0m23:20:04.939335 [debug] [Thread-1 (]: Using postgres connection "model.liuxue_warehouse.dash_competition_heatmap"
[0m23:20:04.939565 [debug] [Thread-1 (]: On model.liuxue_warehouse.dash_competition_heatmap: /* {"app": "dbt", "dbt_version": "1.11.7", "profile_name": "liuxue", "target_name": "local", "node_id": "model.liuxue_warehouse.dash_competition_heatmap"} */
alter table "warehouse"."public"."dash_competition_heatmap" rename to "dash_competition_heatmap__dbt_backup"
[0m23:20:04.939754 [debug] [Thread-2 (]: SQL status: ALTER TABLE in 0.000 seconds
[0m23:20:04.940974 [debug] [Thread-2 (]: Using postgres connection "model.liuxue_warehouse.dash_admission_overview"
[0m23:20:04.941180 [debug] [Thread-1 (]: SQL status: ALTER TABLE in 0.001 seconds
[0m23:20:04.941359 [debug] [Thread-2 (]: On model.liuxue_warehouse.dash_admission_overview: /* {"app": "dbt", "dbt_version": "1.11.7", "profile_name": "liuxue", "target_name": "local", "node_id": "model.liuxue_warehouse.dash_admission_overview"} */
alter table "warehouse"."public"."dash_admission_overview__dbt_tmp" rename to "dash_admission_overview"
[0m23:20:04.942577 [debug] [Thread-1 (]: Using postgres connection "model.liuxue_warehouse.dash_competition_heatmap"
[0m23:20:04.942806 [debug] [Thread-1 (]: On model.liuxue_warehouse.dash_competition_heatmap: /* {"app": "dbt", "dbt_version": "1.11.7", "profile_name": "liuxue", "target_name": "local", "node_id": "model.liuxue_warehouse.dash_competition_heatmap"} */
alter table "warehouse"."public"."dash_competition_heatmap__dbt_tmp" rename to "dash_competition_heatmap"
[0m23:20:04.942993 [debug] [Thread-2 (]: SQL status: ALTER TABLE in 0.000 seconds
[0m23:20:04.943770 [debug] [Thread-2 (]: On model.liuxue_warehouse.dash_admission_overview: COMMIT
[0m23:20:04.943976 [debug] [Thread-1 (]: SQL status: ALTER TABLE in 0.001 seconds
[0m23:20:04.944162 [debug] [Thread-2 (]: Using postgres connection "model.liuxue_warehouse.dash_admission_overview"
[0m23:20:04.944925 [debug] [Thread-1 (]: On model.liuxue_warehouse.dash_competition_heatmap: COMMIT
[0m23:20:04.945120 [debug] [Thread-2 (]: On model.liuxue_warehouse.dash_admission_overview: COMMIT
[0m23:20:04.945307 [debug] [Thread-1 (]: Using postgres connection "model.liuxue_warehouse.dash_competition_heatmap"
[0m23:20:04.945502 [debug] [Thread-1 (]: On model.liuxue_warehouse.dash_competition_heatmap: COMMIT
[0m23:20:04.945806 [debug] [Thread-2 (]: SQL status: COMMIT in 0.000 seconds
[0m23:20:04.946775 [debug] [Thread-2 (]: Applying DROP to: "warehouse"."public"."dash_admission_overview__dbt_backup"
[0m23:20:04.946979 [debug] [Thread-1 (]: SQL status: COMMIT in 0.001 seconds
[0m23:20:04.947362 [debug] [Thread-2 (]: Using postgres connection "model.liuxue_warehouse.dash_admission_overview"
[0m23:20:04.948831 [debug] [Thread-1 (]: Applying DROP to: "warehouse"."public"."dash_competition_heatmap__dbt_backup"
[0m23:20:04.949045 [debug] [Thread-2 (]: On model.liuxue_warehouse.dash_admission_overview: /* {"app": "dbt", "dbt_version": "1.11.7", "profile_name": "liuxue", "target_name": "local", "node_id": "model.liuxue_warehouse.dash_admission_overview"} */
drop table if exists "warehouse"."public"."dash_admission_overview__dbt_backup" cascade
[0m23:20:04.949461 [debug] [Thread-1 (]: Using postgres connection "model.liuxue_warehouse.dash_competition_heatmap"
[0m23:20:04.949681 [debug] [Thread-1 (]: On model.liuxue_warehouse.dash_competition_heatmap: /* {"app": "dbt", "dbt_version": "1.11.7", "profile_name": "liuxue", "target_name": "local", "node_id": "model.liuxue_warehouse.dash_competition_heatmap"} */
drop table if exists "warehouse"."public"."dash_competition_heatmap__dbt_backup" cascade
[0m23:20:04.950502 [debug] [Thread-2 (]: SQL status: DROP TABLE in 0.001 seconds
[0m23:20:04.951088 [debug] [Thread-2 (]: On model.liuxue_warehouse.dash_admission_overview: Close
[0m23:20:04.951288 [debug] [Thread-1 (]: SQL status: DROP TABLE in 0.001 seconds
[0m23:20:04.951895 [debug] [Thread-1 (]: On model.liuxue_warehouse.dash_competition_heatmap: Close
[0m23:20:04.952171 [debug] [Thread-2 (]: Sending event: {'category': 'dbt', 'action': 'run_model', 'label': '23cd4696-68d6-41db-8431-15e36b0f44b9', 'context': [<snowplow_tracker.self_describing_json.SelfDescribingJson object at 0x773da93d0920>]}
[0m23:20:04.952719 [debug] [Thread-1 (]: Sending event: {'category': 'dbt', 'action': 'run_model', 'label': '23cd4696-68d6-41db-8431-15e36b0f44b9', 'context': [<snowplow_tracker.self_describing_json.SelfDescribingJson object at 0x773da93d2de0>]}
[0m23:20:04.952504 [info ] [Thread-2 (]: 9 of 11 OK created sql table model public.dash_admission_overview .............. [[32mSELECT 5[0m in 0.03s]
[0m23:20:04.953071 [info ] [Thread-1 (]: 10 of 11 OK created sql table model public.dash_competition_heatmap ............ [[32mSELECT 2[0m in 0.03s]
[0m23:20:04.953351 [debug] [Thread-2 (]: Finished running node model.liuxue_warehouse.dash_admission_overview
[0m23:20:04.953602 [debug] [Thread-1 (]: Finished running node model.liuxue_warehouse.dash_competition_heatmap
[0m23:20:04.953809 [debug] [Thread-2 (]: Began running node model.liuxue_warehouse.dash_top_schools
[0m23:20:04.954082 [info ] [Thread-2 (]: 11 of 11 START sql table model public.dash_top_schools ......................... [RUN]
[0m23:20:04.954293 [debug] [Thread-2 (]: Re-using an available connection from the pool (formerly model.liuxue_warehouse.dash_admission_overview, now model.liuxue_warehouse.dash_top_schools)
[0m23:20:04.954470 [debug] [Thread-2 (]: Began compiling node model.liuxue_warehouse.dash_top_schools
[0m23:20:04.955601 [debug] [Thread-2 (]: Writing injected SQL for node "model.liuxue_warehouse.dash_top_schools"
[0m23:20:04.955882 [debug] [Thread-2 (]: Began executing node model.liuxue_warehouse.dash_top_schools
[0m23:20:04.957512 [debug] [Thread-2 (]: Writing runtime sql for node "model.liuxue_warehouse.dash_top_schools"
[0m23:20:04.957803 [debug] [Thread-2 (]: Using postgres connection "model.liuxue_warehouse.dash_top_schools"
[0m23:20:04.958010 [debug] [Thread-2 (]: On model.liuxue_warehouse.dash_top_schools: /* {"app": "dbt", "dbt_version": "1.11.7", "profile_name": "liuxue", "target_name": "local", "node_id": "model.liuxue_warehouse.dash_top_schools"} */

  
    

  create  table "warehouse"."public"."dash_top_schools__dbt_tmp"
  
  
    as
  
  (
    -- BI看板：Top 20 热门学校
SELECT
    school,
    degree,
    COUNT(DISTINCT program) AS program_diversity,
    SUM(sample_size) AS total_samples,
    ROUND(AVG(acceptance_rate)::numeric, 3) AS avg_acceptance_rate,
    ROUND(AVG(gpa_p50)::numeric, 2) AS avg_gpa_median,
    MAX(tier) AS top_tier
FROM "warehouse"."public"."mart_school_admission_stats"
GROUP BY school, degree
HAVING SUM(sample_size) >= 20
ORDER BY total_samples DESC
LIMIT 20
  );
  
[0m23:20:04.958207 [debug] [Thread-2 (]: Opening a new connection, currently in state closed
[0m23:20:04.961611 [debug] [Thread-2 (]: SQL status: SELECT 0 in 0.003 seconds
[0m23:20:04.962993 [debug] [Thread-2 (]: Using postgres connection "model.liuxue_warehouse.dash_top_schools"
[0m23:20:04.963195 [debug] [Thread-2 (]: On model.liuxue_warehouse.dash_top_schools: /* {"app": "dbt", "dbt_version": "1.11.7", "profile_name": "liuxue", "target_name": "local", "node_id": "model.liuxue_warehouse.dash_top_schools"} */
alter table "warehouse"."public"."dash_top_schools" rename to "dash_top_schools__dbt_backup"
[0m23:20:04.963489 [debug] [Thread-2 (]: SQL status: ALTER TABLE in 0.000 seconds
[0m23:20:04.964707 [debug] [Thread-2 (]: Using postgres connection "model.liuxue_warehouse.dash_top_schools"
[0m23:20:04.964906 [debug] [Thread-2 (]: On model.liuxue_warehouse.dash_top_schools: /* {"app": "dbt", "dbt_version": "1.11.7", "profile_name": "liuxue", "target_name": "local", "node_id": "model.liuxue_warehouse.dash_top_schools"} */
alter table "warehouse"."public"."dash_top_schools__dbt_tmp" rename to "dash_top_schools"
[0m23:20:04.965154 [debug] [Thread-2 (]: SQL status: ALTER TABLE in 0.000 seconds
[0m23:20:04.965885 [debug] [Thread-2 (]: On model.liuxue_warehouse.dash_top_schools: COMMIT
[0m23:20:04.966073 [debug] [Thread-2 (]: Using postgres connection "model.liuxue_warehouse.dash_top_schools"
[0m23:20:04.966245 [debug] [Thread-2 (]: On model.liuxue_warehouse.dash_top_schools: COMMIT
[0m23:20:04.966739 [debug] [Thread-2 (]: SQL status: COMMIT in 0.000 seconds
[0m23:20:04.967680 [debug] [Thread-2 (]: Applying DROP to: "warehouse"."public"."dash_top_schools__dbt_backup"
[0m23:20:04.968074 [debug] [Thread-2 (]: Using postgres connection "model.liuxue_warehouse.dash_top_schools"
[0m23:20:04.968258 [debug] [Thread-2 (]: On model.liuxue_warehouse.dash_top_schools: /* {"app": "dbt", "dbt_version": "1.11.7", "profile_name": "liuxue", "target_name": "local", "node_id": "model.liuxue_warehouse.dash_top_schools"} */
drop table if exists "warehouse"."public"."dash_top_schools__dbt_backup" cascade
[0m23:20:04.969244 [debug] [Thread-2 (]: SQL status: DROP TABLE in 0.001 seconds
[0m23:20:04.969793 [debug] [Thread-2 (]: On model.liuxue_warehouse.dash_top_schools: Close
[0m23:20:04.970097 [debug] [Thread-2 (]: Sending event: {'category': 'dbt', 'action': 'run_model', 'label': '23cd4696-68d6-41db-8431-15e36b0f44b9', 'context': [<snowplow_tracker.self_describing_json.SelfDescribingJson object at 0x773da93838c0>]}
[0m23:20:04.970390 [info ] [Thread-2 (]: 11 of 11 OK created sql table model public.dash_top_schools .................... [[32mSELECT 0[0m in 0.02s]
[0m23:20:04.970655 [debug] [Thread-2 (]: Finished running node model.liuxue_warehouse.dash_top_schools
[0m23:20:04.971185 [debug] [MainThread]: On master: COMMIT
[0m23:20:04.971381 [debug] [MainThread]: Using postgres connection "master"
[0m23:20:04.971537 [debug] [MainThread]: On master: COMMIT
[0m23:20:04.971683 [debug] [MainThread]: Opening a new connection, currently in state closed
[0m23:20:04.973970 [debug] [MainThread]: SQL status: COMMIT in 0.002 seconds
[0m23:20:04.974165 [debug] [MainThread]: On master: Close
[0m23:20:04.974415 [debug] [MainThread]: Connection 'master' was properly closed.
[0m23:20:04.974575 [debug] [MainThread]: Connection 'model.liuxue_warehouse.dash_competition_heatmap' was properly closed.
[0m23:20:04.974718 [debug] [MainThread]: Connection 'model.liuxue_warehouse.dash_top_schools' was properly closed.
[0m23:20:04.974916 [info ] [MainThread]: 
[0m23:20:04.975090 [info ] [MainThread]: Finished running 9 table models, 2 view models in 0 hours 0 minutes and 0.27 seconds (0.27s).
[0m23:20:04.975870 [debug] [MainThread]: Command end result
[0m23:20:04.983996 [debug] [MainThread]: Wrote artifact WritableManifest to /home/zp/work/guoji-agent/dbt_liuxue/target/manifest.json
[0m23:20:04.984850 [debug] [MainThread]: Wrote artifact SemanticManifest to /home/zp/work/guoji-agent/dbt_liuxue/target/semantic_manifest.json
[0m23:20:04.987600 [debug] [MainThread]: Wrote artifact RunExecutionResult to /home/zp/work/guoji-agent/dbt_liuxue/target/run_results.json
[0m23:20:04.987803 [info ] [MainThread]: 
[0m23:20:04.987994 [info ] [MainThread]: [32mCompleted successfully[0m
[0m23:20:04.988154 [info ] [MainThread]: 
[0m23:20:04.988321 [info ] [MainThread]: Done. PASS=11 WARN=0 ERROR=0 SKIP=0 NO-OP=0 TOTAL=11
[0m23:20:04.988781 [debug] [MainThread]: Resource report: {"command_name": "run", "command_success": true, "command_wall_clock_time": 0.7548057, "process_in_blocks": "0", "process_kernel_time": 0.075466, "process_mem_max_rss": "132476", "process_out_blocks": "3280", "process_user_time": 1.366337}
[0m23:20:04.989032 [debug] [MainThread]: Command `dbt run` succeeded at 23:20:04.988987 after 0.76 seconds
[0m23:20:04.989230 [debug] [MainThread]: Sending event: {'category': 'dbt', 'action': 'invocation', 'label': 'end', 'context': [<snowplow_tracker.self_describing_json.SelfDescribingJson object at 0x773db74833b0>, <snowplow_tracker.self_describing_json.SelfDescribingJson object at 0x773db55f6e40>, <snowplow_tracker.self_describing_json.SelfDescribingJson object at 0x773db51d8080>]}
[0m23:20:04.989430 [debug] [MainThread]: Flushing usage events
[0m23:20:07.862409 [debug] [MainThread]: An error was encountered while trying to flush usage events
